"id","category","subcategory","question","answer","keywords","difficulty","source","source_url","medical_safety_level"
1,"Blood Basics","is","What is blood?","Blood is a specialized liquid connective tissue circulating through the cardiovascular system that transports oxygen, vital nutrients, cellular hormones, and metabolic waste products while maintaining body temperature and immune defense.","blood,definition,body fluid,connective tissue","beginner","World Health Organization (WHO)","https://www.who.int/campaigns/world-blood-donor-day","educational"
2,"Blood Basics","does","What does blood do?","Blood carries oxygen from the lungs to every cell, transports glucose and amino acids, removes carbon dioxide to the lungs, filters toxins toward kidneys and liver, circulates disease-fighting antibodies, and maintains fluid and pH balance.","blood functions,oxygen transport,nutrients,waste","beginner","World Health Organization (WHO)","https://www.who.int/campaigns/world-blood-donor-day","educational"
3,"Blood Basics","is","Why is blood important?","Blood is essential for life because organs and tissues require a constant supply of oxygen and fuel to survive. Without adequate blood volume and circulation, cellular hypoxia and irreversible organ failure quickly occur.","importance of blood,cellular survival,oxygenation","beginner","World Health Organization (WHO)","https://www.who.int/campaigns/world-blood-donor-day","educational"
4,"Blood Basics","are","What are the functions of blood?","The primary functions are transportation (oxygen, nutrients, hormones, wastes), regulation (core temperature, acid-base pH, fluid volume), and protection (immune defenses against pathogens, blood clotting to stop hemorrhage).","functions of blood,transportation,regulation,protection","intermediate","World Health Organization (WHO)","https://www.who.int/campaigns/world-blood-donor-day","educational"
5,"Blood Basics","much","How much blood does an adult human have?","An average adult human body contains approximately 4.5 to 5.5 liters (about 8 to 10 pints) of blood, making up approximately 7% to 8% of total body weight.","blood volume,adult body,liters,pints","beginner","World Health Organization (WHO)","https://www.who.int/campaigns/world-blood-donor-day","educational"
6,"Blood Basics","is","Why is blood red?","Blood appears red due to hemoglobin, an iron-containing protein within red blood cells. When oxygen binds to hemoglobin, it reflects bright scarlet red light; when deoxygenated in veins, it reflects a darker, deeper crimson red.","why blood is red,hemoglobin,iron,oxygenated","beginner","World Health Organization (WHO)","https://www.who.int/campaigns/world-blood-donor-day","educational"
7,"Blood Basics","human","Is human blood ever blue inside the body?","No. Human blood is never blue. Oxygenated blood is bright red, and deoxygenated blood is dark crimson red. Veins only appear bluish through the skin because subcutaneous fat and skin layers absorb red wavelengths while scattering blue light.","blue blood myth,deoxygenated blood,skin optics","beginner","World Health Organization (WHO)","https://www.who.int/campaigns/world-blood-donor-day","educational"
8,"Blood Basics","is","What is the normal pH of human blood?","The normal physiological pH range of arterial blood is tightly maintained between 7.35 and 7.45, making it slightly alkaline. Any deviation below 7.35 (acidosis) or above 7.45 (alkalosis) can disrupt cellular enzymes.","blood pH,alkaline,homeostasis,acidosis","intermediate","World Health Organization (WHO)","https://www.who.int/campaigns/world-blood-donor-day","educational"
9,"Blood Basics","is","What is hematocrit?","Hematocrit (Hct) is the volumetric percentage of whole blood made up of red blood cells. Normal values typically range from 38% to 48% for adult women and 40% to 54% for adult men.","hematocrit,percentage,red blood cells,blood volume","intermediate","World Health Organization (WHO)","https://www.who.int/campaigns/world-blood-donor-day","educational"
10,"Blood Basics","is","What is the temperature of circulating blood?","Circulating blood operates at approximately 37°C to 38°C (98.6°F to 100.4°F), slightly warmer than average superficial body temperature, helping distribute core heat evenly across peripheral limbs.","blood temperature,thermoregulation,core temperature","beginner","World Health Organization (WHO)","https://www.who.int/campaigns/world-blood-donor-day","educational"
11,"Blood Basics","fast","How fast does blood travel through the body?","A single drop of blood takes roughly 20 to 60 seconds to complete an entire circulatory loop from the heart through the lungs, out to peripheral capillaries, and back to the heart.","circulation speed,cardiovascular transit,transit time","intermediate","World Health Organization (WHO)","https://www.who.int/campaigns/world-blood-donor-day","educational"
12,"Blood Basics","is","Where is blood produced in the body?","Blood cells are continuously produced through hematopoiesis primarily in the red bone marrow found inside spongy bones such as the pelvis, sternum, ribs, vertebrae, and ends of the femur and humerus.","hematopoiesis,bone marrow,blood production","beginner","World Health Organization (WHO)","https://www.who.int/campaigns/world-blood-donor-day","educational"
13,"Blood Basics","is","What is hematopoiesis?","Hematopoiesis is the biological process by which multipotent hematopoietic stem cells (HSCs) in the bone marrow differentiate into mature red blood cells, white blood cells, and platelets.","hematopoiesis,stem cells,differentiation","advanced","World Health Organization (WHO)","https://www.who.int/campaigns/world-blood-donor-day","educational"
14,"Blood Basics","artificial","Can artificial blood replace real blood?","Currently, there is no true synthetic substitute that can replicate all complex functions of human blood (clotting, immune defense, and oxygen exchange). Safe transfusions depend completely on voluntary blood donors.","synthetic blood,artificial blood,substitutes","intermediate","World Health Organization (WHO)","https://www.who.int/campaigns/world-blood-donor-day","educational"
15,"Blood Basics","long","How long can a person survive without blood circulation?","Brain tissue begins suffering irreversible damage within 3 to 5 minutes of total circulatory arrest due to oxygen deprivation. Immediate CPR and blood flow restoration are vital.","cardiac arrest,oxygen deprivation,brain survival","intermediate","World Health Organization (WHO)","https://www.who.int/campaigns/world-blood-donor-day","educational"
16,"Blood Functions","does","How does blood transport oxygen?","Red blood cells contain millions of hemoglobin molecules. In pulmonary capillaries, oxygen molecules bind reversibly to the iron atoms in hemoglobin, forming oxyhemoglobin, which is carried to tissue capillaries.","oxygen transport,hemoglobin,lungs,tissues","intermediate","National Health Service (NHS Blood and Transplant)","https://www.blood.co.uk/","educational"
17,"Blood Functions","does","How does blood remove carbon dioxide from tissues?","Carbon dioxide produced by cellular metabolism diffuses into blood and is transported in three ways: dissolved in plasma (7%), bound to hemoglobin as carbaminohemoglobin (23%), and converted to bicarbonate ions (70%) by carbonic anhydrase.","carbon dioxide removal,bicarbonate,respiratory exchange","advanced","National Health Service (NHS Blood and Transplant)","https://www.blood.co.uk/","educational"
18,"Blood Functions","does","How does blood regulate core body temperature?","By altering blood vessel diameter: vasodilation widens surface capillaries to dissipate excess heat through the skin, whereas vasoconstriction redirects blood flow to deep core organs to preserve warmth in cold environments.","thermoregulation,vasodilation,vasoconstriction","intermediate","National Health Service (NHS Blood and Transplant)","https://www.blood.co.uk/","educational"
19,"Blood Functions","does","How does blood fight biological infections?","White blood cells (leukocytes) identify and engulf bacteria through phagocytosis, while specialized B-lymphocytes produce targeted antibodies and T-lymphocytes destroy virally infected and abnormal host cells.","immune defense,leukocytes,phagocytosis,antibodies","intermediate","National Health Service (NHS Blood and Transplant)","https://www.blood.co.uk/","educational"
20,"Blood Functions","does","How does blood stop bleeding from wounds?","Hemostasis occurs in three progressive stages: vascular spasm (arteriolar constriction), formation of a platelet plug at the breach site, and coagulation cascade activating fibrin threads to solidify the clot.","hemostasis,clotting,vascular spasm,platelet plug","intermediate","National Health Service (NHS Blood and Transplant)","https://www.blood.co.uk/","educational"
21,"Blood Functions","does","How does blood deliver nutrients to cells?","Digested carbohydrates, proteins, lipids, vitamins, and minerals absorbed in the small intestine enter mesenteric blood capillaries and hepatic portal veins, which disperse them to body cells.","nutrient transport,metabolism,glucose,amino acids","beginner","National Health Service (NHS Blood and Transplant)","https://www.blood.co.uk/","educational"
22,"Blood Functions","does","How does blood transport endocrine hormones?","Endocrine glands (such as the pituitary, thyroid, adrenals, and pancreas) secrete hormones directly into surrounding blood capillaries, which circulate them systemically to target organ receptors.","endocrine hormones,hormonal transport,receptor binding","intermediate","National Health Service (NHS Blood and Transplant)","https://www.blood.co.uk/","educational"
23,"Blood Functions","does","How does blood maintain acid-base balance?","Blood maintains a stable pH of 7.35 to 7.45 using chemical buffering systems, predominantly the bicarbonate-carbonic acid buffer ($H^+ + HCO_3^- \leftrightarrow H_2CO_3 \leftrightarrow H_2O + CO_2$), working alongside renal and respiratory regulation.","acid-base balance,bicarbonate buffer,pH homeostasis","advanced","National Health Service (NHS Blood and Transplant)","https://www.blood.co.uk/","educational"
24,"Blood Functions","is","What is the role of blood in fluid balance?","Plasma proteins, particularly albumin, generate colloid osmotic pressure (oncotic pressure) that draws interstitial fluid back into venous capillaries, preventing tissue edema.","colloid osmotic pressure,albumin,fluid balance,edema","intermediate","National Health Service (NHS Blood and Transplant)","https://www.blood.co.uk/","educational"
25,"Blood Functions","does","How does blood remove metabolic waste products?","Blood collects cellular waste such as urea, creatinine, uric acid, and excess ions and routes them through the renal arteries to kidney nephrons for excretion in urine.","waste excretion,kidneys,urea,creatinine","intermediate","National Health Service (NHS Blood and Transplant)","https://www.blood.co.uk/","educational"
26,"Blood Composition","are","What are the four main components of blood?","Whole blood consists of approximately 55% liquid plasma and 45% formed cellular elements: red blood cells (erythrocytes), white blood cells (leukocytes), and platelets (thrombocytes).","components of blood,plasma,RBC,WBC,platelets","beginner","American Red Cross Blood Services","https://www.redcrossblood.org/","educational"
27,"Blood Composition","percentage","What percentage of blood is liquid plasma?","Plasma makes up approximately 55% of total blood volume. It is a pale yellow liquid comprising 90% to 92% water, 7% to 8% proteins (albumin, globulins, fibrinogen), and 1% dissolved electrolytes, nutrients, and gases.","plasma percentage,water,blood volume,proteins","beginner","American Red Cross Blood Services","https://www.redcrossblood.org/","educational"
28,"Blood Composition","percentage","What percentage of blood is cellular?","The cellular portion accounts for roughly 45% of total blood volume, with red blood cells constituting over 99% of these formed elements, and white cells and platelets occupying less than 1% (the buffy coat).","cellular percentage,formed elements,buffy coat","intermediate","American Red Cross Blood Services","https://www.redcrossblood.org/","educational"
29,"Blood Composition","is","What is the buffy coat in centrifuged blood?","When whole blood is centrifuged, the buffy coat is the thin grayish-white intermediate layer positioned between the lower dense red cell pack and the upper liquid plasma. It contains leukocytes and platelets.","buffy coat,centrifugation,leukocytes,platelets","intermediate","American Red Cross Blood Services","https://www.redcrossblood.org/","educational"
30,"Blood Composition","proteins","What proteins are present in blood plasma?","The major plasma proteins synthesized mainly by the liver are serum albumin (maintains oncotic pressure), globulins (alpha, beta, and gamma immunoglobulins for immunity and transport), and fibrinogen (clotting factor).","plasma proteins,albumin,globulin,fibrinogen","intermediate","American Red Cross Blood Services","https://www.redcrossblood.org/","educational"
31,"Blood Composition","is","What is blood serum and how does it differ from plasma?","Serum is the liquid part of blood that remains after coagulation has occurred. It contains all plasma proteins and electrolytes except fibrinogen and clotting factors, which have been consumed in the blood clot.","serum vs plasma,coagulation,fibrinogen","intermediate","American Red Cross Blood Services","https://www.redcrossblood.org/","educational"
32,"Blood Composition","electrolytes","What electrolytes are dissolved in human plasma?","Key plasma electrolytes include sodium ($Na^+$), potassium ($K^+$), calcium ($Ca^{2+}$), magnesium ($Mg^{2+}$), chloride ($Cl^-$), bicarbonate ($HCO_3^-$), and phosphate ($HPO_4^{2-}$), critical for nerve impulse conduction and osmotic tone.","electrolytes,sodium,potassium,calcium,osmotic pressure","intermediate","American Red Cross Blood Services","https://www.redcrossblood.org/","educational"
33,"Blood Composition","are","How are the cellular components of blood separated after donation?","Donated whole blood is placed in high-speed refrigerated centrifuges. Due to varying densities, red blood cells settle to the bottom, the buffy coat forms in the center, and plasma stays on top, allowing component separation.","component separation,centrifuge,fractionation","beginner","American Red Cross Blood Services","https://www.redcrossblood.org/","educational"
34,"Blood Composition","is","Why is component therapy better than transfusing whole blood?","Component therapy enables targeted treatment: a single whole blood unit can be separated to supply RBCs for anemic patients, platelets for cancer chemotherapy, and plasma for burn or trauma coagulopathy, helping multiple patients.","component therapy,fractionation,transfusion efficiency","beginner","American Red Cross Blood Services","https://www.redcrossblood.org/","educational"
35,"Blood Composition","blood","Can blood components be stored together?","No. Each component requires distinct storage conditions: red blood cells need refrigeration at 1°C to 6°C, platelets need continuous room temperature agitation at 20°C to 24°C, and plasma is frozen at -18°C or below.","component storage,temperatures,cold chain","intermediate","American Red Cross Blood Services","https://www.redcrossblood.org/","educational"
36,"Red Blood Cells","are","What are red blood cells?","Red blood cells (erythrocytes) are biconcave disc-shaped cells specialized for transporting respiratory gases, carrying oxygen from the lungs to peripheral tissues and returning carbon dioxide.","red blood cells,erythrocytes,oxygen carriers","beginner","AABB (Association for the Advancement of Blood & Biotherapies)","https://www.aabb.org/","educational"
37,"Red Blood Cells","do","Why do red blood cells have a biconcave shape?","The biconcave disc shape maximizes surface-area-to-volume ratio for rapid gas diffusion and provides flexibility to deform smoothly through tiny capillary vessels narrower than the cells themselves.","biconcave disc,surface area,capillary transit","intermediate","AABB (Association for the Advancement of Blood & Biotherapies)","https://www.aabb.org/","educational"
38,"Red Blood Cells","mature","Do mature human red blood cells have a nucleus?","No. Mature human erythrocytes extrude their nuclei and mitochondria during maturation in the bone marrow. This provides maximum space for hemoglobin but prevents them from dividing or repairing themselves.","erythrocyte nucleus,enucleated,mitochondria","intermediate","AABB (Association for the Advancement of Blood & Biotherapies)","https://www.aabb.org/","educational"
39,"Red Blood Cells","is","What is the lifespan of a red blood cell?","The average lifespan of a mature circulating red blood cell is approximately 120 days. Aging, fragile erythrocytes are systematically filtered out and phagocytosed by macrophages in the spleen and liver.","RBC lifespan,120 days,spleen,erythrocyte turnover","beginner","AABB (Association for the Advancement of Blood & Biotherapies)","https://www.aabb.org/","educational"
40,"Red Blood Cells","many","How many red blood cells does a human have?","An average adult has about 20 to 30 trillion red blood cells in circulation at any moment, representing approximately 80% of all cells in the human body by count.","erythrocyte count,trillion cells,blood count","beginner","AABB (Association for the Advancement of Blood & Biotherapies)","https://www.aabb.org/","educational"
41,"Red Blood Cells","many","How many red blood cells are produced every second?","The human bone marrow generates approximately 2 to 3 million new red blood cells every second to balance continuous natural destruction of senescent cells.","erythropoiesis rate,bone marrow,RBC production per second","intermediate","AABB (Association for the Advancement of Blood & Biotherapies)","https://www.aabb.org/","educational"
42,"Red Blood Cells","hormone","What hormone stimulates red blood cell production?","Erythropoietin (EPO), a glycoprotein hormone secreted primarily by specialized interstitial peritubular cells of the kidneys in response to tissue hypoxia, stimulates erythropoiesis in the bone marrow.","erythropoietin,EPO,kidneys,hypoxia","intermediate","AABB (Association for the Advancement of Blood & Biotherapies)","https://www.aabb.org/","educational"
43,"Red Blood Cells","nutrients","What nutrients are required to produce healthy red blood cells?","Essential nutrients include iron (core atom of heme), vitamin B12 (cobalamin), folate (vitamin B9, essential for DNA synthesis), and protein amino acids. Deficiencies lead to specific anemias.","RBC nutrients,iron,vitamin B12,folate","beginner","AABB (Association for the Advancement of Blood & Biotherapies)","https://www.aabb.org/","educational"
44,"Red Blood Cells","happens","What happens to hemoglobin when red blood cells die?","Macrophages break down hemoglobin: the globin protein is hydrolyzed into amino acids; iron is salvaged and stored as ferritin or hemosiderin; and the heme porphyrin ring is converted to biliverdin and then bilirubin.","hemoglobin breakdown,iron recycling,bilirubin","advanced","AABB (Association for the Advancement of Blood & Biotherapies)","https://www.aabb.org/","educational"
45,"Red Blood Cells","is","What is a reticulocyte?","A reticulocyte is an immature red blood cell recently released from the bone marrow into peripheral circulation. It retains residual ribosomal RNA for 1 to 2 days before maturing into a definitive erythrocyte.","reticulocyte,immature RBC,bone marrow activity","intermediate","AABB (Association for the Advancement of Blood & Biotherapies)","https://www.aabb.org/","educational"
46,"Red Blood Cells","does","What does an elevated reticulocyte count indicate?","An elevated reticulocyte count (reticulocytosis) indicates accelerated erythropoiesis, commonly observed as the marrow compensates for acute hemorrhage, hemolysis, or effective treatment of iron/B12 deficiency.","reticulocytosis,erythropoiesis,hemolysis compensation","advanced","AABB (Association for the Advancement of Blood & Biotherapies)","https://www.aabb.org/","educational"
47,"Red Blood Cells","is","What is the medical term for low red blood cell count?","Anemia is the clinical condition characterized by a subnormal quantity of erythrocytes, low hemoglobin concentration, or reduced hematocrit, diminishing oxygen transport to tissues.","anemia,low RBC,hemoglobin deficiency","beginner","AABB (Association for the Advancement of Blood & Biotherapies)","https://www.aabb.org/","educational"
48,"Red Blood Cells","is","What is the medical term for high red blood cell count?","Polycythemia (or erythrocytosis) is an abnormally high concentration of red blood cells, which increases blood viscosity and raises risks of thrombosis and cardiovascular strain.","polycythemia,erythrocytosis,blood viscosity","intermediate","AABB (Association for the Advancement of Blood & Biotherapies)","https://www.aabb.org/","educational"
49,"Red Blood Cells","are","How are red blood cells stored for transfusion?","Packed red blood cells are preserved in anticoagulant/preservative solutions (such as CPDA-1 or SAGM) and refrigerated at strictly regulated temperatures between 1°C and 6°C for up to 35 to 42 days.","RBC storage,refrigeration,SAGM,shelf life","intermediate","AABB (Association for the Advancement of Blood & Biotherapies)","https://www.aabb.org/","educational"
50,"Red Blood Cells","is","What is the shelf life of refrigerated packed red blood cells?","Depending on the additive solution used, packed red blood cells have an approved clinical shelf life of 35 days (with CPDA-1) to 42 days (with additive solutions like AS-1, AS-3, or SAGM).","RBC shelf life,35 days,42 days,CPDA-1","beginner","AABB (Association for the Advancement of Blood & Biotherapies)","https://www.aabb.org/","educational"
51,"White Blood Cells","are","What are white blood cells?","White blood cells (leukocytes) are nucleated cellular components of blood and the immune system responsible for defending the body against infectious microorganisms, foreign antigens, and neoplastic cells.","white blood cells,leukocytes,immune system","beginner","Centers for Disease Control and Prevention (CDC)","https://www.cdc.gov/","educational"
52,"White Blood Cells","are","What are the five main types of white blood cells?","The five types are categorized into granulocytes (neutrophils, eosinophils, and basophils) and agranulocytes (lymphocytes and monocytes), each performing specialized defense roles.","leukocyte types,neutrophils,lymphocytes,monocytes,granulocytes","intermediate","Centers for Disease Control and Prevention (CDC)","https://www.cdc.gov/","educational"
53,"White Blood Cells","is","What is the function of neutrophils?","Neutrophils are the most abundant white blood cells (50% to 70%), functioning as rapid first responders that migrate to sites of acute bacterial infection to engulf and kill pathogens through phagocytosis.","neutrophils,phagocytosis,acute infection,first responders","intermediate","Centers for Disease Control and Prevention (CDC)","https://www.cdc.gov/","educational"
54,"White Blood Cells","do","What do lymphocytes do?","Lymphocytes (20% to 40% of leukocytes) mediate adaptive immunity: B-lymphocytes synthesize antigen-specific antibodies, T-lymphocytes destroy virus-infected cells and modulate immunity, and Natural Killer (NK) cells eliminate tumor cells.","lymphocytes,B-cells,T-cells,adaptive immunity,antibodies","intermediate","Centers for Disease Control and Prevention (CDC)","https://www.cdc.gov/","educational"
55,"White Blood Cells","is","What is the role of monocytes in blood?","Monocytes circulate in the bloodstream for 1 to 3 days before migrating into peripheral tissues, where they differentiate into macrophages and dendritic cells to ingest cellular debris and present antigens.","monocytes,macrophages,antigen presentation","intermediate","Centers for Disease Control and Prevention (CDC)","https://www.cdc.gov/","educational"
56,"White Blood Cells","do","What do eosinophils do?","Eosinophils (1% to 4% of leukocytes) defend against multicellular parasites (such as helminths) and release cytotoxic granules involved in modulating allergic inflammatory reactions like asthma.","eosinophils,parasites,allergies,inflammation","intermediate","Centers for Disease Control and Prevention (CDC)","https://www.cdc.gov/","educational"
57,"White Blood Cells","is","What is the role of basophils?","Basophils are the rarest leukocytes (< 1%). They contain histamine and heparin granules that promote inflammatory vasodilation and mediate immediate hypersensitivity and allergic responses.","basophils,histamine,heparin,allergic reaction","intermediate","Centers for Disease Control and Prevention (CDC)","https://www.cdc.gov/","educational"
58,"White Blood Cells","is","What is a normal white blood cell count?","A normal total white blood cell count for healthy adults typically ranges from 4,000 to 11,000 leukocytes per microliter ($\mu L$) of whole blood.","normal WBC count,leukocyte range,microliter","beginner","Centers for Disease Control and Prevention (CDC)","https://www.cdc.gov/","educational"
59,"White Blood Cells","is","What is leukocytosis?","Leukocytosis refers to an elevated white blood cell count above 11,000/$\mu L$, commonly triggered by acute bacterial infections, systemic inflammation, physical trauma, severe stress, or hematological malignancies.","leukocytosis,high WBC,infection marker","intermediate","Centers for Disease Control and Prevention (CDC)","https://www.cdc.gov/","educational"
60,"White Blood Cells","is","What is leukopenia?","Leukopenia is an abnormally low white blood cell count (below 4,000/$\mu L$), which significantly impairs immune defenses, commonly caused by viral infections, autoimmune conditions, bone marrow suppression, or chemotherapy.","leukopenia,low WBC,immunosuppression","intermediate","Centers for Disease Control and Prevention (CDC)","https://www.cdc.gov/","educational"
61,"White Blood Cells","are","Why are white blood cells removed from donated blood?","Leukoreduction (filtering out white blood cells from donated units) prevents non-hemolytic febrile transfusion reactions, decreases HLA alloimmunization, and reduces transmission of intracellular viruses like cytomegalovirus (CMV).","leukoreduction,febrile reaction,HLA alloimmunization,CMV","advanced","Centers for Disease Control and Prevention (CDC)","https://www.cdc.gov/","educational"
62,"White Blood Cells","is","What is leukoreduction in blood banking?","Leukoreduction is a filtration process that removes >99.9% of white blood cells from donated red cell or platelet units, reducing residual leukocyte counts to fewer than $1 \times 10^6$ per unit.","leukoreduction filter,blood banking,safety standard","intermediate","Centers for Disease Control and Prevention (CDC)","https://www.cdc.gov/","educational"
63,"Platelets","are","What are platelets?","Platelets (thrombocytes) are small, disk-shaped anucleate cell fragments derived from bone marrow megakaryocytes that are essential for primary hemostasis and blood clotting.","platelets,thrombocytes,clotting,cell fragments","beginner","AABB (Association for the Advancement of Blood & Biotherapies)","https://www.aabb.org/","educational"
64,"Platelets","do","How do platelets form blood clots?","When a blood vessel wall is damaged, platelets adhere to exposed subendothelial collagen, become activated, undergo shape change, release pro-aggregatory granules (ADP, thromboxane A2), and cross-link via fibrinogen to form a platelet plug.","platelet activation,adhesion,aggregation,platelet plug","intermediate","AABB (Association for the Advancement of Blood & Biotherapies)","https://www.aabb.org/","educational"
65,"Platelets","is","What is a normal platelet count?","A normal circulating platelet count in a healthy adult ranges from 150,000 to 450,000 platelets per microliter ($\mu L$) of blood.","normal platelet count,reference range,microliter","beginner","AABB (Association for the Advancement of Blood & Biotherapies)","https://www.aabb.org/","educational"
66,"Platelets","is","What is thrombocytopenia?","Thrombocytopenia is an abnormally low platelet count (below 150,000/$\mu L$). Severe drops below 20,000 to 50,000/$\mu L$ markedly heighten the danger of spontaneous petechiae, bruising, mucosal bleeding, and intracranial hemorrhage.","thrombocytopenia,low platelets,bleeding risk","intermediate","AABB (Association for the Advancement of Blood & Biotherapies)","https://www.aabb.org/","educational"
67,"Platelets","is","What is thrombocytosis?","Thrombocytosis is an elevated platelet count exceeding 450,000/$\mu L$, which may be reactive (secondary to infection, inflammation, or iron deficiency) or clonal (essential thrombocythemia), increasing risk of abnormal thrombosis.","thrombocytosis,high platelets,thrombosis risk","intermediate","AABB (Association for the Advancement of Blood & Biotherapies)","https://www.aabb.org/","educational"
68,"Platelets","is","What is the lifespan of a platelet in the human body?","Platelets circulate in the bloodstream for approximately 7 to 10 days before they are cleared and dismantled by macrophages in the spleen and liver.","platelet lifespan,7 to 10 days,spleen clearance","intermediate","AABB (Association for the Advancement of Blood & Biotherapies)","https://www.aabb.org/","educational"
69,"Platelets","do","Why do platelets have a very short storage shelf life?","Platelets must be stored at room temperature (20°C to 24°C) with continuous gentle agitation to preserve viability; because room temperature encourages bacterial proliferation, platelet units have a strict shelf life of only 5 to 7 days.","platelet shelf life,5 days,room temperature,bacterial risk","intermediate","AABB (Association for the Advancement of Blood & Biotherapies)","https://www.aabb.org/","educational"
70,"Platelets","must","Why must platelets be agitated during storage?","Continuous gentle agitation on mechanical platelet agitators prevents platelet activation, prevents irreversible clumping, and facilitates oxygen and gas exchange through the permeable storage bag.","platelet agitator,storage shaking,gas exchange","intermediate","AABB (Association for the Advancement of Blood & Biotherapies)","https://www.aabb.org/","educational"
71,"Platelets","needs","Who needs platelet transfusions?","Platelet transfusions are vital for cancer patients undergoing chemotherapy, bone marrow transplant recipients, leukemia patients, severe trauma victims with massive hemorrhage, and patients undergoing open-heart surgery.","platelet transfusion indications,cancer,leukemia,trauma","beginner","AABB (Association for the Advancement of Blood & Biotherapies)","https://www.aabb.org/","educational"
72,"Platelets","you","Can you donate just platelets?","Yes. Platelet donation via apheresis uses an automated cell separator machine that collects platelets and returns red blood cells and most plasma to the donor. A single apheresis donor can yield 1 to 3 adult therapeutic doses.","platelet donation,apheresis,plateletpheresis","beginner","AABB (Association for the Advancement of Blood & Biotherapies)","https://www.aabb.org/","educational"
73,"Platelets","often","How often can someone donate platelets?","Because the body replenishes circulating platelets within 48 to 72 hours, eligible donors can donate platelets every 7 to 14 days, up to a maximum of 24 times in a rolling 12-month period in many jurisdictions.","platelet donation frequency,interval,every 7 days","beginner","AABB (Association for the Advancement of Blood & Biotherapies)","https://www.aabb.org/","educational"
74,"Plasma","is","What is blood plasma?","Plasma is the straw-colored liquid matrix of whole blood that makes up 55% of blood volume, carrying suspended blood cells, proteins, clotting factors, hormones, glucose, electrolytes, and metabolic wastes.","plasma,liquid portion,straw-colored,matrix","beginner","World Health Organization (WHO)","https://www.who.int/","educational"
75,"Plasma","is","What is the composition of plasma?","Plasma is approximately 91% to 92% water, 7% to 8% essential functional proteins (albumin, globulins, fibrinogen), and 1% to 2% dissolved solutes including electrolytes, nutrients, hormones, and waste products.","plasma composition,water percentage,solutes","intermediate","World Health Organization (WHO)","https://www.who.int/","educational"
76,"Plasma","is","What is Fresh Frozen Plasma (FFP)?","Fresh Frozen Plasma (FFP) is plasma separated from whole blood and frozen at -18°C or colder within 8 hours of collection to preserve all labile and stable clotting factors, including Factor V and Factor VIII.","fresh frozen plasma,FFP,coagulation factors,-18C","intermediate","World Health Organization (WHO)","https://www.who.int/","educational"
77,"Plasma","is","What is the shelf life of Fresh Frozen Plasma?","When maintained continuously at -18°C or colder, Fresh Frozen Plasma has an approved clinical shelf life of up to 12 months (or up to 36 months at -25°C or colder under European standards).","FFP shelf life,12 months,-18C,freezer storage","beginner","World Health Organization (WHO)","https://www.who.int/","educational"
78,"Plasma","clinical","What clinical conditions require plasma transfusions?","Plasma transfusions treat severe coagulopathy in massive trauma, reversal of anticoagulant medications in emergency bleeding, complex liver disease, thrombotic thrombocytopenic purpura (TTP), and congenital clotting factor deficiencies.","plasma transfusion indications,coagulopathy,liver disease,TTP","intermediate","World Health Organization (WHO)","https://www.who.int/","educational"
79,"Plasma","are","What are plasma-derived medicinal products (PDMPs)?","PDMPs are life-saving pharmaceuticals manufactured through large-scale industrial fractionation of pooled human donor plasma, producing intravenous immunoglobulin (IVIG), albumin, Factor VIII, and hyperimmune globulins.","plasma fractionation,PDMP,IVIG,albumin concentrate","advanced","World Health Organization (WHO)","https://www.who.int/","educational"
80,"Plasma","is","What is intravenous immunoglobulin (IVIG)?","IVIG is a concentrated solution of polyclonal IgG antibodies extracted from thousands of healthy plasma donations used to treat primary immunodeficiencies, Guillain-Barré syndrome, ITP, and Kawasaki disease.","IVIG,immunoglobulins,antibodies,autoimmune","intermediate","World Health Organization (WHO)","https://www.who.int/","educational"
81,"Plasma","is","What is albumin used for in medicine?","Human serum albumin solutions are infused to restore intravascular oncotic pressure and circulatory volume in burn shock, acute hypovolemia, severe hypoalbuminemia, and following large-volume paracentesis in liver cirrhosis.","albumin uses,burns,hypovolemia,oncotic pressure","intermediate","World Health Organization (WHO)","https://www.who.int/","educational"
82,"Plasma","is","How is plasma donated through plasmapheresis?","During plasmapheresis, whole blood is drawn into an apheresis device which separates plasma into a collection container while infusing saline and returning red blood cells and platelets to the donor.","plasmapheresis,plasma donation process,apheresis","beginner","World Health Organization (WHO)","https://www.who.int/","educational"
83,"Plasma","quickly","How quickly does the body replace donated plasma?","The body typically restores the fluid volume of donated plasma within 24 to 48 hours when the donor consumes adequate fluids, and replaced plasma proteins within a few days.","plasma replenishment,24 to 48 hours,hydration","beginner","World Health Organization (WHO)","https://www.who.int/","educational"
84,"Hemoglobin","is","What is hemoglobin?","Hemoglobin is a tetrameric quaternary protein found inside red blood cells composed of four globin polypeptide subunits, each containing a central heme prosthetic group with an iron atom capable of binding an oxygen molecule.","hemoglobin,iron,oxygen transport,protein","beginner","World Health Organization (WHO) Guidelines","https://www.who.int/publications/i/item/9789240026605","educational"
85,"Hemoglobin","is","What is the normal hemoglobin level for adults?","According to WHO standards, normal adult hemoglobin ranges are generally 13.0 to 17.5 grams per deciliter ($g/dL$) for adult men and 12.0 to 15.5 $g/dL$ for non-pregnant adult women.","normal hemoglobin levels,WHO standards,g/dL","beginner","World Health Organization (WHO) Guidelines","https://www.who.int/publications/i/item/9789240026605","educational"
86,"Hemoglobin","is","What is the minimum hemoglobin required to donate blood?","In most blood donation guidelines (including WHO, NBTC India, Red Cross, and NHS), the minimum hemoglobin threshold for whole blood donation is 12.5 $g/dL$ for females and 12.5 to 13.0 $g/dL$ for males.","minimum hemoglobin for donation,12.5 g/dL,donor screening","beginner","World Health Organization (WHO) Guidelines","https://www.who.int/publications/i/item/9789240026605","educational"
87,"Hemoglobin","do","Why do blood centers test hemoglobin before donation?","Hemoglobin is screened prior to donation to protect donor safety: removing 350 to 450 mL of blood from an anemic or borderline-anemic individual would induce iron depletion, severe fatigue, and symptomatic anemia.","pre-donation hemoglobin check,donor safety,anemia prevention","beginner","World Health Organization (WHO) Guidelines","https://www.who.int/publications/i/item/9789240026605","educational"
88,"Hemoglobin","is","How is hemoglobin tested at a blood donation camp?","Staff use non-invasive spectrophotometric sensors, microcuvette point-of-care digital hemoglobinometers (e.g., HemoCue), or the copper sulfate ($CuSO_4$) specific-gravity droplet method.","hemoglobin screening method,HemoCue,copper sulfate","intermediate","World Health Organization (WHO) Guidelines","https://www.who.int/publications/i/item/9789240026605","educational"
89,"Hemoglobin","causes","What causes low hemoglobin?","Low hemoglobin can stem from dietary iron deficiency, chronic blood loss (menorrhagia, gastrointestinal ulcers), vitamin B12 or folate deficiency, chronic kidney disease, bone marrow disorders, or hemoglobinopathies (thalassemia, sickle cell).","causes of low hemoglobin,iron deficiency,blood loss","intermediate","World Health Organization (WHO) Guidelines","https://www.who.int/publications/i/item/9789240026605","educational"
90,"Hemoglobin","foods","What foods help increase hemoglobin levels?","Dietary sources of bioavailable heme iron (lean red meat, poultry, fish) and non-heme iron (spinach, lentils, beans, fortified cereals, dried apricots) paired with vitamin C (citrus fruits, bell peppers) enhance iron absorption.","increase hemoglobin,iron-rich foods,vitamin C","beginner","World Health Organization (WHO) Guidelines","https://www.who.int/publications/i/item/9789240026605","educational"
91,"Hemoglobin","drinking","Does drinking tea or coffee affect iron absorption?","Yes. Tannins and polyphenols in tea and coffee bind to dietary non-heme iron in the gut, forming insoluble complexes that reduce iron absorption by up to 50% to 70% if consumed during or immediately after meals.","tea coffee iron absorption,tannins,inhibition","intermediate","World Health Organization (WHO) Guidelines","https://www.who.int/publications/i/item/9789240026605","educational"
92,"Hemoglobin","hemoglobin","Can hemoglobin be too high?","Yes. Abnormally high hemoglobin levels (> 18.0 $g/dL$) occur in polycythemia vera, chronic obstructive pulmonary disease (COPD), high-altitude adaptation, heavy smoking, or severe dehydration, increasing blood viscosity and stroke risk.","high hemoglobin,polycythemia,stroke risk","intermediate","World Health Organization (WHO) Guidelines","https://www.who.int/publications/i/item/9789240026605","educational"
93,"Hemoglobin","is","What is the difference between hemoglobin and hematocrit?","Hemoglobin measures the concentration of the oxygen-carrying protein in $g/dL$, while hematocrit measures the volumetric percentage of whole blood occupied by red cells. A rule of thumb is: $\text{Hematocrit} \approx 3 \times \text{Hemoglobin}$.","hemoglobin vs hematocrit,rule of three","intermediate","World Health Organization (WHO) Guidelines","https://www.who.int/publications/i/item/9789240026605","educational"
94,"Blood Groups","is","What is a blood group?","A blood group is a clinical classification of blood based on the presence or absence of inherited antigenic molecules (glycoproteins or glycolipids) located on the outer surface of red blood cell membranes.","blood group,definition,antigens,red cells","beginner","International Society of Blood Transfusion (ISBT)","https://www.isbtweb.org/","educational"
95,"Blood Groups","discovered","Who discovered the ABO blood group system?","Austrian physician Karl Landsteiner discovered the ABO blood group system in 1900, demonstrating that mixing blood from different individuals caused agglutination, for which he received the 1930 Nobel Prize in Medicine.","Karl Landsteiner,discovery of blood groups,1900,Nobel prize","beginner","International Society of Blood Transfusion (ISBT)","https://www.isbtweb.org/","educational"
96,"Blood Groups","are","What are the four main blood groups in the ABO system?","The four ABO blood groups are Group A, Group B, Group AB, and Group O, defined by whether red blood cells display the A antigen, B antigen, both A and B antigens, or neither antigen.","four ABO blood groups,A,B,AB,O","beginner","International Society of Blood Transfusion (ISBT)","https://www.isbtweb.org/","educational"
97,"Blood Groups","antigens","What antigens and antibodies does Type A blood have?","Type A blood has A antigens on the surface of its red blood cells and naturally occurring anti-B antibodies in its liquid plasma.","Type A blood,A antigen,anti-B antibodies","beginner","International Society of Blood Transfusion (ISBT)","https://www.isbtweb.org/","educational"
98,"Blood Groups","antigens","What antigens and antibodies does Type B blood have?","Type B blood has B antigens on the surface of its red blood cells and naturally occurring anti-A antibodies in its liquid plasma.","Type B blood,B antigen,anti-A antibodies","beginner","International Society of Blood Transfusion (ISBT)","https://www.isbtweb.org/","educational"
99,"Blood Groups","antigens","What antigens and antibodies does Type AB blood have?","Type AB blood has both A and B antigens on its red blood cells and has neither anti-A nor anti-B antibodies in its plasma.","Type AB blood,both antigens,no antibodies","beginner","International Society of Blood Transfusion (ISBT)","https://www.isbtweb.org/","educational"
100,"Blood Groups","antigens","What antigens and antibodies does Type O blood have?","Type O blood has neither A nor B antigens on its red blood cells, but possesses both anti-A and anti-B antibodies circulating in its plasma.","Type O blood,no antigens,anti-A,anti-B","beginner","International Society of Blood Transfusion (ISBT)","https://www.isbtweb.org/","educational"
101,"Blood Groups","is","What is Landsteiner's rule?","Landsteiner's rule states that if an individual's red blood cells lack a specific ABO agglutinogen (antigen), their plasma consistently contains the corresponding agglutinin (antibody) against that missing antigen.","Landsteiner rule,naturally occurring antibodies","intermediate","International Society of Blood Transfusion (ISBT)","https://www.isbtweb.org/","educational"
102,"Blood Groups","are","How are ABO antigens formed biochemically?","ABO antigens are built upon a precursor H substance. An enzyme coded by the ABO gene adds specific sugars: the A allele transfers N-acetylgalactosamine, the B allele transfers D-galactose, while the O allele produces an inactive enzyme.","biochemistry of ABO,H substance,fucose,transferase","advanced","International Society of Blood Transfusion (ISBT)","https://www.isbtweb.org/","educational"
103,"Blood Groups","are","Why are ABO antibodies naturally occurring?","Unlike Rh antibodies, ABO antibodies arise without prior transfusion: newborn gut colonization by environmental bacteria containing ABO-like polysaccharide surface chains stimulates natural production of anti-A and anti-B by 3 to 6 months of age.","naturally occurring antibodies,gut flora,anti-A,anti-B","advanced","International Society of Blood Transfusion (ISBT)","https://www.isbtweb.org/","educational"
104,"Blood Groups","common","How common is blood group O globally?","Blood group O is generally the most common blood group worldwide, found in approximately 38% to 45% of populations, although regional distributions vary substantially by geographic ancestry.","blood group O prevalence,global distribution","beginner","International Society of Blood Transfusion (ISBT)","https://www.isbtweb.org/","educational"
105,"Blood Groups","ABO","Which ABO blood group is the rarest?","Group AB is the rarest of the four primary ABO groups globally, present in roughly 4% to 7% of the world's population.","rare ABO group,Type AB prevalence","beginner","International Society of Blood Transfusion (ISBT)","https://www.isbtweb.org/","educational"
106,"Blood Groups","your","Can your ABO blood group change over your lifetime?","Under normal circumstances, your inherited blood group remains constant throughout life. Rare exceptions include allogeneic bone marrow/stem cell transplants where donor hematopoiesis replaces host blood type.","can blood group change,bone marrow transplant","intermediate","International Society of Blood Transfusion (ISBT)","https://www.isbtweb.org/","educational"
107,"Blood Groups","is","What is reverse blood grouping (serum typing)?","Reverse grouping tests a person's serum or plasma against known reagent A1 and B red blood cells to verify the expected presence of reciprocal anti-A and anti-B antibodies, confirming forward typing.","reverse grouping,serum typing,confirmation testing","intermediate","International Society of Blood Transfusion (ISBT)","https://www.isbtweb.org/","educational"
108,"Blood Groups","happens","What happens when forward and reverse blood typing disagree?","An ABO discrepancy occurs. The blood bank must investigate for weak subgroups (like A2), cold autoantibodies, paraproteins, recent massive transfusions, or hypogammaglobulinemia before releasing any units.","ABO discrepancy,subgroups,cold autoantibodies","advanced","International Society of Blood Transfusion (ISBT)","https://www.isbtweb.org/","educational"
109,"Rh Blood Group System","is","What is the Rh blood group system?","The Rh system is the second most clinically significant human blood group system, comprising over 50 antigens, with the 'D' antigen being by far the most immunogenic and clinically critical.","Rh system,Rhesus,Rh factor,D antigen","beginner","International Society of Blood Transfusion (ISBT)","https://www.isbtweb.org/","educational"
110,"Rh Blood Group System","does","What does Rh positive (Rh+) mean?","Rh positive means that an individual's red blood cells possess the RhD antigen on their cell membrane. Approximately 85% of Caucasians and over 95% of Asian and African populations are Rh positive.","Rh positive,RhD present,D antigen positive","beginner","International Society of Blood Transfusion (ISBT)","https://www.isbtweb.org/","educational"
111,"Rh Blood Group System","does","What does Rh negative (Rh-) mean?","Rh negative means that an individual's red blood cells completely lack the RhD antigen protein on their cell membrane.","Rh negative,lacks RhD,D antigen negative","beginner","International Society of Blood Transfusion (ISBT)","https://www.isbtweb.org/","educational"
112,"Rh Blood Group System","are","What are the eight common blood types?","Combining the ABO system with the Rh factor produces the eight standard blood types: A+, A-, B+, B-, AB+, AB-, O+, and O-.","eight common blood types,ABO Rh combinations","beginner","International Society of Blood Transfusion (ISBT)","https://www.isbtweb.org/","educational"
113,"Rh Blood Group System","Rh-negative","Do Rh-negative individuals naturally have anti-D antibodies?","No. Unlike the ABO system, anti-D antibodies are not naturally occurring. An Rh-negative person only produces anti-D antibodies if exposed to Rh-positive red cells through transfusion or pregnancy (sensitization).","anti-D antibodies,sensitization,alloimmunization","intermediate","International Society of Blood Transfusion (ISBT)","https://www.isbtweb.org/","educational"
114,"Rh Blood Group System","is","What is Hemolytic Disease of the Fetus and Newborn (HDFN)?","HDFN (erythroblastosis fetalis) is an alloimmune condition where maternal IgG antibodies (most commonly anti-D) cross the placenta during pregnancy and destroy fetal Rh-positive red blood cells, causing severe anemia, jaundice, and hydrops.","HDFN,erythroblastosis fetalis,Rh incompatibility,pregnancy","intermediate","International Society of Blood Transfusion (ISBT)","https://www.isbtweb.org/","educational"
115,"Rh Blood Group System","is","How is Rh disease in pregnancy prevented?","Rh disease is prevented by administering prophylactic anti-D immunoglobulin (RhIg / RhoGAM) injections to Rh-negative mothers during the 28th week of pregnancy and within 72 hours after delivering an Rh-positive baby.","anti-D immunoglobulin,RhoGAM,Rh prophylaxis","intermediate","International Society of Blood Transfusion (ISBT)","https://www.isbtweb.org/","educational"
116,"Rh Blood Group System","is","What is a weak D (Du) phenotype?","Weak D is a phenotypic variant where the RhD protein is expressed at significantly lower surface density on erythrocytes, requiring indirect antiglobulin testing (IAT) to detect.","weak D,Du phenotype,antiglobulin test","advanced","International Society of Blood Transfusion (ISBT)","https://www.isbtweb.org/","educational"
117,"Rh Blood Group System","an","Can an Rh-negative person safely receive Rh-positive blood?","In routine transfusions, an Rh-negative patient must NEVER receive Rh-positive red cells because they are likely to develop anti-D antibodies, which would destroy subsequent Rh+ transfusions or jeopardize future pregnancies.","Rh negative receiving Rh positive,contraindication","beginner","International Society of Blood Transfusion (ISBT)","https://www.isbtweb.org/","educational"
118,"Rh Blood Group System","an","Can an Rh-positive person receive Rh-negative blood?","Yes. Because Rh-negative red blood cells lack the RhD antigen, an Rh-positive person's immune system will not recognize them as foreign, making Rh-negative blood safe for Rh-positive recipients.","Rh positive receiving Rh negative,compatibility","beginner","International Society of Blood Transfusion (ISBT)","https://www.isbtweb.org/","educational"
119,"Rh Blood Group System","is","What is the rarest common blood type among the eight types?","AB negative (AB-) is generally the rarest among the eight common blood types, accounting for less than 1% of the population worldwide.","AB negative,rarest common blood type","beginner","International Society of Blood Transfusion (ISBT)","https://www.isbtweb.org/","educational"
120,"Rh Blood Group System","is","What is the most common blood type globally?","O positive (O+) is the most prevalent blood type across the majority of global populations, present in approximately 35% to 40% of people worldwide.","O positive prevalence,most common blood type","beginner","International Society of Blood Transfusion (ISBT)","https://www.isbtweb.org/","educational"
121,"Blood Compatibility","is","Who is the universal red blood cell donor?","Type O-negative (O-) is the universal red blood cell donor because its erythrocytes lack A, B, and RhD surface antigens, meaning recipients with any ABO/Rh blood type can safely receive them in extreme emergencies.","universal red cell donor,O negative,emergency uncrossmatched","beginner","American Association of Blood Banks (AABB)","https://www.aabb.org/","educational"
122,"Blood Compatibility","is","Who is the universal red blood cell recipient?","Type AB-positive (AB+) is the universal red blood cell recipient because their plasma contains no anti-A, anti-B, or anti-D antibodies, allowing them to safely receive packed red cells of any ABO/Rh type.","universal red cell recipient,AB positive","beginner","American Association of Blood Banks (AABB)","https://www.aabb.org/","educational"
123,"Blood Compatibility","is","Who is the universal plasma donor?","Type AB is the universal plasma donor because AB plasma is free from both anti-A and anti-B antibodies, making it safe for transfusion into patients of any blood group.","universal plasma donor,AB plasma,no antibodies","beginner","American Association of Blood Banks (AABB)","https://www.aabb.org/","educational"
124,"Blood Compatibility","is","Who is the universal plasma recipient?","Type O is the universal plasma recipient because their red blood cells carry no A or B antigens that could be attacked by antibodies in transfused plasma.","universal plasma recipient,Type O recipient","intermediate","American Association of Blood Banks (AABB)","https://www.aabb.org/","educational"
125,"Blood Compatibility","is","What is red cell compatibility for blood type O+?","An O+ person can receive red blood cells from: O+ and O-. They can donate red blood cells to: O+, A+, B+, and AB+.","O positive compatibility,donor recipient","beginner","American Association of Blood Banks (AABB)","https://www.aabb.org/","educational"
126,"Blood Compatibility","is","What is red cell compatibility for blood type O-?","An O- person can receive red blood cells ONLY from: O-. They can donate red blood cells to: all eight blood groups (O-, O+, A-, A+, B-, B+, AB-, AB+).","O negative compatibility,universal donor","beginner","American Association of Blood Banks (AABB)","https://www.aabb.org/","educational"
127,"Blood Compatibility","is","What is red cell compatibility for blood type A+?","An A+ person can receive red blood cells from: A+, A-, O+, and O-. They can donate red blood cells to: A+ and AB+.","A positive compatibility,donor recipient","beginner","American Association of Blood Banks (AABB)","https://www.aabb.org/","educational"
128,"Blood Compatibility","is","What is red cell compatibility for blood type A-?","An A- person can receive red blood cells from: A- and O-. They can donate red blood cells to: A-, A+, AB-, and AB+.","A negative compatibility,donor recipient","beginner","American Association of Blood Banks (AABB)","https://www.aabb.org/","educational"
129,"Blood Compatibility","is","What is red cell compatibility for blood type B+?","An B+ person can receive red blood cells from: B+, B-, O+, and O-. They can donate red blood cells to: B+ and AB+.","B positive compatibility,donor recipient","beginner","American Association of Blood Banks (AABB)","https://www.aabb.org/","educational"
130,"Blood Compatibility","is","What is red cell compatibility for blood type B-?","An B- person can receive red blood cells from: B- and O-. They can donate red blood cells to: B-, B+, AB-, and AB+.","B negative compatibility,donor recipient","beginner","American Association of Blood Banks (AABB)","https://www.aabb.org/","educational"
131,"Blood Compatibility","is","What is red cell compatibility for blood type AB+?","An AB+ person can receive red blood cells from: all eight blood groups (universal recipient). They can donate red blood cells ONLY to: AB+.","AB positive compatibility,universal recipient","beginner","American Association of Blood Banks (AABB)","https://www.aabb.org/","educational"
132,"Blood Compatibility","is","What is red cell compatibility for blood type AB-?","An AB- person can receive red blood cells from: AB-, A-, B-, and O-. They can donate red blood cells to: AB- and AB+.","AB negative compatibility,donor recipient","beginner","American Association of Blood Banks (AABB)","https://www.aabb.org/","educational"
133,"Blood Compatibility","is","What is a major crossmatch?","A major crossmatch tests the patient's serum/plasma against the donor's red blood cells in vitro to confirm that the recipient does not possess preformed antibodies capable of destroying the transfused donor cells.","major crossmatch,compatibility test,patient serum,donor cells","intermediate","American Association of Blood Banks (AABB)","https://www.aabb.org/","educational"
134,"Blood Compatibility","is","What is an immediate spin crossmatch?","An immediate spin crossmatch mixes patient serum with donor red cells at room temperature and centrifuges immediately; it quickly confirms ABO compatibility when the patient's antibody screen is negative.","immediate spin,ABO verification,rapid crossmatch","intermediate","American Association of Blood Banks (AABB)","https://www.aabb.org/","educational"
135,"Blood Compatibility","is","What is an electronic (computer) crossmatch?","An electronic crossmatch uses validated computer software to compare recipient ABO/Rh typing and historical antibody records with donor unit testing, replacing manual serological tubes when antibody screens are negative.","electronic crossmatch,computerized blood bank,validation","advanced","American Association of Blood Banks (AABB)","https://www.aabb.org/","educational"
136,"Blood Transfusion","is","What is a blood transfusion?","A blood transfusion is a medical procedure in which donated whole blood or specific blood components (red cells, platelets, or plasma) are infused directly into a patient's venous circulation.","blood transfusion,intravenous infusion,component therapy","beginner","World Health Organization (WHO)","https://www.who.int/news-room/fact-sheets/detail/blood-safety-and-availability","educational"
137,"Blood Transfusion","is","What is an acute hemolytic transfusion reaction (AHTR)?","AHTR is a severe, life-threatening medical emergency occurring during or immediately following transfusion when pre-existing recipient antibodies attack and rapidly lyse incompatible donor red blood cells.","AHTR,hemolytic transfusion reaction,ABO incompatibility","intermediate","World Health Organization (WHO)","https://www.who.int/news-room/fact-sheets/detail/blood-safety-and-availability","educational"
138,"Blood Transfusion","are","What are the symptoms of an acute hemolytic transfusion reaction?","Symptoms include fever, rigors/chills, severe back or flank pain, flushing, hypotension/shock, dyspnea, hemoglobinuria (dark burgundy urine), and diffuse intravascular coagulation (DIC).","hemolytic reaction symptoms,flank pain,fever,dark urine","intermediate","World Health Organization (WHO)","https://www.who.int/news-room/fact-sheets/detail/blood-safety-and-availability","educational"
139,"Blood Transfusion","should","What should medical staff do immediately if a transfusion reaction occurs?","Staff must IMMEDIATELY stop the transfusion, disconnect the blood tubing, maintain venous access with normal saline, check patient vital signs, notify the physician and blood bank, and send blood bags for investigation.","stop transfusion immediately,reaction protocol,safety","intermediate","World Health Organization (WHO)","https://www.who.int/news-room/fact-sheets/detail/blood-safety-and-availability","educational"
140,"Blood Transfusion","is","What is a Febrile Non-Hemolytic Transfusion Reaction (FNHTR)?","FNHTR is the most common mild transfusion reaction, characterized by a temperature rise of $\ge 1^\circ C$ without hemolysis, triggered by recipient antibodies reacting against donor white cell antigens or cytokines accumulated during storage.","FNHTR,fever,non-hemolytic reaction,cytokines","intermediate","World Health Organization (WHO)","https://www.who.int/news-room/fact-sheets/detail/blood-safety-and-availability","educational"
141,"Blood Transfusion","is","What is Transfusion-Related Acute Lung Injury (TRALI)?","TRALI is a severe pulmonary complication occurring within 6 hours of transfusion, characterized by non-cardiogenic pulmonary edema, acute hypoxemia, and bilateral lung infiltrates, typically caused by donor anti-HLA or anti-HNA antibodies.","TRALI,acute lung injury,pulmonary edema,HLA antibodies","advanced","World Health Organization (WHO)","https://www.who.int/news-room/fact-sheets/detail/blood-safety-and-availability","educational"
142,"Blood Transfusion","is","What is Transfusion-Associated Circulatory Overload (TACO)?","TACO is volume overload occurring when blood products are infused too rapidly or excessively, particularly in elderly or cardiac patients, causing hydrostatic pulmonary edema, hypertension, and respiratory distress.","TACO,circulatory overload,volume overload,pulmonary edema","advanced","World Health Organization (WHO)","https://www.who.int/news-room/fact-sheets/detail/blood-safety-and-availability","educational"
143,"Blood Transfusion","is","How is TRALI distinguished from TACO?","TACO presents with hypertension, elevated brain natriuretic peptide (BNP), and responds well to intravenous diuretics; TRALI features normal or low blood pressure, normal heart filling pressures, and does not respond to diuretics.","TRALI vs TACO,differential diagnosis,BNP,diuretics","advanced","World Health Organization (WHO)","https://www.who.int/news-room/fact-sheets/detail/blood-safety-and-availability","educational"
144,"Blood Transfusion","is","What is Transfusion-Associated Graft-versus-Host Disease (TA-GvHD)?","TA-GvHD is a rare but almost universally fatal complication where viable donor T-lymphocytes engraft in an immunocompromised recipient and attack host tissues; it is prevented by gamma irradiation of cellular blood products.","TA-GvHD,graft versus host disease,gamma irradiation","advanced","World Health Organization (WHO)","https://www.who.int/news-room/fact-sheets/detail/blood-safety-and-availability","educational"
145,"Blood Transfusion","are","Why are blood units irradiated for certain patients?","Cellular blood components are irradiated with 25 to 50 Gray (Gy) of ionizing radiation to inactivate donor T-lymphocytes, preventing fatal Transfusion-Associated Graft-versus-Host Disease in immunocompromised patients.","irradiated blood,gamma rays,immunocompromised","intermediate","World Health Organization (WHO)","https://www.who.int/news-room/fact-sheets/detail/blood-safety-and-availability","educational"
146,"Blood Donation","is","What is voluntary non-remunerated blood donation (VNRBD)?","VNRBD is the international standard where individuals donate blood, platelets, or plasma purely out of altruism without receiving money, paid time off, or material incentives, which provides the safest blood supply.","voluntary blood donation,VNRBD,altruism,safety","beginner","Indian Red Cross Society / National Blood Transfusion Council","https://www.indianredcross.org/","educational"
147,"Blood Donation","much","How much blood is taken during a routine whole blood donation?","A standard whole blood donation collects either 350 mL or 450 mL (about 1 pint) of blood, depending on the donor's body weight and national blood banking guidelines.","amount of blood collected,350 mL,450 mL,one pint","beginner","Indian Red Cross Society / National Blood Transfusion Council","https://www.indianredcross.org/","educational"
148,"Blood Donation","long","How long does the actual blood collection take?","The actual blood collection takes only 8 to 12 minutes. The complete appointment (registration, medical questionnaire, physical screening, donation, and post-donation recovery) takes about 45 to 60 minutes.","donation duration,8 to 12 minutes,appointment time","beginner","Indian Red Cross Society / National Blood Transfusion Council","https://www.indianredcross.org/","educational"
149,"Blood Donation","donating","Does donating blood hurt?","Donors feel a brief prick when the sterile needle is inserted into the vein at the inner elbow, lasting only 1 to 2 seconds. The donation itself is painless, and donors rest comfortably in donor recliners.","does blood donation hurt,needle prick,pain perception","beginner","Indian Red Cross Society / National Blood Transfusion Council","https://www.indianredcross.org/","educational"
150,"Blood Donation","you","Can you get an infectious disease like HIV from donating blood?","NO. It is 100% impossible to contract HIV, Hepatitis, or any infectious disease by donating blood. Blood collection centers strictly use brand-new, sterile, single-use, disposable needles and collection bags that are incinerated after use.","can you catch disease from donation,sterile needle,safety","beginner","Indian Red Cross Society / National Blood Transfusion Council","https://www.indianredcross.org/","educational"
151,"Blood Donation","often","How often can someone donate whole blood?","In most national blood services, healthy male donors can donate whole blood every 90 days (3 months / up to 4 times a year) and female donors every 120 days (4 months / up to 3 times a year) to allow full iron recovery.","donation interval,how often can donate,90 days,120 days","beginner","Indian Red Cross Society / National Blood Transfusion Council","https://www.indianredcross.org/","educational"
152,"Blood Donation","are","What are the 5 basic stages of blood donation?","The 5 stages are: 1) Donor Registration, 2) Health History Questionnaire & Confidential Medical Screening, 3) Physical Check (Hemoglobin, BP, Pulse, Weight), 4) Blood Collection (8-12 mins), and 5) Rest & Refreshments (15-20 mins).","stages of blood donation,registration,screening,refreshment","beginner","Indian Red Cross Society / National Blood Transfusion Council","https://www.indianredcross.org/","educational"
153,"Blood Donation","should","What should you do immediately before donating blood?","Drink 500 mL (2 glasses) of water or juice, eat a healthy non-fatty meal within 2 to 4 hours prior, avoid alcohol for 24 hours, and get a solid night's sleep.","pre-donation advice,hydration,meal before donation","beginner","Indian Red Cross Society / National Blood Transfusion Council","https://www.indianredcross.org/","educational"
154,"Blood Donation","should","What should you do after donating blood?","Rest in the observation lounge for 15 minutes, drink plenty of fluids over the next 24 to 48 hours, keep the bandage on for 4 hours, avoid heavy lifting or strenuous exercise for the day, and eat a nourishing meal.","post-donation care,rest,fluids,no heavy lifting","beginner","Indian Red Cross Society / National Blood Transfusion Council","https://www.indianredcross.org/","educational"
155,"Blood Donation","should","What should you do if you feel lightheaded after donating?","Immediately sit or lie down flat, preferably elevating your legs above heart level to restore venous return to the brain. Loosen tight collar clothing and sip cool water or juice.","dizziness after donation,fainting,vasovagal response","beginner","Indian Red Cross Society / National Blood Transfusion Council","https://www.indianredcross.org/","educational"
156,"Donor Eligibility","are","What are the basic age requirements to donate blood?","In India and many countries, donors must be between 18 and 65 years of age. Some jurisdictions permit 16-17 year-olds with parental consent and regular donors beyond 65 subject to medical review.","donor age limit,18 to 65 years,eligibility","beginner","National Blood Transfusion Council (NBTC / MoHFW India)","https://nbtc.naco.gov.in/","educational"
157,"Donor Eligibility","is","What is the minimum body weight required to donate blood?","The minimum weight requirement is generally 45 kg (100 lbs) for a 350 mL whole blood collection, and 50 kg (110 lbs) for a 450 mL whole blood collection.","minimum weight for donation,45 kg,50 kg","beginner","National Blood Transfusion Council (NBTC / MoHFW India)","https://nbtc.naco.gov.in/","educational"
158,"Donor Eligibility","blood","What blood pressure range is acceptable for blood donation?","Blood pressure should be within healthy parameters: systolic blood pressure between 100 and 140 mm Hg, and diastolic blood pressure between 60 and 90 mm Hg at the time of screening.","blood pressure requirements,systolic,diastolic","intermediate","National Blood Transfusion Council (NBTC / MoHFW India)","https://nbtc.naco.gov.in/","educational"
159,"Donor Eligibility","a","Can a person with well-controlled diabetes donate blood?","Yes, individuals with well-managed Type 2 diabetes on oral medication who maintain stable blood sugar and have no vascular complications can typically donate. Those requiring bovine/animal insulin or with severe organ complications are deferred.","diabetes donation,insulin,blood sugar control","intermediate","National Blood Transfusion Council (NBTC / MoHFW India)","https://nbtc.naco.gov.in/","educational"
160,"Donor Eligibility","someone","Can someone taking blood pressure medication donate blood?","Yes, as long as blood pressure is stable, within safe screening parameters, and the donor has had no changes to their antihypertensive prescription in the past 4 weeks.","hypertension medication,blood pressure pills,eligibility","intermediate","National Blood Transfusion Council (NBTC / MoHFW India)","https://nbtc.naco.gov.in/","educational"
161,"Donor Eligibility","a","Can a person with asthma donate blood?","Individuals with mild or seasonal asthma who are currently symptom-free and not experiencing active wheezing can donate. Those on systemic oral corticosteroid therapy or experiencing acute breathlessness must be deferred.","asthma blood donation,wheezing,inhalers","intermediate","National Blood Transfusion Council (NBTC / MoHFW India)","https://nbtc.naco.gov.in/","educational"
162,"Donor Eligibility","you","Can you donate blood after getting a tattoo or body piercing?","Most guidelines require a temporary deferral of 6 to 12 months after getting a tattoo, cosmetic micro-pigmentation, or body piercing to ensure no window-period transmission of bloodborne Hepatitis B, C, or HIV.","tattoo deferral,piercing,6 months,hepatitis window","beginner","National Blood Transfusion Council (NBTC / MoHFW India)","https://nbtc.naco.gov.in/","educational"
163,"Donor Eligibility","a","Can a woman donate blood during menstruation?","Yes, women can donate blood during menstruation provided they feel completely well, have no severe pain or dysmenorrhea, and meet the minimum hemoglobin requirement of $\ge 12.5\text{ g/dL}$.","menstruation blood donation,period,hemoglobin","beginner","National Blood Transfusion Council (NBTC / MoHFW India)","https://nbtc.naco.gov.in/","educational"
164,"Donor Eligibility","a","Can a pregnant or breastfeeding woman donate blood?","Pregnant women are deferred during pregnancy and for 6 to 12 months post-delivery (and during lactation) to protect maternal iron reserves and fetal nutritional demands.","pregnancy deferral,breastfeeding,maternal health","beginner","National Blood Transfusion Council (NBTC / MoHFW India)","https://nbtc.naco.gov.in/","educational"
165,"Donor Eligibility","someone","Can someone who recently had dental surgery donate blood?","Minor dental cleaning or fillings require a 24-hour deferral. Tooth extractions, root canal procedures, or periodontal surgery require a 72-hour to 7-day deferral to prevent transient bacteremia.","dental surgery deferral,tooth extraction,bacteremia","intermediate","National Blood Transfusion Council (NBTC / MoHFW India)","https://nbtc.naco.gov.in/","educational"
166,"Donor Eligibility","someone","Can someone who had COVID-19 donate blood?","Donors fully recovered from COVID-19 who have been free of all symptoms for at least 14 to 28 days are eligible to donate whole blood.","COVID-19 donation,recovery interval,coronavirus","beginner","National Blood Transfusion Council (NBTC / MoHFW India)","https://nbtc.naco.gov.in/","educational"
167,"Donor Eligibility","you","Can you donate blood after receiving a vaccine?","Inactivated vaccines (flu shot, COVID-19 mRNA) typically have no waiting period or a 14-day deferral. Live attenuated vaccines (MMR, yellow fever, oral polio) require a 4-week deferral period.","vaccination deferral,live vaccines,flu shot","intermediate","National Blood Transfusion Council (NBTC / MoHFW India)","https://nbtc.naco.gov.in/","educational"
168,"Donor Eligibility","a","Can a person with high cholesterol donate blood?","Yes. High cholesterol or taking statins (such as atorvastatin) does not disqualify someone from donating whole blood, as lipid levels do not harm the recipient.","cholesterol blood donation,statins,lipids","beginner","National Blood Transfusion Council (NBTC / MoHFW India)","https://nbtc.naco.gov.in/","educational"
169,"Donor Eligibility","someone","Can someone with a history of cancer donate blood?","Most solid tumor cancers require a minimum 5-year disease-free deferral following completion of treatment. Individuals with hematological malignancies (leukemia, lymphoma, myeloma) are permanently deferred.","cancer deferral,leukemia,lymphoma,5 years","intermediate","National Blood Transfusion Council (NBTC / MoHFW India)","https://nbtc.naco.gov.in/","educational"
170,"Donor Eligibility","are","Why are people who had Hepatitis B or C deferred?","Anyone testing positive for Hepatitis B surface antigen (HBsAg) or Hepatitis C antibodies (anti-HCV) is permanently deferred from blood donation due to high risks of transmitting viral hepatitis to recipients.","hepatitis B deferral,hepatitis C,viral transmission","intermediate","National Blood Transfusion Council (NBTC / MoHFW India)","https://nbtc.naco.gov.in/","educational"
171,"Blood Testing and Screening","mandatory","What mandatory tests are performed on every donated blood unit?","Every single donated blood unit is tested for ABO and Rh blood groups and screened for five transfusion-transmissible infections (TTIs): HIV-1 and HIV-2, Hepatitis B (HBV), Hepatitis C (HCV), Syphilis, and Malaria.","mandatory blood testing,TTI,HIV,Hepatitis,Syphilis,Malaria","beginner","World Health Organization (WHO) Blood Safety","https://www.who.int/initiatives/blood-safety","educational"
172,"Blood Testing and Screening","is","What is Nucleic Acid Testing (NAT)?","Nucleic Acid Testing (NAT) is an ultra-sensitive molecular diagnostic technique that detects viral RNA/DNA (HIV, HBV, HCV) directly before the donor's immune system produces detectable antibodies, shrinking the diagnostic window period.","NAT testing,nucleic acid test,viral RNA,window period","intermediate","World Health Organization (WHO) Blood Safety","https://www.who.int/initiatives/blood-safety","educational"
173,"Blood Testing and Screening","is","What is the window period for infectious diseases?","The window period is the initial time span between when a donor becomes infected with a pathogen and when standard laboratory assays can reliably detect the virus or its antibodies.","window period,early infection,antibody detection","intermediate","World Health Organization (WHO) Blood Safety","https://www.who.int/initiatives/blood-safety","educational"
174,"Blood Testing and Screening","is","What is serological testing in blood banks?","Serological testing detects antibodies or antigens in donor serum using enzyme-linked immunosorbent assays (ELISA) or chemiluminescence immunoassay (CLIA) technologies.","serology,ELISA,CLIA,antibody testing","intermediate","World Health Organization (WHO) Blood Safety","https://www.who.int/initiatives/blood-safety","educational"
175,"Blood Testing and Screening","happens","What happens if a donated blood unit tests positive for an infection?","If a unit tests reactive on screening assays, the blood unit is immediately quarantined and safely biohazard-incinerated. It is NEVER transfused. The donor is confidentially notified and guided for medical evaluation.","positive blood test,unit destruction,donor notification","beginner","World Health Organization (WHO) Blood Safety","https://www.who.int/initiatives/blood-safety","educational"
176,"Blood Testing and Screening","blood","Can blood banks test blood before collecting it from the donor?","No. Standard blood testing requires complex automated laboratory platforms and incubations lasting several hours; thus, collection tubes are drawn concurrently and tested in central labs while the unit is held in quarantine.","testing timeline,quarantine,concurrent tube collection","beginner","World Health Organization (WHO) Blood Safety","https://www.who.int/initiatives/blood-safety","educational"
177,"Blood Testing and Screening","is","What is bacterial testing in platelets?","Because platelets are stored at room temperature (20°C to 24°C), they carry a higher risk of bacterial contamination; blood centers perform automated bacterial culture or rapid immunoassay screening prior to release.","bacterial culture,platelet contamination,BacT/ALERT","advanced","World Health Organization (WHO) Blood Safety","https://www.who.int/initiatives/blood-safety","educational"
178,"Blood Storage and Transportation","temperature","What temperature must packed red blood cells be stored at?","Packed red blood cells must be stored continuously between 1°C and 6°C in monitored, calibrated medical blood bank refrigerators with automated temperature logs and alarm systems.","RBC storage temperature,1 to 6 degrees,refrigeration","beginner","Drug Controller General of India (DCGI) / AABB Standards","https://cdsco.gov.in/","educational"
179,"Blood Storage and Transportation","temperature","What temperature must platelets be stored at?","Platelets must be kept at 20°C to 24°C (room temperature) under continuous gentle mechanical agitation to prevent aggregation and maintain hemostatic function.","platelet storage temperature,20 to 24 degrees,agitator","beginner","Drug Controller General of India (DCGI) / AABB Standards","https://cdsco.gov.in/","educational"
180,"Blood Storage and Transportation","temperature","What temperature must Fresh Frozen Plasma (FFP) be stored at?","Fresh Frozen Plasma must be stored frozen at -18°C or colder (optimally -25°C to -30°C or colder), which maintains coagulation factor potency for up to one year.","FFP storage temperature,-18C,-30C,freezer","beginner","Drug Controller General of India (DCGI) / AABB Standards","https://cdsco.gov.in/","educational"
181,"Blood Storage and Transportation","is","How is blood safely transported between blood banks and hospitals?","Blood is transported in validated thermal cold boxes or dynamic battery-powered refrigerated transport containers equipped with calibrated continuous temperature loggers to ensure temperatures stay between 1°C and 10°C in transit.","blood transport,cold box,temperature logger,validation","intermediate","Drug Controller General of India (DCGI) / AABB Standards","https://cdsco.gov.in/","educational"
182,"Blood Storage and Transportation","is","What is the 30-minute rule for returned blood units?","If a refrigerated blood unit is removed from blood bank storage and not transfused, it must be returned to the blood bank within 30 minutes; otherwise, its temperature exceeds 10°C and it must be discarded to prevent bacterial growth.","30-minute rule,blood return,bacterial growth,spoilage","intermediate","Drug Controller General of India (DCGI) / AABB Standards","https://cdsco.gov.in/","educational"
183,"Blood Storage and Transportation","is","What is the cold chain in blood banking?","The blood cold chain is the continuous, unbroken temperature-controlled supply chain from the moment blood is drawn from the donor, through processing, testing, transit, and hospital storage, up to patient infusion.","blood cold chain,logistics,unbroken chain,telemetry","intermediate","Drug Controller General of India (DCGI) / AABB Standards","https://cdsco.gov.in/","educational"
184,"Rare Blood Groups","defines","What defines a rare blood group?","A blood group is officially considered rare if fewer than 1 in 1,000 individuals in a population possesses or lacks a specific red cell antigen phenotype, or extremely rare if fewer than 1 in 10,000 individuals.","rare blood group,definition,1 in 1000,phenotype","beginner","International Blood Group Reference Laboratory (IBGRL)","https://www.ibgrl.blood.co.uk/","educational"
185,"Rare Blood Groups","is","What is the Bombay blood group ($O_h$)?","The Bombay blood group is a rare recessive genetic blood type where individuals fail to inherit the functional FUT1 gene, meaning they cannot synthesize the foundational H antigen on red blood cells.","Bombay blood group,Oh phenotype,FUT1,H antigen","intermediate","International Blood Group Reference Laboratory (IBGRL)","https://www.ibgrl.blood.co.uk/","educational"
186,"Rare Blood Groups","can","Why can Bombay blood group individuals only receive Bombay blood?","Because Bombay individuals lack the H antigen, their immune system develops potent anti-H antibodies alongside anti-A and anti-B. Any normal blood (including universal O-negative, which is rich in H antigen) will cause catastrophic hemolysis.","Bombay blood compatibility,anti-H antibodies,fatal hemolysis","intermediate","International Blood Group Reference Laboratory (IBGRL)","https://www.ibgrl.blood.co.uk/","educational"
187,"Rare Blood Groups","was","How was the Bombay blood group discovered?","The Bombay blood group was discovered in 1952 in Bombay (now Mumbai), India, by Dr. Y. M. Bhende and colleagues when a patient requiring transfusion had blood that agglutinated against every tested ABO group.","discovery of Bombay blood,1952,Dr Bhende,Mumbai","beginner","International Blood Group Reference Laboratory (IBGRL)","https://www.ibgrl.blood.co.uk/","educational"
188,"Rare Blood Groups","is","What is Rh-null blood ('golden blood')?","Rh-null is an exceptionally rare blood phenotype characterized by the complete absence of all 61 antigens in the Rh blood group system. Since its discovery in 1961, fewer than 50 individuals worldwide have been identified with this blood type.","Rh-null,golden blood,lacks all Rh antigens,rare","intermediate","International Blood Group Reference Laboratory (IBGRL)","https://www.ibgrl.blood.co.uk/","educational"
189,"Rare Blood Groups","is","Why is Rh-null blood called 'golden blood'?","It is called 'golden blood' because it can serve as a universal donor red cell unit for anyone in the world with rare Rh-system antibodies; however, finding donors is extraordinarily difficult, and Rh-null individuals can only receive Rh-null blood.","golden blood significance,universal Rh donor","intermediate","International Blood Group Reference Laboratory (IBGRL)","https://www.ibgrl.blood.co.uk/","educational"
190,"Blood Disorders","is","What is anemia?","Anemia is a pathological condition where the blood lacks adequate healthy red blood cells or hemoglobin, impairing tissue oxygenation and causing fatigue, pallor, dizziness, and dyspnea.","anemia,definition,fatigue,pallor,hemoglobin","beginner","World Health Organization (WHO) / Centers for Disease Control and Prevention (CDC)","https://www.cdc.gov/ncbddd/blooddisorders/","educational"
191,"Blood Disorders","is","What is iron-deficiency anemia?","Iron-deficiency anemia is the most common nutritional anemia worldwide, resulting from depleted bodily iron stores needed to synthesize the heme moiety of hemoglobin, characterized by microcytic hypochromic red cells.","iron deficiency anemia,microcytic,ferritin","beginner","World Health Organization (WHO) / Centers for Disease Control and Prevention (CDC)","https://www.cdc.gov/ncbddd/blooddisorders/","educational"
192,"Blood Disorders","is","What is sickle cell disease?","Sickle cell disease is an autosomal recessive genetic disorder caused by a single point mutation in the $\beta$-globin gene (HbS), producing abnormal hemoglobin that polymerizes under deoxygenation, distorting erythrocytes into rigid sickle shapes.","sickle cell disease,HbS,sickling,vaso-occlusion","intermediate","World Health Organization (WHO) / Centers for Disease Control and Prevention (CDC)","https://www.cdc.gov/ncbddd/blooddisorders/","educational"
193,"Blood Disorders","is","What is a sickle cell vaso-occlusive crisis?","A vaso-occlusive crisis is an excruciatingly painful complication where rigid, sickled red blood cells clump together and obstruct microvascular capillaries, depriving tissues and bones of blood flow and oxygen.","vaso-occlusive crisis,sickle pain crisis,ischemia","intermediate","World Health Organization (WHO) / Centers for Disease Control and Prevention (CDC)","https://www.cdc.gov/ncbddd/blooddisorders/","educational"
194,"Blood Disorders","is","What is thalassemia?","Thalassemia is an inherited hemoglobinopathy characterized by deficient or absent synthesis of either alpha ($\alpha$) or beta ($\beta$) globin chains of hemoglobin, resulting in chronic microcytic anemia, ineffective erythropoiesis, and hemolysis.","thalassemia,alpha thalassemia,beta thalassemia,globin","intermediate","World Health Organization (WHO) / Centers for Disease Control and Prevention (CDC)","https://www.cdc.gov/ncbddd/blooddisorders/","educational"
195,"Blood Disorders","do","Why do patients with Thalassemia Major need lifelong blood transfusions?","Patients with Thalassemia Major cannot produce functional adult hemoglobin (HbA) and experience severe life-threatening anemia; they require regular blood transfusions every 2 to 4 weeks to survive and sustain normal growth.","thalassemia major,chronic transfusions,chelation","intermediate","World Health Organization (WHO) / Centers for Disease Control and Prevention (CDC)","https://www.cdc.gov/ncbddd/blooddisorders/","educational"
196,"Blood Disorders","is","What is hemophilia?","Hemophilia is an X-linked recessive genetic bleeding disorder in which the blood fails to clot properly due to deficiency of clotting Factor VIII (Hemophilia A) or Factor IX (Hemophilia B).","hemophilia,bleeding disorder,Factor VIII,Factor IX","beginner","World Health Organization (WHO) / Centers for Disease Control and Prevention (CDC)","https://www.cdc.gov/ncbddd/blooddisorders/","educational"
197,"Blood Disorders","is","What is leukemia?","Leukemia is a cancer of blood-forming tissues, including the bone marrow and lymphatic system, characterized by the uncontrolled rapid proliferation of abnormal, immature white blood cells (blasts).","leukemia,blood cancer,bone marrow,blasts","intermediate","World Health Organization (WHO) / Centers for Disease Control and Prevention (CDC)","https://www.cdc.gov/ncbddd/blooddisorders/","educational"
198,"Blood Disorders","is","What is deep vein thrombosis (DVT)?","Deep vein thrombosis (DVT) is a serious condition where an abnormal blood clot (thrombus) forms inside deep veins, most commonly in the legs or pelvis, risking life-threatening pulmonary embolism if it dislodges.","deep vein thrombosis,DVT,blood clot,pulmonary embolism","intermediate","World Health Organization (WHO) / Centers for Disease Control and Prevention (CDC)","https://www.cdc.gov/ncbddd/blooddisorders/","educational"
199,"Myths and Facts","Does","Myth: Does donating blood make a person permanently weak?","FACT: No! Donating blood does not cause permanent weakness. The body replenishes lost fluid volume within 24 to 48 hours, and bone marrow replaces all donated red blood cells within 4 to 8 weeks.","myth blood donation weakness,energy,recovery","beginner","World Health Organization (WHO) Mythbusters","https://www.who.int/","educational"
200,"Myths and Facts","Can","Myth: Can you catch HIV or Hepatitis from donating blood?","FACT: No! It is physically impossible to catch any infection from donating blood. Blood collection centers use brand new, individually wrapped, sterile, single-use disposable needles that are immediately discarded after one use.","myth catch HIV from donation,sterile equipment","beginner","World Health Organization (WHO) Mythbusters","https://www.who.int/","educational"
201,"Myths and Facts","Does","Myth: Does blood donation reduce sexual drive or fertility?","FACT: No. Blood donation has zero biological connection to sexual potency, hormonal libido, or reproductive fertility in either men or women.","myth sexual drive,fertility,blood donation","beginner","World Health Organization (WHO) Mythbusters","https://www.who.int/","educational"
202,"Myths and Facts","Does","Myth: Does blood donation cause weight gain or obesity?","FACT: No. Donating blood does not cause weight gain or alter your basal metabolic rate. Blood donation actually burns approximately 650 calories as the body synthesizes replacement cells.","myth weight gain,obesity,blood donation","beginner","World Health Organization (WHO) Mythbusters","https://www.who.int/","educational"
203,"Myths and Facts","Is","Myth: Is blood donation painful and agonizing?","FACT: No. Donors experience only a slight sting for 1 to 2 seconds when the sterile needle is inserted. The collection process itself is comfortable and painless.","myth pain,needle sting,comfort","beginner","World Health Organization (WHO) Mythbusters","https://www.who.int/","educational"
204,"Myths and Facts","Can","Myth: Can vegetarians donate blood?","FACT: Yes! Vegetarians can donate blood without issue provided their iron intake is adequate and their pre-donation hemoglobin level meets the standard minimum of $\ge 12.5\text{ g/dL}$.","myth vegetarian blood donation,iron,hemoglobin","beginner","World Health Organization (WHO) Mythbusters","https://www.who.int/","educational"
205,"Myths and Facts","Does","Myth: Does donating blood deplete your body's blood supply permanently?","FACT: No! The human body is a dynamic blood-producing factory. The bone marrow continually produces 2 to 3 million red cells every second, rapidly replacing all donated components.","myth blood depletion,bone marrow regeneration","beginner","World Health Organization (WHO) Mythbusters","https://www.who.int/","educational"
206,"Myths and Facts","Do","Myth: Do people with high blood pressure never qualify to donate?","FACT: No. Individuals with hypertension can donate if their blood pressure is controlled and within safe parameters (systolic 100-140 mm Hg, diastolic 60-90 mm Hg) at the time of screening.","myth high blood pressure donation,hypertension","beginner","World Health Organization (WHO) Mythbusters","https://www.who.int/","educational"
207,"First-Time Donors","First-Time Donors","What should a first-time donor expect?","First-time donors undergo confidential health screening, private vitals and hemoglobin checks, sterile collection lasting 8-12 minutes, followed by 15 minutes of rest with juice and snacks. Total time is under one hour.","first-time donor,process,expectations,screening","intermediate","World Health Organization / National Blood Services","https://www.who.int/campaigns/world-blood-donor-day","educational"
208,"First-Time Donors","First-Time Donors","Is it normal to be nervous before your first blood donation?","Yes, mild nervousness is very common. Knowing that collection uses sterile single-use needles, causes only a momentary pinch, and saves up to three lives helps first-timers feel confident.","nervousness,first donation,needle fear","intermediate","World Health Organization / National Blood Services","https://www.who.int/campaigns/world-blood-donor-day","educational"
209,"Pre-Donation Preparation","Pre-Donation Preparation","What should I eat before donating blood?","Eat a healthy, regular meal rich in complex carbohydrates and lean protein 2 to 4 hours before donating. Avoid fatty or greasy foods (like deep-fried snacks or burgers) which cause lipemic plasma that interferes with viral testing.","pre-donation diet,fatty foods,lipemic plasma","intermediate","World Health Organization / National Blood Services","https://www.who.int/campaigns/world-blood-donor-day","educational"
210,"Pre-Donation Preparation","Pre-Donation Preparation","Why is drinking water before donation so important?","Drinking 500 mL of water 20 to 30 minutes before donation expands intravascular volume, stabilizes blood pressure, makes veins easier to access, and cuts vasovagal fainting episodes by over 50%.","hydration,water intake,vasovagal prevention","intermediate","World Health Organization / National Blood Services","https://www.who.int/campaigns/world-blood-donor-day","educational"
211,"Post-Donation Care","Post-Donation Care","Can I exercise after donating blood?","Avoid strenuous physical exercise, heavy weightlifting, running, or high-intensity sports for 24 hours after donating to allow your circulatory volume to fully stabilize and avoid hematoma formation at the venipuncture site.","exercise post donation,weightlifting,gym","intermediate","World Health Organization / National Blood Services","https://www.who.int/campaigns/world-blood-donor-day","educational"
212,"Post-Donation Care","Post-Donation Care","Why did a bruise form at my donation site?","A small bruise (hematoma) can form if a tiny amount of blood seeps from the punctured vein into surrounding tissue. Applying a cold ice pack for 24 hours followed by warm compresses resolves it within a few days.","bruise,hematoma,venipuncture care","intermediate","World Health Organization / National Blood Services","https://www.who.int/campaigns/world-blood-donor-day","educational"
213,"Blood Clotting","Blood Clotting","What is the coagulation cascade?","The coagulation cascade is a physiological series of enzyme reactions where inactive clotting factor zymogens are sequentially activated, ultimately converting prothrombin to thrombin, which cleaves soluble fibrinogen into an insoluble fibrin mesh.","coagulation cascade,thrombin,fibrin,clotting factors","intermediate","World Health Organization / National Blood Services","https://www.who.int/campaigns/world-blood-donor-day","educational"
214,"Blood Clotting","Blood Clotting","What role does vitamin K play in blood clotting?","Vitamin K is an indispensable cofactor for gamma-glutamyl carboxylase in the liver, enabling activation of clotting Factors II (prothrombin), VII, IX, and X, as well as regulatory Proteins C and S.","vitamin K,coagulation factors,prothrombin,liver","intermediate","World Health Organization / National Blood Services","https://www.who.int/campaigns/world-blood-donor-day","educational"
215,"Blood Clotting","Blood Clotting","What role does calcium play in blood clotting?","Calcium (Factor IV) acts as an essential cofactor that binds negatively charged phospholipids on activated platelet membranes with clotting factors; without calcium, blood cannot clot, which is why blood bank collection bags use citrate to bind calcium and prevent clotting.","calcium in clotting,Factor IV,citrate anticoagulant","intermediate","World Health Organization / National Blood Services","https://www.who.int/campaigns/world-blood-donor-day","educational"
216,"Antibodies","Antibodies","What are isohemagglutinins?","Isohemagglutinins are naturally occurring IgM antibodies directed against ABO antigens absent from an individual's own red blood cells (e.g., anti-A in group B, anti-B in group A).","isohemagglutinins,IgM,ABO antibodies,natural antibodies","intermediate","World Health Organization / National Blood Services","https://www.who.int/campaigns/world-blood-donor-day","educational"
217,"Antigens","Antigens","What is an erythrocyte antigen?","An erythrocyte antigen is a specific molecular structure (carbohydrate oligosaccharide or transmembrane protein) projecting from the red cell membrane that can be recognized by antibodies.","erythrocyte antigen,surface marker,membrane protein","intermediate","World Health Organization / National Blood Services","https://www.who.int/campaigns/world-blood-donor-day","educational"
218,"Blood Circulation","Blood Circulation","What is systemic circulation versus pulmonary circulation?","Pulmonary circulation transports deoxygenated blood from the right heart to the lungs for gas exchange and returns oxygenated blood to the left heart. Systemic circulation pumps oxygenated blood from the left heart through arteries to body tissues and returns deoxygenated blood via veins.","systemic circulation,pulmonary circulation,gas exchange","intermediate","World Health Organization / National Blood Services","https://www.who.int/campaigns/world-blood-donor-day","educational"
219,"Heart and Blood Circulation","Heart and Blood Circulation","How much blood does the heart pump each minute?","At rest, a healthy adult human heart pumps approximately 5 liters of blood per minute (cardiac output), effectively circulating the body's entire blood volume through the vascular tree every 60 seconds.","cardiac output,5 liters per minute,heart pump","intermediate","World Health Organization / National Blood Services","https://www.who.int/campaigns/world-blood-donor-day","educational"
220,"Blood Pressure","Blood Pressure","What do systolic and diastolic blood pressure numbers mean?","Systolic pressure (the upper number) measures the peak hydrostatic pressure exerted on arterial walls when the heart contracts; diastolic pressure (the lower number) measures arterial pressure during cardiac resting between beats.","systolic,diastolic,blood pressure definition","intermediate","World Health Organization / National Blood Services","https://www.who.int/campaigns/world-blood-donor-day","educational"
221,"Blood Pressure","Blood Pressure","Why can't someone with severe hypertension donate blood?","Uncontrolled hypertension increases risk of cardiovascular distress, headache, and severe venipuncture bleeding during phlebotomy, posing unacceptable donor safety hazards.","hypertension deferral,high BP risk,donor safety","intermediate","World Health Organization / National Blood Services","https://www.who.int/campaigns/world-blood-donor-day","educational"
222,"Hospital Blood Management","Hospital Blood Management","What is Patient Blood Management (PBM)?","Patient Blood Management is an evidence-based, multidisciplinary approach that optimizes the patient's own red cell mass, minimizes surgical blood loss, and optimizes anemia management to avoid unnecessary transfusions.","patient blood management,PBM,blood conservation","intermediate","World Health Organization / National Blood Services","https://www.who.int/campaigns/world-blood-donor-day","educational"
223,"Blood Conservation","Blood Conservation","What is intraoperative cell salvage (autotransfusion)?","Intraoperative cell salvage uses a specialized medical device (cell saver) during surgery to suction shed blood from the operative field, wash and filter red blood cells, and re-infuse them directly into the patient.","cell salvage,cell saver,autotransfusion,blood conservation","intermediate","World Health Organization / National Blood Services","https://www.who.int/campaigns/world-blood-donor-day","educational"
224,"Emergency Blood Requests","Emergency Blood Requests","What is uncrossmatched emergency blood release?","In catastrophic trauma when a hemorrhaging patient will die before crossmatching can be completed (which takes 30-45 minutes), the hospital blood bank immediately releases emergency uncrossmatched O-negative (or O-positive for adult males) red blood cells.","emergency release,uncrossmatched blood,trauma resuscitation,O negative","intermediate","World Health Organization / National Blood Services","https://www.who.int/campaigns/world-blood-donor-day","educational"
225,"Emergency Blood Requests","Emergency Blood Requests","What is a massive transfusion protocol (MTP)?","MTP is a rapid response protocol activated in life-threatening hemorrhage that provides pre-balanced ratios of packed red blood cells, fresh frozen plasma, and platelets (typically 1:1:1) to prevent trauma-induced coagulopathy and hypothermia.","massive transfusion protocol,MTP,trauma 1:1:1 ratio","intermediate","World Health Organization / National Blood Services","https://www.who.int/campaigns/world-blood-donor-day","educational"
226,"Blood Component Utilization","Blood Component Utilization","Why shouldn't whole blood be given to every patient?","Most patients require only a specific missing fraction (e.g., anemic patients need red cells without fluid overload; thrombocytopenic patients need platelets). Fractionating blood conserves resources and avoids circulatory overload.","whole blood vs components,targeted therapy,TACO prevention","intermediate","World Health Organization / National Blood Services","https://www.who.int/campaigns/world-blood-donor-day","educational"
227,"Common Misconceptions","Common Misconceptions","Can someone who had malaria donate blood after recovery?","In most blood services, individuals who had malaria can donate after completing treatment and remaining completely asymptomatic for 3 years, provided antibody/microscopic screening tests are negative.","malaria recovery donation,3 years deferral","intermediate","World Health Organization / National Blood Services","https://www.who.int/campaigns/world-blood-donor-day","educational"
228,"Common Misconceptions","Common Misconceptions","Can someone on thyroid medication donate blood?","Yes. Individuals taking thyroid hormone replacement medications (like levothyroxine) can donate blood provided they are clinically euthyroid and feeling healthy.","thyroid medication,levothyroxine,hypothyroidism","intermediate","World Health Organization / National Blood Services","https://www.who.int/campaigns/world-blood-donor-day","educational"
229,"Student Questions","Student Questions","Why is Type O blood called the universal donor for red cells?","Because Type O red blood cells lack both A and B surface antigens. As a result, the recipient's anti-A or anti-B antibodies cannot recognize or destroy the transfused Type O red cells.","universal donor explanation,lack of antigens,ABO system","intermediate","World Health Organization / National Blood Services","https://www.who.int/campaigns/world-blood-donor-day","educational"
230,"Student Questions","Student Questions","What is agglutination in blood typing?","Agglutination is the visible clumping together of red blood cells that occurs when specific antibody molecules bind to corresponding antigen molecules on adjacent erythrocyte membranes.","agglutination,blood clumping,antibody antigen binding","intermediate","World Health Organization / National Blood Services","https://www.who.int/campaigns/world-blood-donor-day","educational"
231,"Blood Basics","Education and Guidelines","How does blood basics affect human health?","Understanding blood basics is fundamental to clinical hematology and public health. It ensures accurate diagnosis of circulatory and metabolic conditions and guides safe transfusion practice.","blood basics,guidelines,blood science,safety","beginner","National Blood Transfusion Council / WHO","https://www.who.int/initiatives/blood-safety","educational"
232,"Blood Basics","Education and Guidelines","What are the medical guidelines for blood basics?","Medical standards for blood basics are established by regulatory bodies like WHO, national blood councils, and drug controllers to maximize donor safety, safeguard recipient health, and guarantee cold-chain integrity.","blood basics,guidelines,blood science,safety","intermediate","National Blood Transfusion Council / WHO","https://www.who.int/initiatives/blood-safety","educational"
233,"Blood Basics","Education and Guidelines","Why is blood basics monitored in blood transfusion services?","Blood transfusion centers monitor blood basics to prevent adverse hemolytic and non-hemolytic reactions, reduce infection transmission, and maintain adequate inventory of compatible blood components.","blood basics,guidelines,blood science,safety","intermediate","National Blood Transfusion Council / WHO","https://www.who.int/initiatives/blood-safety","educational"
234,"Blood Basics","Education and Guidelines","What role does blood basics play in donor screening?","During donor screening, protocols evaluating blood basics help ensure that eligible donors are in good health and that donated units meet all biological quality standards.","blood basics,guidelines,blood science,safety","beginner","National Blood Transfusion Council / WHO","https://www.who.int/initiatives/blood-safety","educational"
235,"Blood Basics","Education and Guidelines","What are common misconceptions about blood basics?","Common misconceptions about blood basics often arise from lack of awareness. Evidence-based hematology and authorized blood services clarify that modern blood banking protocols are extremely safe and tightly regulated.","blood basics,guidelines,blood science,safety","beginner","National Blood Transfusion Council / WHO","https://www.who.int/initiatives/blood-safety","educational"
236,"Blood Basics","Education and Guidelines","What is the physiological significance of blood basics?","In human physiology, blood basics contributes directly to circulatory homeostasis, cellular oxygen delivery, immune defense, and vascular equilibrium.","blood basics,guidelines,blood science,safety","intermediate","National Blood Transfusion Council / WHO","https://www.who.int/initiatives/blood-safety","educational"
237,"Blood Basics","Education and Guidelines","What should patients and donors know regarding blood basics?","Patients and donors should know that blood basics is managed using strict medical protocols, and any personalized health decisions should always be reviewed with qualified healthcare providers.","blood basics,guidelines,blood science,safety","beginner","National Blood Transfusion Council / WHO","https://www.who.int/initiatives/blood-safety","educational"
238,"Blood Basics","Education and Guidelines","How does scientific research improve blood basics?","Continuous scientific research in blood basics enhances pathogen inactivation, nucleic acid testing sensitivity, component preservation, and automated apheresis technologies worldwide.","blood basics,guidelines,blood science,safety","intermediate","National Blood Transfusion Council / WHO","https://www.who.int/initiatives/blood-safety","educational"
239,"Blood Basics","Education and Guidelines","What diagnostic laboratory tests evaluate blood basics?","Diagnostic evaluations include complete blood counts (CBC), automated serological assays, molecular nucleic acid testing (NAT), and microfluidic crossmatching.","blood basics,guidelines,blood science,safety","intermediate","National Blood Transfusion Council / WHO","https://www.who.int/initiatives/blood-safety","educational"
240,"Blood Basics","Education and Guidelines","What is the historical evolution of blood basics?","From early direct transfusions to modern component therapy, leukoreduction, and computerized inventory networks, the understanding of blood basics has made transfusion medicine exceptionally safe.","blood basics,guidelines,blood science,safety","intermediate","National Blood Transfusion Council / WHO","https://www.who.int/initiatives/blood-safety","educational"
241,"Blood Basics","Education and Guidelines","How do international standards regulate blood basics?","International bodies such as the WHO, AABB, and ISBT set harmonized standards for blood basics covering donor qualification, component preservation, and hemovigilance reporting.","blood basics,guidelines,blood science,safety","advanced","National Blood Transfusion Council / WHO","https://www.who.int/initiatives/blood-safety","educational"
242,"Blood Basics","Education and Guidelines","What are the key safety precautions concerning blood basics?","Key precautions include strict sterile single-use equipment, rigorous donor eligibility assessments, temperature-controlled cold chains, and multi-tier blood testing before release.","blood basics,guidelines,blood science,safety","beginner","National Blood Transfusion Council / WHO","https://www.who.int/initiatives/blood-safety","educational"
243,"Blood Basics","Education and Guidelines","How can the public support improvements in blood basics?","The public can support the healthcare system by donating blood regularly, dispelling common donation myths, and encouraging community participation in voluntary blood camps.","blood basics,guidelines,blood science,safety","beginner","National Blood Transfusion Council / WHO","https://www.who.int/initiatives/blood-safety","educational"
244,"Blood Basics","Education and Guidelines","What happens during emergency scenarios involving blood basics?","In emergencies, rapid-response logistics ensure that compatible blood components are mobilized immediately to trauma centers while maintaining strict trace-and-track cold chain standards.","blood basics,guidelines,blood science,safety","intermediate","National Blood Transfusion Council / WHO","https://www.who.int/initiatives/blood-safety","educational"
245,"Blood Functions","Education and Guidelines","How does blood functions affect human health?","Understanding blood functions is fundamental to clinical hematology and public health. It ensures accurate diagnosis of circulatory and metabolic conditions and guides safe transfusion practice.","blood functions,guidelines,blood science,safety","beginner","National Blood Transfusion Council / WHO","https://www.who.int/initiatives/blood-safety","educational"
246,"Blood Functions","Education and Guidelines","What are the medical guidelines for blood functions?","Medical standards for blood functions are established by regulatory bodies like WHO, national blood councils, and drug controllers to maximize donor safety, safeguard recipient health, and guarantee cold-chain integrity.","blood functions,guidelines,blood science,safety","intermediate","National Blood Transfusion Council / WHO","https://www.who.int/initiatives/blood-safety","educational"
247,"Blood Functions","Education and Guidelines","Why is blood functions monitored in blood transfusion services?","Blood transfusion centers monitor blood functions to prevent adverse hemolytic and non-hemolytic reactions, reduce infection transmission, and maintain adequate inventory of compatible blood components.","blood functions,guidelines,blood science,safety","intermediate","National Blood Transfusion Council / WHO","https://www.who.int/initiatives/blood-safety","educational"
248,"Blood Functions","Education and Guidelines","What role does blood functions play in donor screening?","During donor screening, protocols evaluating blood functions help ensure that eligible donors are in good health and that donated units meet all biological quality standards.","blood functions,guidelines,blood science,safety","beginner","National Blood Transfusion Council / WHO","https://www.who.int/initiatives/blood-safety","educational"
249,"Blood Functions","Education and Guidelines","What are common misconceptions about blood functions?","Common misconceptions about blood functions often arise from lack of awareness. Evidence-based hematology and authorized blood services clarify that modern blood banking protocols are extremely safe and tightly regulated.","blood functions,guidelines,blood science,safety","beginner","National Blood Transfusion Council / WHO","https://www.who.int/initiatives/blood-safety","educational"
250,"Blood Functions","Education and Guidelines","What is the physiological significance of blood functions?","In human physiology, blood functions contributes directly to circulatory homeostasis, cellular oxygen delivery, immune defense, and vascular equilibrium.","blood functions,guidelines,blood science,safety","intermediate","National Blood Transfusion Council / WHO","https://www.who.int/initiatives/blood-safety","educational"
251,"Blood Functions","Education and Guidelines","What should patients and donors know regarding blood functions?","Patients and donors should know that blood functions is managed using strict medical protocols, and any personalized health decisions should always be reviewed with qualified healthcare providers.","blood functions,guidelines,blood science,safety","beginner","National Blood Transfusion Council / WHO","https://www.who.int/initiatives/blood-safety","educational"
252,"Blood Functions","Education and Guidelines","How does scientific research improve blood functions?","Continuous scientific research in blood functions enhances pathogen inactivation, nucleic acid testing sensitivity, component preservation, and automated apheresis technologies worldwide.","blood functions,guidelines,blood science,safety","intermediate","National Blood Transfusion Council / WHO","https://www.who.int/initiatives/blood-safety","educational"
253,"Blood Functions","Education and Guidelines","What diagnostic laboratory tests evaluate blood functions?","Diagnostic evaluations include complete blood counts (CBC), automated serological assays, molecular nucleic acid testing (NAT), and microfluidic crossmatching.","blood functions,guidelines,blood science,safety","intermediate","National Blood Transfusion Council / WHO","https://www.who.int/initiatives/blood-safety","educational"
254,"Blood Functions","Education and Guidelines","What is the historical evolution of blood functions?","From early direct transfusions to modern component therapy, leukoreduction, and computerized inventory networks, the understanding of blood functions has made transfusion medicine exceptionally safe.","blood functions,guidelines,blood science,safety","intermediate","National Blood Transfusion Council / WHO","https://www.who.int/initiatives/blood-safety","educational"
255,"Blood Functions","Education and Guidelines","How do international standards regulate blood functions?","International bodies such as the WHO, AABB, and ISBT set harmonized standards for blood functions covering donor qualification, component preservation, and hemovigilance reporting.","blood functions,guidelines,blood science,safety","advanced","National Blood Transfusion Council / WHO","https://www.who.int/initiatives/blood-safety","educational"
256,"Blood Functions","Education and Guidelines","What are the key safety precautions concerning blood functions?","Key precautions include strict sterile single-use equipment, rigorous donor eligibility assessments, temperature-controlled cold chains, and multi-tier blood testing before release.","blood functions,guidelines,blood science,safety","beginner","National Blood Transfusion Council / WHO","https://www.who.int/initiatives/blood-safety","educational"
257,"Blood Functions","Education and Guidelines","How can the public support improvements in blood functions?","The public can support the healthcare system by donating blood regularly, dispelling common donation myths, and encouraging community participation in voluntary blood camps.","blood functions,guidelines,blood science,safety","beginner","National Blood Transfusion Council / WHO","https://www.who.int/initiatives/blood-safety","educational"
258,"Blood Functions","Education and Guidelines","What happens during emergency scenarios involving blood functions?","In emergencies, rapid-response logistics ensure that compatible blood components are mobilized immediately to trauma centers while maintaining strict trace-and-track cold chain standards.","blood functions,guidelines,blood science,safety","intermediate","National Blood Transfusion Council / WHO","https://www.who.int/initiatives/blood-safety","educational"
259,"Blood Composition","Education and Guidelines","How does blood composition affect human health?","Understanding blood composition is fundamental to clinical hematology and public health. It ensures accurate diagnosis of circulatory and metabolic conditions and guides safe transfusion practice.","blood composition,guidelines,blood science,safety","beginner","National Blood Transfusion Council / WHO","https://www.who.int/initiatives/blood-safety","educational"
260,"Blood Composition","Education and Guidelines","What are the medical guidelines for blood composition?","Medical standards for blood composition are established by regulatory bodies like WHO, national blood councils, and drug controllers to maximize donor safety, safeguard recipient health, and guarantee cold-chain integrity.","blood composition,guidelines,blood science,safety","intermediate","National Blood Transfusion Council / WHO","https://www.who.int/initiatives/blood-safety","educational"
261,"Blood Composition","Education and Guidelines","Why is blood composition monitored in blood transfusion services?","Blood transfusion centers monitor blood composition to prevent adverse hemolytic and non-hemolytic reactions, reduce infection transmission, and maintain adequate inventory of compatible blood components.","blood composition,guidelines,blood science,safety","intermediate","National Blood Transfusion Council / WHO","https://www.who.int/initiatives/blood-safety","educational"
262,"Blood Composition","Education and Guidelines","What role does blood composition play in donor screening?","During donor screening, protocols evaluating blood composition help ensure that eligible donors are in good health and that donated units meet all biological quality standards.","blood composition,guidelines,blood science,safety","beginner","National Blood Transfusion Council / WHO","https://www.who.int/initiatives/blood-safety","educational"
263,"Blood Composition","Education and Guidelines","What are common misconceptions about blood composition?","Common misconceptions about blood composition often arise from lack of awareness. Evidence-based hematology and authorized blood services clarify that modern blood banking protocols are extremely safe and tightly regulated.","blood composition,guidelines,blood science,safety","beginner","National Blood Transfusion Council / WHO","https://www.who.int/initiatives/blood-safety","educational"
264,"Blood Composition","Education and Guidelines","What is the physiological significance of blood composition?","In human physiology, blood composition contributes directly to circulatory homeostasis, cellular oxygen delivery, immune defense, and vascular equilibrium.","blood composition,guidelines,blood science,safety","intermediate","National Blood Transfusion Council / WHO","https://www.who.int/initiatives/blood-safety","educational"
265,"Blood Composition","Education and Guidelines","What should patients and donors know regarding blood composition?","Patients and donors should know that blood composition is managed using strict medical protocols, and any personalized health decisions should always be reviewed with qualified healthcare providers.","blood composition,guidelines,blood science,safety","beginner","National Blood Transfusion Council / WHO","https://www.who.int/initiatives/blood-safety","educational"
266,"Blood Composition","Education and Guidelines","How does scientific research improve blood composition?","Continuous scientific research in blood composition enhances pathogen inactivation, nucleic acid testing sensitivity, component preservation, and automated apheresis technologies worldwide.","blood composition,guidelines,blood science,safety","intermediate","National Blood Transfusion Council / WHO","https://www.who.int/initiatives/blood-safety","educational"
267,"Blood Composition","Education and Guidelines","What diagnostic laboratory tests evaluate blood composition?","Diagnostic evaluations include complete blood counts (CBC), automated serological assays, molecular nucleic acid testing (NAT), and microfluidic crossmatching.","blood composition,guidelines,blood science,safety","intermediate","National Blood Transfusion Council / WHO","https://www.who.int/initiatives/blood-safety","educational"
268,"Blood Composition","Education and Guidelines","What is the historical evolution of blood composition?","From early direct transfusions to modern component therapy, leukoreduction, and computerized inventory networks, the understanding of blood composition has made transfusion medicine exceptionally safe.","blood composition,guidelines,blood science,safety","intermediate","National Blood Transfusion Council / WHO","https://www.who.int/initiatives/blood-safety","educational"
269,"Blood Composition","Education and Guidelines","How do international standards regulate blood composition?","International bodies such as the WHO, AABB, and ISBT set harmonized standards for blood composition covering donor qualification, component preservation, and hemovigilance reporting.","blood composition,guidelines,blood science,safety","advanced","National Blood Transfusion Council / WHO","https://www.who.int/initiatives/blood-safety","educational"
270,"Blood Composition","Education and Guidelines","What are the key safety precautions concerning blood composition?","Key precautions include strict sterile single-use equipment, rigorous donor eligibility assessments, temperature-controlled cold chains, and multi-tier blood testing before release.","blood composition,guidelines,blood science,safety","beginner","National Blood Transfusion Council / WHO","https://www.who.int/initiatives/blood-safety","educational"
271,"Blood Composition","Education and Guidelines","How can the public support improvements in blood composition?","The public can support the healthcare system by donating blood regularly, dispelling common donation myths, and encouraging community participation in voluntary blood camps.","blood composition,guidelines,blood science,safety","beginner","National Blood Transfusion Council / WHO","https://www.who.int/initiatives/blood-safety","educational"
272,"Blood Composition","Education and Guidelines","What happens during emergency scenarios involving blood composition?","In emergencies, rapid-response logistics ensure that compatible blood components are mobilized immediately to trauma centers while maintaining strict trace-and-track cold chain standards.","blood composition,guidelines,blood science,safety","intermediate","National Blood Transfusion Council / WHO","https://www.who.int/initiatives/blood-safety","educational"
273,"Red Blood Cells","Education and Guidelines","How does red blood cells affect human health?","Understanding red blood cells is fundamental to clinical hematology and public health. It ensures accurate diagnosis of circulatory and metabolic conditions and guides safe transfusion practice.","red blood cells,guidelines,blood science,safety","beginner","National Blood Transfusion Council / WHO","https://www.who.int/initiatives/blood-safety","educational"
274,"Red Blood Cells","Education and Guidelines","What are the medical guidelines for red blood cells?","Medical standards for red blood cells are established by regulatory bodies like WHO, national blood councils, and drug controllers to maximize donor safety, safeguard recipient health, and guarantee cold-chain integrity.","red blood cells,guidelines,blood science,safety","intermediate","National Blood Transfusion Council / WHO","https://www.who.int/initiatives/blood-safety","educational"
275,"Red Blood Cells","Education and Guidelines","Why is red blood cells monitored in blood transfusion services?","Blood transfusion centers monitor red blood cells to prevent adverse hemolytic and non-hemolytic reactions, reduce infection transmission, and maintain adequate inventory of compatible blood components.","red blood cells,guidelines,blood science,safety","intermediate","National Blood Transfusion Council / WHO","https://www.who.int/initiatives/blood-safety","educational"
276,"Red Blood Cells","Education and Guidelines","What role does red blood cells play in donor screening?","During donor screening, protocols evaluating red blood cells help ensure that eligible donors are in good health and that donated units meet all biological quality standards.","red blood cells,guidelines,blood science,safety","beginner","National Blood Transfusion Council / WHO","https://www.who.int/initiatives/blood-safety","educational"
277,"Red Blood Cells","Education and Guidelines","What are common misconceptions about red blood cells?","Common misconceptions about red blood cells often arise from lack of awareness. Evidence-based hematology and authorized blood services clarify that modern blood banking protocols are extremely safe and tightly regulated.","red blood cells,guidelines,blood science,safety","beginner","National Blood Transfusion Council / WHO","https://www.who.int/initiatives/blood-safety","educational"
278,"Red Blood Cells","Education and Guidelines","What is the physiological significance of red blood cells?","In human physiology, red blood cells contributes directly to circulatory homeostasis, cellular oxygen delivery, immune defense, and vascular equilibrium.","red blood cells,guidelines,blood science,safety","intermediate","National Blood Transfusion Council / WHO","https://www.who.int/initiatives/blood-safety","educational"
279,"Red Blood Cells","Education and Guidelines","What should patients and donors know regarding red blood cells?","Patients and donors should know that red blood cells is managed using strict medical protocols, and any personalized health decisions should always be reviewed with qualified healthcare providers.","red blood cells,guidelines,blood science,safety","beginner","National Blood Transfusion Council / WHO","https://www.who.int/initiatives/blood-safety","educational"
280,"Red Blood Cells","Education and Guidelines","How does scientific research improve red blood cells?","Continuous scientific research in red blood cells enhances pathogen inactivation, nucleic acid testing sensitivity, component preservation, and automated apheresis technologies worldwide.","red blood cells,guidelines,blood science,safety","intermediate","National Blood Transfusion Council / WHO","https://www.who.int/initiatives/blood-safety","educational"
281,"Red Blood Cells","Education and Guidelines","What diagnostic laboratory tests evaluate red blood cells?","Diagnostic evaluations include complete blood counts (CBC), automated serological assays, molecular nucleic acid testing (NAT), and microfluidic crossmatching.","red blood cells,guidelines,blood science,safety","intermediate","National Blood Transfusion Council / WHO","https://www.who.int/initiatives/blood-safety","educational"
282,"Red Blood Cells","Education and Guidelines","What is the historical evolution of red blood cells?","From early direct transfusions to modern component therapy, leukoreduction, and computerized inventory networks, the understanding of red blood cells has made transfusion medicine exceptionally safe.","red blood cells,guidelines,blood science,safety","intermediate","National Blood Transfusion Council / WHO","https://www.who.int/initiatives/blood-safety","educational"
283,"Red Blood Cells","Education and Guidelines","How do international standards regulate red blood cells?","International bodies such as the WHO, AABB, and ISBT set harmonized standards for red blood cells covering donor qualification, component preservation, and hemovigilance reporting.","red blood cells,guidelines,blood science,safety","advanced","National Blood Transfusion Council / WHO","https://www.who.int/initiatives/blood-safety","educational"
284,"Red Blood Cells","Education and Guidelines","What are the key safety precautions concerning red blood cells?","Key precautions include strict sterile single-use equipment, rigorous donor eligibility assessments, temperature-controlled cold chains, and multi-tier blood testing before release.","red blood cells,guidelines,blood science,safety","beginner","National Blood Transfusion Council / WHO","https://www.who.int/initiatives/blood-safety","educational"
285,"Red Blood Cells","Education and Guidelines","How can the public support improvements in red blood cells?","The public can support the healthcare system by donating blood regularly, dispelling common donation myths, and encouraging community participation in voluntary blood camps.","red blood cells,guidelines,blood science,safety","beginner","National Blood Transfusion Council / WHO","https://www.who.int/initiatives/blood-safety","educational"
286,"Red Blood Cells","Education and Guidelines","What happens during emergency scenarios involving red blood cells?","In emergencies, rapid-response logistics ensure that compatible blood components are mobilized immediately to trauma centers while maintaining strict trace-and-track cold chain standards.","red blood cells,guidelines,blood science,safety","intermediate","National Blood Transfusion Council / WHO","https://www.who.int/initiatives/blood-safety","educational"
287,"White Blood Cells","Education and Guidelines","How does white blood cells affect human health?","Understanding white blood cells is fundamental to clinical hematology and public health. It ensures accurate diagnosis of circulatory and metabolic conditions and guides safe transfusion practice.","white blood cells,guidelines,blood science,safety","beginner","National Blood Transfusion Council / WHO","https://www.who.int/initiatives/blood-safety","educational"
288,"White Blood Cells","Education and Guidelines","What are the medical guidelines for white blood cells?","Medical standards for white blood cells are established by regulatory bodies like WHO, national blood councils, and drug controllers to maximize donor safety, safeguard recipient health, and guarantee cold-chain integrity.","white blood cells,guidelines,blood science,safety","intermediate","National Blood Transfusion Council / WHO","https://www.who.int/initiatives/blood-safety","educational"
289,"White Blood Cells","Education and Guidelines","Why is white blood cells monitored in blood transfusion services?","Blood transfusion centers monitor white blood cells to prevent adverse hemolytic and non-hemolytic reactions, reduce infection transmission, and maintain adequate inventory of compatible blood components.","white blood cells,guidelines,blood science,safety","intermediate","National Blood Transfusion Council / WHO","https://www.who.int/initiatives/blood-safety","educational"
290,"White Blood Cells","Education and Guidelines","What role does white blood cells play in donor screening?","During donor screening, protocols evaluating white blood cells help ensure that eligible donors are in good health and that donated units meet all biological quality standards.","white blood cells,guidelines,blood science,safety","beginner","National Blood Transfusion Council / WHO","https://www.who.int/initiatives/blood-safety","educational"
291,"White Blood Cells","Education and Guidelines","What are common misconceptions about white blood cells?","Common misconceptions about white blood cells often arise from lack of awareness. Evidence-based hematology and authorized blood services clarify that modern blood banking protocols are extremely safe and tightly regulated.","white blood cells,guidelines,blood science,safety","beginner","National Blood Transfusion Council / WHO","https://www.who.int/initiatives/blood-safety","educational"
292,"White Blood Cells","Education and Guidelines","What is the physiological significance of white blood cells?","In human physiology, white blood cells contributes directly to circulatory homeostasis, cellular oxygen delivery, immune defense, and vascular equilibrium.","white blood cells,guidelines,blood science,safety","intermediate","National Blood Transfusion Council / WHO","https://www.who.int/initiatives/blood-safety","educational"
293,"White Blood Cells","Education and Guidelines","What should patients and donors know regarding white blood cells?","Patients and donors should know that white blood cells is managed using strict medical protocols, and any personalized health decisions should always be reviewed with qualified healthcare providers.","white blood cells,guidelines,blood science,safety","beginner","National Blood Transfusion Council / WHO","https://www.who.int/initiatives/blood-safety","educational"
294,"White Blood Cells","Education and Guidelines","How does scientific research improve white blood cells?","Continuous scientific research in white blood cells enhances pathogen inactivation, nucleic acid testing sensitivity, component preservation, and automated apheresis technologies worldwide.","white blood cells,guidelines,blood science,safety","intermediate","National Blood Transfusion Council / WHO","https://www.who.int/initiatives/blood-safety","educational"
295,"White Blood Cells","Education and Guidelines","What diagnostic laboratory tests evaluate white blood cells?","Diagnostic evaluations include complete blood counts (CBC), automated serological assays, molecular nucleic acid testing (NAT), and microfluidic crossmatching.","white blood cells,guidelines,blood science,safety","intermediate","National Blood Transfusion Council / WHO","https://www.who.int/initiatives/blood-safety","educational"
296,"White Blood Cells","Education and Guidelines","What is the historical evolution of white blood cells?","From early direct transfusions to modern component therapy, leukoreduction, and computerized inventory networks, the understanding of white blood cells has made transfusion medicine exceptionally safe.","white blood cells,guidelines,blood science,safety","intermediate","National Blood Transfusion Council / WHO","https://www.who.int/initiatives/blood-safety","educational"
297,"White Blood Cells","Education and Guidelines","How do international standards regulate white blood cells?","International bodies such as the WHO, AABB, and ISBT set harmonized standards for white blood cells covering donor qualification, component preservation, and hemovigilance reporting.","white blood cells,guidelines,blood science,safety","advanced","National Blood Transfusion Council / WHO","https://www.who.int/initiatives/blood-safety","educational"
298,"White Blood Cells","Education and Guidelines","What are the key safety precautions concerning white blood cells?","Key precautions include strict sterile single-use equipment, rigorous donor eligibility assessments, temperature-controlled cold chains, and multi-tier blood testing before release.","white blood cells,guidelines,blood science,safety","beginner","National Blood Transfusion Council / WHO","https://www.who.int/initiatives/blood-safety","educational"
299,"White Blood Cells","Education and Guidelines","How can the public support improvements in white blood cells?","The public can support the healthcare system by donating blood regularly, dispelling common donation myths, and encouraging community participation in voluntary blood camps.","white blood cells,guidelines,blood science,safety","beginner","National Blood Transfusion Council / WHO","https://www.who.int/initiatives/blood-safety","educational"
300,"White Blood Cells","Education and Guidelines","What happens during emergency scenarios involving white blood cells?","In emergencies, rapid-response logistics ensure that compatible blood components are mobilized immediately to trauma centers while maintaining strict trace-and-track cold chain standards.","white blood cells,guidelines,blood science,safety","intermediate","National Blood Transfusion Council / WHO","https://www.who.int/initiatives/blood-safety","educational"
301,"Platelets","Education and Guidelines","How does platelets affect human health?","Understanding platelets is fundamental to clinical hematology and public health. It ensures accurate diagnosis of circulatory and metabolic conditions and guides safe transfusion practice.","platelets,guidelines,blood science,safety","beginner","National Blood Transfusion Council / WHO","https://www.who.int/initiatives/blood-safety","educational"
302,"Platelets","Education and Guidelines","What are the medical guidelines for platelets?","Medical standards for platelets are established by regulatory bodies like WHO, national blood councils, and drug controllers to maximize donor safety, safeguard recipient health, and guarantee cold-chain integrity.","platelets,guidelines,blood science,safety","intermediate","National Blood Transfusion Council / WHO","https://www.who.int/initiatives/blood-safety","educational"
303,"Platelets","Education and Guidelines","Why is platelets monitored in blood transfusion services?","Blood transfusion centers monitor platelets to prevent adverse hemolytic and non-hemolytic reactions, reduce infection transmission, and maintain adequate inventory of compatible blood components.","platelets,guidelines,blood science,safety","intermediate","National Blood Transfusion Council / WHO","https://www.who.int/initiatives/blood-safety","educational"
304,"Platelets","Education and Guidelines","What role does platelets play in donor screening?","During donor screening, protocols evaluating platelets help ensure that eligible donors are in good health and that donated units meet all biological quality standards.","platelets,guidelines,blood science,safety","beginner","National Blood Transfusion Council / WHO","https://www.who.int/initiatives/blood-safety","educational"
305,"Platelets","Education and Guidelines","What are common misconceptions about platelets?","Common misconceptions about platelets often arise from lack of awareness. Evidence-based hematology and authorized blood services clarify that modern blood banking protocols are extremely safe and tightly regulated.","platelets,guidelines,blood science,safety","beginner","National Blood Transfusion Council / WHO","https://www.who.int/initiatives/blood-safety","educational"
306,"Platelets","Education and Guidelines","What is the physiological significance of platelets?","In human physiology, platelets contributes directly to circulatory homeostasis, cellular oxygen delivery, immune defense, and vascular equilibrium.","platelets,guidelines,blood science,safety","intermediate","National Blood Transfusion Council / WHO","https://www.who.int/initiatives/blood-safety","educational"
307,"Platelets","Education and Guidelines","What should patients and donors know regarding platelets?","Patients and donors should know that platelets is managed using strict medical protocols, and any personalized health decisions should always be reviewed with qualified healthcare providers.","platelets,guidelines,blood science,safety","beginner","National Blood Transfusion Council / WHO","https://www.who.int/initiatives/blood-safety","educational"
308,"Platelets","Education and Guidelines","How does scientific research improve platelets?","Continuous scientific research in platelets enhances pathogen inactivation, nucleic acid testing sensitivity, component preservation, and automated apheresis technologies worldwide.","platelets,guidelines,blood science,safety","intermediate","National Blood Transfusion Council / WHO","https://www.who.int/initiatives/blood-safety","educational"
309,"Platelets","Education and Guidelines","What diagnostic laboratory tests evaluate platelets?","Diagnostic evaluations include complete blood counts (CBC), automated serological assays, molecular nucleic acid testing (NAT), and microfluidic crossmatching.","platelets,guidelines,blood science,safety","intermediate","National Blood Transfusion Council / WHO","https://www.who.int/initiatives/blood-safety","educational"
310,"Platelets","Education and Guidelines","What is the historical evolution of platelets?","From early direct transfusions to modern component therapy, leukoreduction, and computerized inventory networks, the understanding of platelets has made transfusion medicine exceptionally safe.","platelets,guidelines,blood science,safety","intermediate","National Blood Transfusion Council / WHO","https://www.who.int/initiatives/blood-safety","educational"
311,"Platelets","Education and Guidelines","How do international standards regulate platelets?","International bodies such as the WHO, AABB, and ISBT set harmonized standards for platelets covering donor qualification, component preservation, and hemovigilance reporting.","platelets,guidelines,blood science,safety","advanced","National Blood Transfusion Council / WHO","https://www.who.int/initiatives/blood-safety","educational"
312,"Platelets","Education and Guidelines","What are the key safety precautions concerning platelets?","Key precautions include strict sterile single-use equipment, rigorous donor eligibility assessments, temperature-controlled cold chains, and multi-tier blood testing before release.","platelets,guidelines,blood science,safety","beginner","National Blood Transfusion Council / WHO","https://www.who.int/initiatives/blood-safety","educational"
313,"Platelets","Education and Guidelines","How can the public support improvements in platelets?","The public can support the healthcare system by donating blood regularly, dispelling common donation myths, and encouraging community participation in voluntary blood camps.","platelets,guidelines,blood science,safety","beginner","National Blood Transfusion Council / WHO","https://www.who.int/initiatives/blood-safety","educational"
314,"Platelets","Education and Guidelines","What happens during emergency scenarios involving platelets?","In emergencies, rapid-response logistics ensure that compatible blood components are mobilized immediately to trauma centers while maintaining strict trace-and-track cold chain standards.","platelets,guidelines,blood science,safety","intermediate","National Blood Transfusion Council / WHO","https://www.who.int/initiatives/blood-safety","educational"
315,"Plasma","Education and Guidelines","How does plasma affect human health?","Understanding plasma is fundamental to clinical hematology and public health. It ensures accurate diagnosis of circulatory and metabolic conditions and guides safe transfusion practice.","plasma,guidelines,blood science,safety","beginner","National Blood Transfusion Council / WHO","https://www.who.int/initiatives/blood-safety","educational"
316,"Plasma","Education and Guidelines","What are the medical guidelines for plasma?","Medical standards for plasma are established by regulatory bodies like WHO, national blood councils, and drug controllers to maximize donor safety, safeguard recipient health, and guarantee cold-chain integrity.","plasma,guidelines,blood science,safety","intermediate","National Blood Transfusion Council / WHO","https://www.who.int/initiatives/blood-safety","educational"
317,"Plasma","Education and Guidelines","Why is plasma monitored in blood transfusion services?","Blood transfusion centers monitor plasma to prevent adverse hemolytic and non-hemolytic reactions, reduce infection transmission, and maintain adequate inventory of compatible blood components.","plasma,guidelines,blood science,safety","intermediate","National Blood Transfusion Council / WHO","https://www.who.int/initiatives/blood-safety","educational"
318,"Plasma","Education and Guidelines","What role does plasma play in donor screening?","During donor screening, protocols evaluating plasma help ensure that eligible donors are in good health and that donated units meet all biological quality standards.","plasma,guidelines,blood science,safety","beginner","National Blood Transfusion Council / WHO","https://www.who.int/initiatives/blood-safety","educational"
319,"Plasma","Education and Guidelines","What are common misconceptions about plasma?","Common misconceptions about plasma often arise from lack of awareness. Evidence-based hematology and authorized blood services clarify that modern blood banking protocols are extremely safe and tightly regulated.","plasma,guidelines,blood science,safety","beginner","National Blood Transfusion Council / WHO","https://www.who.int/initiatives/blood-safety","educational"
320,"Plasma","Education and Guidelines","What is the physiological significance of plasma?","In human physiology, plasma contributes directly to circulatory homeostasis, cellular oxygen delivery, immune defense, and vascular equilibrium.","plasma,guidelines,blood science,safety","intermediate","National Blood Transfusion Council / WHO","https://www.who.int/initiatives/blood-safety","educational"
321,"Plasma","Education and Guidelines","What should patients and donors know regarding plasma?","Patients and donors should know that plasma is managed using strict medical protocols, and any personalized health decisions should always be reviewed with qualified healthcare providers.","plasma,guidelines,blood science,safety","beginner","National Blood Transfusion Council / WHO","https://www.who.int/initiatives/blood-safety","educational"
322,"Plasma","Education and Guidelines","How does scientific research improve plasma?","Continuous scientific research in plasma enhances pathogen inactivation, nucleic acid testing sensitivity, component preservation, and automated apheresis technologies worldwide.","plasma,guidelines,blood science,safety","intermediate","National Blood Transfusion Council / WHO","https://www.who.int/initiatives/blood-safety","educational"
323,"Plasma","Education and Guidelines","What diagnostic laboratory tests evaluate plasma?","Diagnostic evaluations include complete blood counts (CBC), automated serological assays, molecular nucleic acid testing (NAT), and microfluidic crossmatching.","plasma,guidelines,blood science,safety","intermediate","National Blood Transfusion Council / WHO","https://www.who.int/initiatives/blood-safety","educational"
324,"Plasma","Education and Guidelines","What is the historical evolution of plasma?","From early direct transfusions to modern component therapy, leukoreduction, and computerized inventory networks, the understanding of plasma has made transfusion medicine exceptionally safe.","plasma,guidelines,blood science,safety","intermediate","National Blood Transfusion Council / WHO","https://www.who.int/initiatives/blood-safety","educational"
325,"Plasma","Education and Guidelines","How do international standards regulate plasma?","International bodies such as the WHO, AABB, and ISBT set harmonized standards for plasma covering donor qualification, component preservation, and hemovigilance reporting.","plasma,guidelines,blood science,safety","advanced","National Blood Transfusion Council / WHO","https://www.who.int/initiatives/blood-safety","educational"
326,"Plasma","Education and Guidelines","What are the key safety precautions concerning plasma?","Key precautions include strict sterile single-use equipment, rigorous donor eligibility assessments, temperature-controlled cold chains, and multi-tier blood testing before release.","plasma,guidelines,blood science,safety","beginner","National Blood Transfusion Council / WHO","https://www.who.int/initiatives/blood-safety","educational"
327,"Plasma","Education and Guidelines","How can the public support improvements in plasma?","The public can support the healthcare system by donating blood regularly, dispelling common donation myths, and encouraging community participation in voluntary blood camps.","plasma,guidelines,blood science,safety","beginner","National Blood Transfusion Council / WHO","https://www.who.int/initiatives/blood-safety","educational"
328,"Plasma","Education and Guidelines","What happens during emergency scenarios involving plasma?","In emergencies, rapid-response logistics ensure that compatible blood components are mobilized immediately to trauma centers while maintaining strict trace-and-track cold chain standards.","plasma,guidelines,blood science,safety","intermediate","National Blood Transfusion Council / WHO","https://www.who.int/initiatives/blood-safety","educational"
329,"Hemoglobin","Education and Guidelines","How does hemoglobin affect human health?","Understanding hemoglobin is fundamental to clinical hematology and public health. It ensures accurate diagnosis of circulatory and metabolic conditions and guides safe transfusion practice.","hemoglobin,guidelines,blood science,safety","beginner","National Blood Transfusion Council / WHO","https://www.who.int/initiatives/blood-safety","educational"
330,"Hemoglobin","Education and Guidelines","What are the medical guidelines for hemoglobin?","Medical standards for hemoglobin are established by regulatory bodies like WHO, national blood councils, and drug controllers to maximize donor safety, safeguard recipient health, and guarantee cold-chain integrity.","hemoglobin,guidelines,blood science,safety","intermediate","National Blood Transfusion Council / WHO","https://www.who.int/initiatives/blood-safety","educational"
331,"Hemoglobin","Education and Guidelines","Why is hemoglobin monitored in blood transfusion services?","Blood transfusion centers monitor hemoglobin to prevent adverse hemolytic and non-hemolytic reactions, reduce infection transmission, and maintain adequate inventory of compatible blood components.","hemoglobin,guidelines,blood science,safety","intermediate","National Blood Transfusion Council / WHO","https://www.who.int/initiatives/blood-safety","educational"
332,"Hemoglobin","Education and Guidelines","What role does hemoglobin play in donor screening?","During donor screening, protocols evaluating hemoglobin help ensure that eligible donors are in good health and that donated units meet all biological quality standards.","hemoglobin,guidelines,blood science,safety","beginner","National Blood Transfusion Council / WHO","https://www.who.int/initiatives/blood-safety","educational"
333,"Hemoglobin","Education and Guidelines","What are common misconceptions about hemoglobin?","Common misconceptions about hemoglobin often arise from lack of awareness. Evidence-based hematology and authorized blood services clarify that modern blood banking protocols are extremely safe and tightly regulated.","hemoglobin,guidelines,blood science,safety","beginner","National Blood Transfusion Council / WHO","https://www.who.int/initiatives/blood-safety","educational"
334,"Hemoglobin","Education and Guidelines","What is the physiological significance of hemoglobin?","In human physiology, hemoglobin contributes directly to circulatory homeostasis, cellular oxygen delivery, immune defense, and vascular equilibrium.","hemoglobin,guidelines,blood science,safety","intermediate","National Blood Transfusion Council / WHO","https://www.who.int/initiatives/blood-safety","educational"
335,"Hemoglobin","Education and Guidelines","What should patients and donors know regarding hemoglobin?","Patients and donors should know that hemoglobin is managed using strict medical protocols, and any personalized health decisions should always be reviewed with qualified healthcare providers.","hemoglobin,guidelines,blood science,safety","beginner","National Blood Transfusion Council / WHO","https://www.who.int/initiatives/blood-safety","educational"
336,"Hemoglobin","Education and Guidelines","How does scientific research improve hemoglobin?","Continuous scientific research in hemoglobin enhances pathogen inactivation, nucleic acid testing sensitivity, component preservation, and automated apheresis technologies worldwide.","hemoglobin,guidelines,blood science,safety","intermediate","National Blood Transfusion Council / WHO","https://www.who.int/initiatives/blood-safety","educational"
337,"Hemoglobin","Education and Guidelines","What diagnostic laboratory tests evaluate hemoglobin?","Diagnostic evaluations include complete blood counts (CBC), automated serological assays, molecular nucleic acid testing (NAT), and microfluidic crossmatching.","hemoglobin,guidelines,blood science,safety","intermediate","National Blood Transfusion Council / WHO","https://www.who.int/initiatives/blood-safety","educational"
338,"Hemoglobin","Education and Guidelines","What is the historical evolution of hemoglobin?","From early direct transfusions to modern component therapy, leukoreduction, and computerized inventory networks, the understanding of hemoglobin has made transfusion medicine exceptionally safe.","hemoglobin,guidelines,blood science,safety","intermediate","National Blood Transfusion Council / WHO","https://www.who.int/initiatives/blood-safety","educational"
339,"Hemoglobin","Education and Guidelines","How do international standards regulate hemoglobin?","International bodies such as the WHO, AABB, and ISBT set harmonized standards for hemoglobin covering donor qualification, component preservation, and hemovigilance reporting.","hemoglobin,guidelines,blood science,safety","advanced","National Blood Transfusion Council / WHO","https://www.who.int/initiatives/blood-safety","educational"
340,"Hemoglobin","Education and Guidelines","What are the key safety precautions concerning hemoglobin?","Key precautions include strict sterile single-use equipment, rigorous donor eligibility assessments, temperature-controlled cold chains, and multi-tier blood testing before release.","hemoglobin,guidelines,blood science,safety","beginner","National Blood Transfusion Council / WHO","https://www.who.int/initiatives/blood-safety","educational"
341,"Hemoglobin","Education and Guidelines","How can the public support improvements in hemoglobin?","The public can support the healthcare system by donating blood regularly, dispelling common donation myths, and encouraging community participation in voluntary blood camps.","hemoglobin,guidelines,blood science,safety","beginner","National Blood Transfusion Council / WHO","https://www.who.int/initiatives/blood-safety","educational"
342,"Hemoglobin","Education and Guidelines","What happens during emergency scenarios involving hemoglobin?","In emergencies, rapid-response logistics ensure that compatible blood components are mobilized immediately to trauma centers while maintaining strict trace-and-track cold chain standards.","hemoglobin,guidelines,blood science,safety","intermediate","National Blood Transfusion Council / WHO","https://www.who.int/initiatives/blood-safety","educational"
343,"Blood Groups","Education and Guidelines","How does blood groups affect human health?","Understanding blood groups is fundamental to clinical hematology and public health. It ensures accurate diagnosis of circulatory and metabolic conditions and guides safe transfusion practice.","blood groups,guidelines,blood science,safety","beginner","National Blood Transfusion Council / WHO","https://www.who.int/initiatives/blood-safety","educational"
344,"Blood Groups","Education and Guidelines","What are the medical guidelines for blood groups?","Medical standards for blood groups are established by regulatory bodies like WHO, national blood councils, and drug controllers to maximize donor safety, safeguard recipient health, and guarantee cold-chain integrity.","blood groups,guidelines,blood science,safety","intermediate","National Blood Transfusion Council / WHO","https://www.who.int/initiatives/blood-safety","educational"
345,"Blood Groups","Education and Guidelines","Why is blood groups monitored in blood transfusion services?","Blood transfusion centers monitor blood groups to prevent adverse hemolytic and non-hemolytic reactions, reduce infection transmission, and maintain adequate inventory of compatible blood components.","blood groups,guidelines,blood science,safety","intermediate","National Blood Transfusion Council / WHO","https://www.who.int/initiatives/blood-safety","educational"
346,"Blood Groups","Education and Guidelines","What role does blood groups play in donor screening?","During donor screening, protocols evaluating blood groups help ensure that eligible donors are in good health and that donated units meet all biological quality standards.","blood groups,guidelines,blood science,safety","beginner","National Blood Transfusion Council / WHO","https://www.who.int/initiatives/blood-safety","educational"
347,"Blood Groups","Education and Guidelines","What are common misconceptions about blood groups?","Common misconceptions about blood groups often arise from lack of awareness. Evidence-based hematology and authorized blood services clarify that modern blood banking protocols are extremely safe and tightly regulated.","blood groups,guidelines,blood science,safety","beginner","National Blood Transfusion Council / WHO","https://www.who.int/initiatives/blood-safety","educational"
348,"Blood Groups","Education and Guidelines","What is the physiological significance of blood groups?","In human physiology, blood groups contributes directly to circulatory homeostasis, cellular oxygen delivery, immune defense, and vascular equilibrium.","blood groups,guidelines,blood science,safety","intermediate","National Blood Transfusion Council / WHO","https://www.who.int/initiatives/blood-safety","educational"
349,"Blood Groups","Education and Guidelines","What should patients and donors know regarding blood groups?","Patients and donors should know that blood groups is managed using strict medical protocols, and any personalized health decisions should always be reviewed with qualified healthcare providers.","blood groups,guidelines,blood science,safety","beginner","National Blood Transfusion Council / WHO","https://www.who.int/initiatives/blood-safety","educational"
350,"Blood Groups","Education and Guidelines","How does scientific research improve blood groups?","Continuous scientific research in blood groups enhances pathogen inactivation, nucleic acid testing sensitivity, component preservation, and automated apheresis technologies worldwide.","blood groups,guidelines,blood science,safety","intermediate","National Blood Transfusion Council / WHO","https://www.who.int/initiatives/blood-safety","educational"
351,"Blood Groups","Education and Guidelines","What diagnostic laboratory tests evaluate blood groups?","Diagnostic evaluations include complete blood counts (CBC), automated serological assays, molecular nucleic acid testing (NAT), and microfluidic crossmatching.","blood groups,guidelines,blood science,safety","intermediate","National Blood Transfusion Council / WHO","https://www.who.int/initiatives/blood-safety","educational"
352,"Blood Groups","Education and Guidelines","What is the historical evolution of blood groups?","From early direct transfusions to modern component therapy, leukoreduction, and computerized inventory networks, the understanding of blood groups has made transfusion medicine exceptionally safe.","blood groups,guidelines,blood science,safety","intermediate","National Blood Transfusion Council / WHO","https://www.who.int/initiatives/blood-safety","educational"
353,"Blood Groups","Education and Guidelines","How do international standards regulate blood groups?","International bodies such as the WHO, AABB, and ISBT set harmonized standards for blood groups covering donor qualification, component preservation, and hemovigilance reporting.","blood groups,guidelines,blood science,safety","advanced","National Blood Transfusion Council / WHO","https://www.who.int/initiatives/blood-safety","educational"
354,"Blood Groups","Education and Guidelines","What are the key safety precautions concerning blood groups?","Key precautions include strict sterile single-use equipment, rigorous donor eligibility assessments, temperature-controlled cold chains, and multi-tier blood testing before release.","blood groups,guidelines,blood science,safety","beginner","National Blood Transfusion Council / WHO","https://www.who.int/initiatives/blood-safety","educational"
355,"Blood Groups","Education and Guidelines","How can the public support improvements in blood groups?","The public can support the healthcare system by donating blood regularly, dispelling common donation myths, and encouraging community participation in voluntary blood camps.","blood groups,guidelines,blood science,safety","beginner","National Blood Transfusion Council / WHO","https://www.who.int/initiatives/blood-safety","educational"
356,"Blood Groups","Education and Guidelines","What happens during emergency scenarios involving blood groups?","In emergencies, rapid-response logistics ensure that compatible blood components are mobilized immediately to trauma centers while maintaining strict trace-and-track cold chain standards.","blood groups,guidelines,blood science,safety","intermediate","National Blood Transfusion Council / WHO","https://www.who.int/initiatives/blood-safety","educational"
357,"ABO Blood Group System","Education and Guidelines","How does abo blood group system affect human health?","Understanding abo blood group system is fundamental to clinical hematology and public health. It ensures accurate diagnosis of circulatory and metabolic conditions and guides safe transfusion practice.","abo blood group system,guidelines,blood science,safety","beginner","National Blood Transfusion Council / WHO","https://www.who.int/initiatives/blood-safety","educational"
358,"ABO Blood Group System","Education and Guidelines","What are the medical guidelines for abo blood group system?","Medical standards for abo blood group system are established by regulatory bodies like WHO, national blood councils, and drug controllers to maximize donor safety, safeguard recipient health, and guarantee cold-chain integrity.","abo blood group system,guidelines,blood science,safety","intermediate","National Blood Transfusion Council / WHO","https://www.who.int/initiatives/blood-safety","educational"
359,"ABO Blood Group System","Education and Guidelines","Why is abo blood group system monitored in blood transfusion services?","Blood transfusion centers monitor abo blood group system to prevent adverse hemolytic and non-hemolytic reactions, reduce infection transmission, and maintain adequate inventory of compatible blood components.","abo blood group system,guidelines,blood science,safety","intermediate","National Blood Transfusion Council / WHO","https://www.who.int/initiatives/blood-safety","educational"
360,"ABO Blood Group System","Education and Guidelines","What role does abo blood group system play in donor screening?","During donor screening, protocols evaluating abo blood group system help ensure that eligible donors are in good health and that donated units meet all biological quality standards.","abo blood group system,guidelines,blood science,safety","beginner","National Blood Transfusion Council / WHO","https://www.who.int/initiatives/blood-safety","educational"
361,"ABO Blood Group System","Education and Guidelines","What are common misconceptions about abo blood group system?","Common misconceptions about abo blood group system often arise from lack of awareness. Evidence-based hematology and authorized blood services clarify that modern blood banking protocols are extremely safe and tightly regulated.","abo blood group system,guidelines,blood science,safety","beginner","National Blood Transfusion Council / WHO","https://www.who.int/initiatives/blood-safety","educational"
362,"ABO Blood Group System","Education and Guidelines","What is the physiological significance of abo blood group system?","In human physiology, abo blood group system contributes directly to circulatory homeostasis, cellular oxygen delivery, immune defense, and vascular equilibrium.","abo blood group system,guidelines,blood science,safety","intermediate","National Blood Transfusion Council / WHO","https://www.who.int/initiatives/blood-safety","educational"
363,"ABO Blood Group System","Education and Guidelines","What should patients and donors know regarding abo blood group system?","Patients and donors should know that abo blood group system is managed using strict medical protocols, and any personalized health decisions should always be reviewed with qualified healthcare providers.","abo blood group system,guidelines,blood science,safety","beginner","National Blood Transfusion Council / WHO","https://www.who.int/initiatives/blood-safety","educational"
364,"ABO Blood Group System","Education and Guidelines","How does scientific research improve abo blood group system?","Continuous scientific research in abo blood group system enhances pathogen inactivation, nucleic acid testing sensitivity, component preservation, and automated apheresis technologies worldwide.","abo blood group system,guidelines,blood science,safety","intermediate","National Blood Transfusion Council / WHO","https://www.who.int/initiatives/blood-safety","educational"
365,"ABO Blood Group System","Education and Guidelines","What diagnostic laboratory tests evaluate abo blood group system?","Diagnostic evaluations include complete blood counts (CBC), automated serological assays, molecular nucleic acid testing (NAT), and microfluidic crossmatching.","abo blood group system,guidelines,blood science,safety","intermediate","National Blood Transfusion Council / WHO","https://www.who.int/initiatives/blood-safety","educational"
366,"ABO Blood Group System","Education and Guidelines","What is the historical evolution of abo blood group system?","From early direct transfusions to modern component therapy, leukoreduction, and computerized inventory networks, the understanding of abo blood group system has made transfusion medicine exceptionally safe.","abo blood group system,guidelines,blood science,safety","intermediate","National Blood Transfusion Council / WHO","https://www.who.int/initiatives/blood-safety","educational"
367,"ABO Blood Group System","Education and Guidelines","How do international standards regulate abo blood group system?","International bodies such as the WHO, AABB, and ISBT set harmonized standards for abo blood group system covering donor qualification, component preservation, and hemovigilance reporting.","abo blood group system,guidelines,blood science,safety","advanced","National Blood Transfusion Council / WHO","https://www.who.int/initiatives/blood-safety","educational"
368,"ABO Blood Group System","Education and Guidelines","What are the key safety precautions concerning abo blood group system?","Key precautions include strict sterile single-use equipment, rigorous donor eligibility assessments, temperature-controlled cold chains, and multi-tier blood testing before release.","abo blood group system,guidelines,blood science,safety","beginner","National Blood Transfusion Council / WHO","https://www.who.int/initiatives/blood-safety","educational"
369,"ABO Blood Group System","Education and Guidelines","How can the public support improvements in abo blood group system?","The public can support the healthcare system by donating blood regularly, dispelling common donation myths, and encouraging community participation in voluntary blood camps.","abo blood group system,guidelines,blood science,safety","beginner","National Blood Transfusion Council / WHO","https://www.who.int/initiatives/blood-safety","educational"
370,"ABO Blood Group System","Education and Guidelines","What happens during emergency scenarios involving abo blood group system?","In emergencies, rapid-response logistics ensure that compatible blood components are mobilized immediately to trauma centers while maintaining strict trace-and-track cold chain standards.","abo blood group system,guidelines,blood science,safety","intermediate","National Blood Transfusion Council / WHO","https://www.who.int/initiatives/blood-safety","educational"
371,"Rh Blood Group System","Education and Guidelines","How does rh blood group system affect human health?","Understanding rh blood group system is fundamental to clinical hematology and public health. It ensures accurate diagnosis of circulatory and metabolic conditions and guides safe transfusion practice.","rh blood group system,guidelines,blood science,safety","beginner","National Blood Transfusion Council / WHO","https://www.who.int/initiatives/blood-safety","educational"
372,"Rh Blood Group System","Education and Guidelines","What are the medical guidelines for rh blood group system?","Medical standards for rh blood group system are established by regulatory bodies like WHO, national blood councils, and drug controllers to maximize donor safety, safeguard recipient health, and guarantee cold-chain integrity.","rh blood group system,guidelines,blood science,safety","intermediate","National Blood Transfusion Council / WHO","https://www.who.int/initiatives/blood-safety","educational"
373,"Rh Blood Group System","Education and Guidelines","Why is rh blood group system monitored in blood transfusion services?","Blood transfusion centers monitor rh blood group system to prevent adverse hemolytic and non-hemolytic reactions, reduce infection transmission, and maintain adequate inventory of compatible blood components.","rh blood group system,guidelines,blood science,safety","intermediate","National Blood Transfusion Council / WHO","https://www.who.int/initiatives/blood-safety","educational"
374,"Rh Blood Group System","Education and Guidelines","What role does rh blood group system play in donor screening?","During donor screening, protocols evaluating rh blood group system help ensure that eligible donors are in good health and that donated units meet all biological quality standards.","rh blood group system,guidelines,blood science,safety","beginner","National Blood Transfusion Council / WHO","https://www.who.int/initiatives/blood-safety","educational"
375,"Rh Blood Group System","Education and Guidelines","What are common misconceptions about rh blood group system?","Common misconceptions about rh blood group system often arise from lack of awareness. Evidence-based hematology and authorized blood services clarify that modern blood banking protocols are extremely safe and tightly regulated.","rh blood group system,guidelines,blood science,safety","beginner","National Blood Transfusion Council / WHO","https://www.who.int/initiatives/blood-safety","educational"
376,"Rh Blood Group System","Education and Guidelines","What is the physiological significance of rh blood group system?","In human physiology, rh blood group system contributes directly to circulatory homeostasis, cellular oxygen delivery, immune defense, and vascular equilibrium.","rh blood group system,guidelines,blood science,safety","intermediate","National Blood Transfusion Council / WHO","https://www.who.int/initiatives/blood-safety","educational"
377,"Rh Blood Group System","Education and Guidelines","What should patients and donors know regarding rh blood group system?","Patients and donors should know that rh blood group system is managed using strict medical protocols, and any personalized health decisions should always be reviewed with qualified healthcare providers.","rh blood group system,guidelines,blood science,safety","beginner","National Blood Transfusion Council / WHO","https://www.who.int/initiatives/blood-safety","educational"
378,"Rh Blood Group System","Education and Guidelines","How does scientific research improve rh blood group system?","Continuous scientific research in rh blood group system enhances pathogen inactivation, nucleic acid testing sensitivity, component preservation, and automated apheresis technologies worldwide.","rh blood group system,guidelines,blood science,safety","intermediate","National Blood Transfusion Council / WHO","https://www.who.int/initiatives/blood-safety","educational"
379,"Rh Blood Group System","Education and Guidelines","What diagnostic laboratory tests evaluate rh blood group system?","Diagnostic evaluations include complete blood counts (CBC), automated serological assays, molecular nucleic acid testing (NAT), and microfluidic crossmatching.","rh blood group system,guidelines,blood science,safety","intermediate","National Blood Transfusion Council / WHO","https://www.who.int/initiatives/blood-safety","educational"
380,"Rh Blood Group System","Education and Guidelines","What is the historical evolution of rh blood group system?","From early direct transfusions to modern component therapy, leukoreduction, and computerized inventory networks, the understanding of rh blood group system has made transfusion medicine exceptionally safe.","rh blood group system,guidelines,blood science,safety","intermediate","National Blood Transfusion Council / WHO","https://www.who.int/initiatives/blood-safety","educational"
381,"Rh Blood Group System","Education and Guidelines","How do international standards regulate rh blood group system?","International bodies such as the WHO, AABB, and ISBT set harmonized standards for rh blood group system covering donor qualification, component preservation, and hemovigilance reporting.","rh blood group system,guidelines,blood science,safety","advanced","National Blood Transfusion Council / WHO","https://www.who.int/initiatives/blood-safety","educational"
382,"Rh Blood Group System","Education and Guidelines","What are the key safety precautions concerning rh blood group system?","Key precautions include strict sterile single-use equipment, rigorous donor eligibility assessments, temperature-controlled cold chains, and multi-tier blood testing before release.","rh blood group system,guidelines,blood science,safety","beginner","National Blood Transfusion Council / WHO","https://www.who.int/initiatives/blood-safety","educational"
383,"Rh Blood Group System","Education and Guidelines","How can the public support improvements in rh blood group system?","The public can support the healthcare system by donating blood regularly, dispelling common donation myths, and encouraging community participation in voluntary blood camps.","rh blood group system,guidelines,blood science,safety","beginner","National Blood Transfusion Council / WHO","https://www.who.int/initiatives/blood-safety","educational"
384,"Rh Blood Group System","Education and Guidelines","What happens during emergency scenarios involving rh blood group system?","In emergencies, rapid-response logistics ensure that compatible blood components are mobilized immediately to trauma centers while maintaining strict trace-and-track cold chain standards.","rh blood group system,guidelines,blood science,safety","intermediate","National Blood Transfusion Council / WHO","https://www.who.int/initiatives/blood-safety","educational"
385,"Positive and Negative Blood Types","Education and Guidelines","How does positive and negative blood types affect human health?","Understanding positive and negative blood types is fundamental to clinical hematology and public health. It ensures accurate diagnosis of circulatory and metabolic conditions and guides safe transfusion practice.","positive and negative blood types,guidelines,blood science,safety","beginner","National Blood Transfusion Council / WHO","https://www.who.int/initiatives/blood-safety","educational"
386,"Positive and Negative Blood Types","Education and Guidelines","What are the medical guidelines for positive and negative blood types?","Medical standards for positive and negative blood types are established by regulatory bodies like WHO, national blood councils, and drug controllers to maximize donor safety, safeguard recipient health, and guarantee cold-chain integrity.","positive and negative blood types,guidelines,blood science,safety","intermediate","National Blood Transfusion Council / WHO","https://www.who.int/initiatives/blood-safety","educational"
387,"Positive and Negative Blood Types","Education and Guidelines","Why is positive and negative blood types monitored in blood transfusion services?","Blood transfusion centers monitor positive and negative blood types to prevent adverse hemolytic and non-hemolytic reactions, reduce infection transmission, and maintain adequate inventory of compatible blood components.","positive and negative blood types,guidelines,blood science,safety","intermediate","National Blood Transfusion Council / WHO","https://www.who.int/initiatives/blood-safety","educational"
388,"Positive and Negative Blood Types","Education and Guidelines","What role does positive and negative blood types play in donor screening?","During donor screening, protocols evaluating positive and negative blood types help ensure that eligible donors are in good health and that donated units meet all biological quality standards.","positive and negative blood types,guidelines,blood science,safety","beginner","National Blood Transfusion Council / WHO","https://www.who.int/initiatives/blood-safety","educational"
389,"Positive and Negative Blood Types","Education and Guidelines","What are common misconceptions about positive and negative blood types?","Common misconceptions about positive and negative blood types often arise from lack of awareness. Evidence-based hematology and authorized blood services clarify that modern blood banking protocols are extremely safe and tightly regulated.","positive and negative blood types,guidelines,blood science,safety","beginner","National Blood Transfusion Council / WHO","https://www.who.int/initiatives/blood-safety","educational"
390,"Positive and Negative Blood Types","Education and Guidelines","What is the physiological significance of positive and negative blood types?","In human physiology, positive and negative blood types contributes directly to circulatory homeostasis, cellular oxygen delivery, immune defense, and vascular equilibrium.","positive and negative blood types,guidelines,blood science,safety","intermediate","National Blood Transfusion Council / WHO","https://www.who.int/initiatives/blood-safety","educational"
391,"Positive and Negative Blood Types","Education and Guidelines","What should patients and donors know regarding positive and negative blood types?","Patients and donors should know that positive and negative blood types is managed using strict medical protocols, and any personalized health decisions should always be reviewed with qualified healthcare providers.","positive and negative blood types,guidelines,blood science,safety","beginner","National Blood Transfusion Council / WHO","https://www.who.int/initiatives/blood-safety","educational"
392,"Positive and Negative Blood Types","Education and Guidelines","How does scientific research improve positive and negative blood types?","Continuous scientific research in positive and negative blood types enhances pathogen inactivation, nucleic acid testing sensitivity, component preservation, and automated apheresis technologies worldwide.","positive and negative blood types,guidelines,blood science,safety","intermediate","National Blood Transfusion Council / WHO","https://www.who.int/initiatives/blood-safety","educational"
393,"Positive and Negative Blood Types","Education and Guidelines","What diagnostic laboratory tests evaluate positive and negative blood types?","Diagnostic evaluations include complete blood counts (CBC), automated serological assays, molecular nucleic acid testing (NAT), and microfluidic crossmatching.","positive and negative blood types,guidelines,blood science,safety","intermediate","National Blood Transfusion Council / WHO","https://www.who.int/initiatives/blood-safety","educational"
394,"Positive and Negative Blood Types","Education and Guidelines","What is the historical evolution of positive and negative blood types?","From early direct transfusions to modern component therapy, leukoreduction, and computerized inventory networks, the understanding of positive and negative blood types has made transfusion medicine exceptionally safe.","positive and negative blood types,guidelines,blood science,safety","intermediate","National Blood Transfusion Council / WHO","https://www.who.int/initiatives/blood-safety","educational"
395,"Positive and Negative Blood Types","Education and Guidelines","How do international standards regulate positive and negative blood types?","International bodies such as the WHO, AABB, and ISBT set harmonized standards for positive and negative blood types covering donor qualification, component preservation, and hemovigilance reporting.","positive and negative blood types,guidelines,blood science,safety","advanced","National Blood Transfusion Council / WHO","https://www.who.int/initiatives/blood-safety","educational"
396,"Positive and Negative Blood Types","Education and Guidelines","What are the key safety precautions concerning positive and negative blood types?","Key precautions include strict sterile single-use equipment, rigorous donor eligibility assessments, temperature-controlled cold chains, and multi-tier blood testing before release.","positive and negative blood types,guidelines,blood science,safety","beginner","National Blood Transfusion Council / WHO","https://www.who.int/initiatives/blood-safety","educational"
397,"Positive and Negative Blood Types","Education and Guidelines","How can the public support improvements in positive and negative blood types?","The public can support the healthcare system by donating blood regularly, dispelling common donation myths, and encouraging community participation in voluntary blood camps.","positive and negative blood types,guidelines,blood science,safety","beginner","National Blood Transfusion Council / WHO","https://www.who.int/initiatives/blood-safety","educational"
398,"Positive and Negative Blood Types","Education and Guidelines","What happens during emergency scenarios involving positive and negative blood types?","In emergencies, rapid-response logistics ensure that compatible blood components are mobilized immediately to trauma centers while maintaining strict trace-and-track cold chain standards.","positive and negative blood types,guidelines,blood science,safety","intermediate","National Blood Transfusion Council / WHO","https://www.who.int/initiatives/blood-safety","educational"
399,"Blood Group Inheritance","Education and Guidelines","How does blood group inheritance affect human health?","Understanding blood group inheritance is fundamental to clinical hematology and public health. It ensures accurate diagnosis of circulatory and metabolic conditions and guides safe transfusion practice.","blood group inheritance,guidelines,blood science,safety","beginner","National Blood Transfusion Council / WHO","https://www.who.int/initiatives/blood-safety","educational"
400,"Blood Group Inheritance","Education and Guidelines","What are the medical guidelines for blood group inheritance?","Medical standards for blood group inheritance are established by regulatory bodies like WHO, national blood councils, and drug controllers to maximize donor safety, safeguard recipient health, and guarantee cold-chain integrity.","blood group inheritance,guidelines,blood science,safety","intermediate","National Blood Transfusion Council / WHO","https://www.who.int/initiatives/blood-safety","educational"
401,"Blood Group Inheritance","Education and Guidelines","Why is blood group inheritance monitored in blood transfusion services?","Blood transfusion centers monitor blood group inheritance to prevent adverse hemolytic and non-hemolytic reactions, reduce infection transmission, and maintain adequate inventory of compatible blood components.","blood group inheritance,guidelines,blood science,safety","intermediate","National Blood Transfusion Council / WHO","https://www.who.int/initiatives/blood-safety","educational"
402,"Blood Group Inheritance","Education and Guidelines","What role does blood group inheritance play in donor screening?","During donor screening, protocols evaluating blood group inheritance help ensure that eligible donors are in good health and that donated units meet all biological quality standards.","blood group inheritance,guidelines,blood science,safety","beginner","National Blood Transfusion Council / WHO","https://www.who.int/initiatives/blood-safety","educational"
403,"Blood Group Inheritance","Education and Guidelines","What are common misconceptions about blood group inheritance?","Common misconceptions about blood group inheritance often arise from lack of awareness. Evidence-based hematology and authorized blood services clarify that modern blood banking protocols are extremely safe and tightly regulated.","blood group inheritance,guidelines,blood science,safety","beginner","National Blood Transfusion Council / WHO","https://www.who.int/initiatives/blood-safety","educational"
404,"Blood Group Inheritance","Education and Guidelines","What is the physiological significance of blood group inheritance?","In human physiology, blood group inheritance contributes directly to circulatory homeostasis, cellular oxygen delivery, immune defense, and vascular equilibrium.","blood group inheritance,guidelines,blood science,safety","intermediate","National Blood Transfusion Council / WHO","https://www.who.int/initiatives/blood-safety","educational"
405,"Blood Group Inheritance","Education and Guidelines","What should patients and donors know regarding blood group inheritance?","Patients and donors should know that blood group inheritance is managed using strict medical protocols, and any personalized health decisions should always be reviewed with qualified healthcare providers.","blood group inheritance,guidelines,blood science,safety","beginner","National Blood Transfusion Council / WHO","https://www.who.int/initiatives/blood-safety","educational"
406,"Blood Group Inheritance","Education and Guidelines","How does scientific research improve blood group inheritance?","Continuous scientific research in blood group inheritance enhances pathogen inactivation, nucleic acid testing sensitivity, component preservation, and automated apheresis technologies worldwide.","blood group inheritance,guidelines,blood science,safety","intermediate","National Blood Transfusion Council / WHO","https://www.who.int/initiatives/blood-safety","educational"
407,"Blood Group Inheritance","Education and Guidelines","What diagnostic laboratory tests evaluate blood group inheritance?","Diagnostic evaluations include complete blood counts (CBC), automated serological assays, molecular nucleic acid testing (NAT), and microfluidic crossmatching.","blood group inheritance,guidelines,blood science,safety","intermediate","National Blood Transfusion Council / WHO","https://www.who.int/initiatives/blood-safety","educational"
408,"Blood Group Inheritance","Education and Guidelines","What is the historical evolution of blood group inheritance?","From early direct transfusions to modern component therapy, leukoreduction, and computerized inventory networks, the understanding of blood group inheritance has made transfusion medicine exceptionally safe.","blood group inheritance,guidelines,blood science,safety","intermediate","National Blood Transfusion Council / WHO","https://www.who.int/initiatives/blood-safety","educational"
409,"Blood Group Inheritance","Education and Guidelines","How do international standards regulate blood group inheritance?","International bodies such as the WHO, AABB, and ISBT set harmonized standards for blood group inheritance covering donor qualification, component preservation, and hemovigilance reporting.","blood group inheritance,guidelines,blood science,safety","advanced","National Blood Transfusion Council / WHO","https://www.who.int/initiatives/blood-safety","educational"
410,"Blood Group Inheritance","Education and Guidelines","What are the key safety precautions concerning blood group inheritance?","Key precautions include strict sterile single-use equipment, rigorous donor eligibility assessments, temperature-controlled cold chains, and multi-tier blood testing before release.","blood group inheritance,guidelines,blood science,safety","beginner","National Blood Transfusion Council / WHO","https://www.who.int/initiatives/blood-safety","educational"
411,"Blood Group Inheritance","Education and Guidelines","How can the public support improvements in blood group inheritance?","The public can support the healthcare system by donating blood regularly, dispelling common donation myths, and encouraging community participation in voluntary blood camps.","blood group inheritance,guidelines,blood science,safety","beginner","National Blood Transfusion Council / WHO","https://www.who.int/initiatives/blood-safety","educational"
412,"Blood Group Inheritance","Education and Guidelines","What happens during emergency scenarios involving blood group inheritance?","In emergencies, rapid-response logistics ensure that compatible blood components are mobilized immediately to trauma centers while maintaining strict trace-and-track cold chain standards.","blood group inheritance,guidelines,blood science,safety","intermediate","National Blood Transfusion Council / WHO","https://www.who.int/initiatives/blood-safety","educational"
413,"Blood Group Testing","Education and Guidelines","How does blood group testing affect human health?","Understanding blood group testing is fundamental to clinical hematology and public health. It ensures accurate diagnosis of circulatory and metabolic conditions and guides safe transfusion practice.","blood group testing,guidelines,blood science,safety","beginner","National Blood Transfusion Council / WHO","https://www.who.int/initiatives/blood-safety","educational"
414,"Blood Group Testing","Education and Guidelines","What are the medical guidelines for blood group testing?","Medical standards for blood group testing are established by regulatory bodies like WHO, national blood councils, and drug controllers to maximize donor safety, safeguard recipient health, and guarantee cold-chain integrity.","blood group testing,guidelines,blood science,safety","intermediate","National Blood Transfusion Council / WHO","https://www.who.int/initiatives/blood-safety","educational"
415,"Blood Group Testing","Education and Guidelines","Why is blood group testing monitored in blood transfusion services?","Blood transfusion centers monitor blood group testing to prevent adverse hemolytic and non-hemolytic reactions, reduce infection transmission, and maintain adequate inventory of compatible blood components.","blood group testing,guidelines,blood science,safety","intermediate","National Blood Transfusion Council / WHO","https://www.who.int/initiatives/blood-safety","educational"
416,"Blood Group Testing","Education and Guidelines","What role does blood group testing play in donor screening?","During donor screening, protocols evaluating blood group testing help ensure that eligible donors are in good health and that donated units meet all biological quality standards.","blood group testing,guidelines,blood science,safety","beginner","National Blood Transfusion Council / WHO","https://www.who.int/initiatives/blood-safety","educational"
417,"Blood Group Testing","Education and Guidelines","What are common misconceptions about blood group testing?","Common misconceptions about blood group testing often arise from lack of awareness. Evidence-based hematology and authorized blood services clarify that modern blood banking protocols are extremely safe and tightly regulated.","blood group testing,guidelines,blood science,safety","beginner","National Blood Transfusion Council / WHO","https://www.who.int/initiatives/blood-safety","educational"
418,"Blood Group Testing","Education and Guidelines","What is the physiological significance of blood group testing?","In human physiology, blood group testing contributes directly to circulatory homeostasis, cellular oxygen delivery, immune defense, and vascular equilibrium.","blood group testing,guidelines,blood science,safety","intermediate","National Blood Transfusion Council / WHO","https://www.who.int/initiatives/blood-safety","educational"
419,"Blood Group Testing","Education and Guidelines","What should patients and donors know regarding blood group testing?","Patients and donors should know that blood group testing is managed using strict medical protocols, and any personalized health decisions should always be reviewed with qualified healthcare providers.","blood group testing,guidelines,blood science,safety","beginner","National Blood Transfusion Council / WHO","https://www.who.int/initiatives/blood-safety","educational"
420,"Blood Group Testing","Education and Guidelines","How does scientific research improve blood group testing?","Continuous scientific research in blood group testing enhances pathogen inactivation, nucleic acid testing sensitivity, component preservation, and automated apheresis technologies worldwide.","blood group testing,guidelines,blood science,safety","intermediate","National Blood Transfusion Council / WHO","https://www.who.int/initiatives/blood-safety","educational"
421,"Blood Group Testing","Education and Guidelines","What diagnostic laboratory tests evaluate blood group testing?","Diagnostic evaluations include complete blood counts (CBC), automated serological assays, molecular nucleic acid testing (NAT), and microfluidic crossmatching.","blood group testing,guidelines,blood science,safety","intermediate","National Blood Transfusion Council / WHO","https://www.who.int/initiatives/blood-safety","educational"
422,"Blood Group Testing","Education and Guidelines","What is the historical evolution of blood group testing?","From early direct transfusions to modern component therapy, leukoreduction, and computerized inventory networks, the understanding of blood group testing has made transfusion medicine exceptionally safe.","blood group testing,guidelines,blood science,safety","intermediate","National Blood Transfusion Council / WHO","https://www.who.int/initiatives/blood-safety","educational"
423,"Blood Group Testing","Education and Guidelines","How do international standards regulate blood group testing?","International bodies such as the WHO, AABB, and ISBT set harmonized standards for blood group testing covering donor qualification, component preservation, and hemovigilance reporting.","blood group testing,guidelines,blood science,safety","advanced","National Blood Transfusion Council / WHO","https://www.who.int/initiatives/blood-safety","educational"
424,"Blood Group Testing","Education and Guidelines","What are the key safety precautions concerning blood group testing?","Key precautions include strict sterile single-use equipment, rigorous donor eligibility assessments, temperature-controlled cold chains, and multi-tier blood testing before release.","blood group testing,guidelines,blood science,safety","beginner","National Blood Transfusion Council / WHO","https://www.who.int/initiatives/blood-safety","educational"
425,"Blood Group Testing","Education and Guidelines","How can the public support improvements in blood group testing?","The public can support the healthcare system by donating blood regularly, dispelling common donation myths, and encouraging community participation in voluntary blood camps.","blood group testing,guidelines,blood science,safety","beginner","National Blood Transfusion Council / WHO","https://www.who.int/initiatives/blood-safety","educational"
426,"Blood Group Testing","Education and Guidelines","What happens during emergency scenarios involving blood group testing?","In emergencies, rapid-response logistics ensure that compatible blood components are mobilized immediately to trauma centers while maintaining strict trace-and-track cold chain standards.","blood group testing,guidelines,blood science,safety","intermediate","National Blood Transfusion Council / WHO","https://www.who.int/initiatives/blood-safety","educational"
427,"Blood Compatibility","Education and Guidelines","How does blood compatibility affect human health?","Understanding blood compatibility is fundamental to clinical hematology and public health. It ensures accurate diagnosis of circulatory and metabolic conditions and guides safe transfusion practice.","blood compatibility,guidelines,blood science,safety","beginner","National Blood Transfusion Council / WHO","https://www.who.int/initiatives/blood-safety","educational"
428,"Blood Compatibility","Education and Guidelines","What are the medical guidelines for blood compatibility?","Medical standards for blood compatibility are established by regulatory bodies like WHO, national blood councils, and drug controllers to maximize donor safety, safeguard recipient health, and guarantee cold-chain integrity.","blood compatibility,guidelines,blood science,safety","intermediate","National Blood Transfusion Council / WHO","https://www.who.int/initiatives/blood-safety","educational"
429,"Blood Compatibility","Education and Guidelines","Why is blood compatibility monitored in blood transfusion services?","Blood transfusion centers monitor blood compatibility to prevent adverse hemolytic and non-hemolytic reactions, reduce infection transmission, and maintain adequate inventory of compatible blood components.","blood compatibility,guidelines,blood science,safety","intermediate","National Blood Transfusion Council / WHO","https://www.who.int/initiatives/blood-safety","educational"
430,"Blood Compatibility","Education and Guidelines","What role does blood compatibility play in donor screening?","During donor screening, protocols evaluating blood compatibility help ensure that eligible donors are in good health and that donated units meet all biological quality standards.","blood compatibility,guidelines,blood science,safety","beginner","National Blood Transfusion Council / WHO","https://www.who.int/initiatives/blood-safety","educational"
431,"Blood Compatibility","Education and Guidelines","What are common misconceptions about blood compatibility?","Common misconceptions about blood compatibility often arise from lack of awareness. Evidence-based hematology and authorized blood services clarify that modern blood banking protocols are extremely safe and tightly regulated.","blood compatibility,guidelines,blood science,safety","beginner","National Blood Transfusion Council / WHO","https://www.who.int/initiatives/blood-safety","educational"
432,"Blood Compatibility","Education and Guidelines","What is the physiological significance of blood compatibility?","In human physiology, blood compatibility contributes directly to circulatory homeostasis, cellular oxygen delivery, immune defense, and vascular equilibrium.","blood compatibility,guidelines,blood science,safety","intermediate","National Blood Transfusion Council / WHO","https://www.who.int/initiatives/blood-safety","educational"
433,"Blood Compatibility","Education and Guidelines","What should patients and donors know regarding blood compatibility?","Patients and donors should know that blood compatibility is managed using strict medical protocols, and any personalized health decisions should always be reviewed with qualified healthcare providers.","blood compatibility,guidelines,blood science,safety","beginner","National Blood Transfusion Council / WHO","https://www.who.int/initiatives/blood-safety","educational"
434,"Blood Compatibility","Education and Guidelines","How does scientific research improve blood compatibility?","Continuous scientific research in blood compatibility enhances pathogen inactivation, nucleic acid testing sensitivity, component preservation, and automated apheresis technologies worldwide.","blood compatibility,guidelines,blood science,safety","intermediate","National Blood Transfusion Council / WHO","https://www.who.int/initiatives/blood-safety","educational"
435,"Blood Compatibility","Education and Guidelines","What diagnostic laboratory tests evaluate blood compatibility?","Diagnostic evaluations include complete blood counts (CBC), automated serological assays, molecular nucleic acid testing (NAT), and microfluidic crossmatching.","blood compatibility,guidelines,blood science,safety","intermediate","National Blood Transfusion Council / WHO","https://www.who.int/initiatives/blood-safety","educational"
436,"Blood Compatibility","Education and Guidelines","What is the historical evolution of blood compatibility?","From early direct transfusions to modern component therapy, leukoreduction, and computerized inventory networks, the understanding of blood compatibility has made transfusion medicine exceptionally safe.","blood compatibility,guidelines,blood science,safety","intermediate","National Blood Transfusion Council / WHO","https://www.who.int/initiatives/blood-safety","educational"
437,"Blood Compatibility","Education and Guidelines","How do international standards regulate blood compatibility?","International bodies such as the WHO, AABB, and ISBT set harmonized standards for blood compatibility covering donor qualification, component preservation, and hemovigilance reporting.","blood compatibility,guidelines,blood science,safety","advanced","National Blood Transfusion Council / WHO","https://www.who.int/initiatives/blood-safety","educational"
438,"Blood Compatibility","Education and Guidelines","What are the key safety precautions concerning blood compatibility?","Key precautions include strict sterile single-use equipment, rigorous donor eligibility assessments, temperature-controlled cold chains, and multi-tier blood testing before release.","blood compatibility,guidelines,blood science,safety","beginner","National Blood Transfusion Council / WHO","https://www.who.int/initiatives/blood-safety","educational"
439,"Blood Compatibility","Education and Guidelines","How can the public support improvements in blood compatibility?","The public can support the healthcare system by donating blood regularly, dispelling common donation myths, and encouraging community participation in voluntary blood camps.","blood compatibility,guidelines,blood science,safety","beginner","National Blood Transfusion Council / WHO","https://www.who.int/initiatives/blood-safety","educational"
440,"Blood Compatibility","Education and Guidelines","What happens during emergency scenarios involving blood compatibility?","In emergencies, rapid-response logistics ensure that compatible blood components are mobilized immediately to trauma centers while maintaining strict trace-and-track cold chain standards.","blood compatibility,guidelines,blood science,safety","intermediate","National Blood Transfusion Council / WHO","https://www.who.int/initiatives/blood-safety","educational"
441,"Red Cell Compatibility","Education and Guidelines","How does red cell compatibility affect human health?","Understanding red cell compatibility is fundamental to clinical hematology and public health. It ensures accurate diagnosis of circulatory and metabolic conditions and guides safe transfusion practice.","red cell compatibility,guidelines,blood science,safety","beginner","National Blood Transfusion Council / WHO","https://www.who.int/initiatives/blood-safety","educational"
442,"Red Cell Compatibility","Education and Guidelines","What are the medical guidelines for red cell compatibility?","Medical standards for red cell compatibility are established by regulatory bodies like WHO, national blood councils, and drug controllers to maximize donor safety, safeguard recipient health, and guarantee cold-chain integrity.","red cell compatibility,guidelines,blood science,safety","intermediate","National Blood Transfusion Council / WHO","https://www.who.int/initiatives/blood-safety","educational"
443,"Red Cell Compatibility","Education and Guidelines","Why is red cell compatibility monitored in blood transfusion services?","Blood transfusion centers monitor red cell compatibility to prevent adverse hemolytic and non-hemolytic reactions, reduce infection transmission, and maintain adequate inventory of compatible blood components.","red cell compatibility,guidelines,blood science,safety","intermediate","National Blood Transfusion Council / WHO","https://www.who.int/initiatives/blood-safety","educational"
444,"Red Cell Compatibility","Education and Guidelines","What role does red cell compatibility play in donor screening?","During donor screening, protocols evaluating red cell compatibility help ensure that eligible donors are in good health and that donated units meet all biological quality standards.","red cell compatibility,guidelines,blood science,safety","beginner","National Blood Transfusion Council / WHO","https://www.who.int/initiatives/blood-safety","educational"
445,"Red Cell Compatibility","Education and Guidelines","What are common misconceptions about red cell compatibility?","Common misconceptions about red cell compatibility often arise from lack of awareness. Evidence-based hematology and authorized blood services clarify that modern blood banking protocols are extremely safe and tightly regulated.","red cell compatibility,guidelines,blood science,safety","beginner","National Blood Transfusion Council / WHO","https://www.who.int/initiatives/blood-safety","educational"
446,"Red Cell Compatibility","Education and Guidelines","What is the physiological significance of red cell compatibility?","In human physiology, red cell compatibility contributes directly to circulatory homeostasis, cellular oxygen delivery, immune defense, and vascular equilibrium.","red cell compatibility,guidelines,blood science,safety","intermediate","National Blood Transfusion Council / WHO","https://www.who.int/initiatives/blood-safety","educational"
447,"Red Cell Compatibility","Education and Guidelines","What should patients and donors know regarding red cell compatibility?","Patients and donors should know that red cell compatibility is managed using strict medical protocols, and any personalized health decisions should always be reviewed with qualified healthcare providers.","red cell compatibility,guidelines,blood science,safety","beginner","National Blood Transfusion Council / WHO","https://www.who.int/initiatives/blood-safety","educational"
448,"Red Cell Compatibility","Education and Guidelines","How does scientific research improve red cell compatibility?","Continuous scientific research in red cell compatibility enhances pathogen inactivation, nucleic acid testing sensitivity, component preservation, and automated apheresis technologies worldwide.","red cell compatibility,guidelines,blood science,safety","intermediate","National Blood Transfusion Council / WHO","https://www.who.int/initiatives/blood-safety","educational"
449,"Red Cell Compatibility","Education and Guidelines","What diagnostic laboratory tests evaluate red cell compatibility?","Diagnostic evaluations include complete blood counts (CBC), automated serological assays, molecular nucleic acid testing (NAT), and microfluidic crossmatching.","red cell compatibility,guidelines,blood science,safety","intermediate","National Blood Transfusion Council / WHO","https://www.who.int/initiatives/blood-safety","educational"
450,"Red Cell Compatibility","Education and Guidelines","What is the historical evolution of red cell compatibility?","From early direct transfusions to modern component therapy, leukoreduction, and computerized inventory networks, the understanding of red cell compatibility has made transfusion medicine exceptionally safe.","red cell compatibility,guidelines,blood science,safety","intermediate","National Blood Transfusion Council / WHO","https://www.who.int/initiatives/blood-safety","educational"
451,"Red Cell Compatibility","Education and Guidelines","How do international standards regulate red cell compatibility?","International bodies such as the WHO, AABB, and ISBT set harmonized standards for red cell compatibility covering donor qualification, component preservation, and hemovigilance reporting.","red cell compatibility,guidelines,blood science,safety","advanced","National Blood Transfusion Council / WHO","https://www.who.int/initiatives/blood-safety","educational"
452,"Red Cell Compatibility","Education and Guidelines","What are the key safety precautions concerning red cell compatibility?","Key precautions include strict sterile single-use equipment, rigorous donor eligibility assessments, temperature-controlled cold chains, and multi-tier blood testing before release.","red cell compatibility,guidelines,blood science,safety","beginner","National Blood Transfusion Council / WHO","https://www.who.int/initiatives/blood-safety","educational"
453,"Red Cell Compatibility","Education and Guidelines","How can the public support improvements in red cell compatibility?","The public can support the healthcare system by donating blood regularly, dispelling common donation myths, and encouraging community participation in voluntary blood camps.","red cell compatibility,guidelines,blood science,safety","beginner","National Blood Transfusion Council / WHO","https://www.who.int/initiatives/blood-safety","educational"
454,"Red Cell Compatibility","Education and Guidelines","What happens during emergency scenarios involving red cell compatibility?","In emergencies, rapid-response logistics ensure that compatible blood components are mobilized immediately to trauma centers while maintaining strict trace-and-track cold chain standards.","red cell compatibility,guidelines,blood science,safety","intermediate","National Blood Transfusion Council / WHO","https://www.who.int/initiatives/blood-safety","educational"
455,"Plasma Compatibility","Education and Guidelines","How does plasma compatibility affect human health?","Understanding plasma compatibility is fundamental to clinical hematology and public health. It ensures accurate diagnosis of circulatory and metabolic conditions and guides safe transfusion practice.","plasma compatibility,guidelines,blood science,safety","beginner","National Blood Transfusion Council / WHO","https://www.who.int/initiatives/blood-safety","educational"
456,"Plasma Compatibility","Education and Guidelines","What are the medical guidelines for plasma compatibility?","Medical standards for plasma compatibility are established by regulatory bodies like WHO, national blood councils, and drug controllers to maximize donor safety, safeguard recipient health, and guarantee cold-chain integrity.","plasma compatibility,guidelines,blood science,safety","intermediate","National Blood Transfusion Council / WHO","https://www.who.int/initiatives/blood-safety","educational"
457,"Plasma Compatibility","Education and Guidelines","Why is plasma compatibility monitored in blood transfusion services?","Blood transfusion centers monitor plasma compatibility to prevent adverse hemolytic and non-hemolytic reactions, reduce infection transmission, and maintain adequate inventory of compatible blood components.","plasma compatibility,guidelines,blood science,safety","intermediate","National Blood Transfusion Council / WHO","https://www.who.int/initiatives/blood-safety","educational"
458,"Plasma Compatibility","Education and Guidelines","What role does plasma compatibility play in donor screening?","During donor screening, protocols evaluating plasma compatibility help ensure that eligible donors are in good health and that donated units meet all biological quality standards.","plasma compatibility,guidelines,blood science,safety","beginner","National Blood Transfusion Council / WHO","https://www.who.int/initiatives/blood-safety","educational"
459,"Plasma Compatibility","Education and Guidelines","What are common misconceptions about plasma compatibility?","Common misconceptions about plasma compatibility often arise from lack of awareness. Evidence-based hematology and authorized blood services clarify that modern blood banking protocols are extremely safe and tightly regulated.","plasma compatibility,guidelines,blood science,safety","beginner","National Blood Transfusion Council / WHO","https://www.who.int/initiatives/blood-safety","educational"
460,"Plasma Compatibility","Education and Guidelines","What is the physiological significance of plasma compatibility?","In human physiology, plasma compatibility contributes directly to circulatory homeostasis, cellular oxygen delivery, immune defense, and vascular equilibrium.","plasma compatibility,guidelines,blood science,safety","intermediate","National Blood Transfusion Council / WHO","https://www.who.int/initiatives/blood-safety","educational"
461,"Plasma Compatibility","Education and Guidelines","What should patients and donors know regarding plasma compatibility?","Patients and donors should know that plasma compatibility is managed using strict medical protocols, and any personalized health decisions should always be reviewed with qualified healthcare providers.","plasma compatibility,guidelines,blood science,safety","beginner","National Blood Transfusion Council / WHO","https://www.who.int/initiatives/blood-safety","educational"
462,"Plasma Compatibility","Education and Guidelines","How does scientific research improve plasma compatibility?","Continuous scientific research in plasma compatibility enhances pathogen inactivation, nucleic acid testing sensitivity, component preservation, and automated apheresis technologies worldwide.","plasma compatibility,guidelines,blood science,safety","intermediate","National Blood Transfusion Council / WHO","https://www.who.int/initiatives/blood-safety","educational"
463,"Plasma Compatibility","Education and Guidelines","What diagnostic laboratory tests evaluate plasma compatibility?","Diagnostic evaluations include complete blood counts (CBC), automated serological assays, molecular nucleic acid testing (NAT), and microfluidic crossmatching.","plasma compatibility,guidelines,blood science,safety","intermediate","National Blood Transfusion Council / WHO","https://www.who.int/initiatives/blood-safety","educational"
464,"Plasma Compatibility","Education and Guidelines","What is the historical evolution of plasma compatibility?","From early direct transfusions to modern component therapy, leukoreduction, and computerized inventory networks, the understanding of plasma compatibility has made transfusion medicine exceptionally safe.","plasma compatibility,guidelines,blood science,safety","intermediate","National Blood Transfusion Council / WHO","https://www.who.int/initiatives/blood-safety","educational"
465,"Plasma Compatibility","Education and Guidelines","How do international standards regulate plasma compatibility?","International bodies such as the WHO, AABB, and ISBT set harmonized standards for plasma compatibility covering donor qualification, component preservation, and hemovigilance reporting.","plasma compatibility,guidelines,blood science,safety","advanced","National Blood Transfusion Council / WHO","https://www.who.int/initiatives/blood-safety","educational"
466,"Plasma Compatibility","Education and Guidelines","What are the key safety precautions concerning plasma compatibility?","Key precautions include strict sterile single-use equipment, rigorous donor eligibility assessments, temperature-controlled cold chains, and multi-tier blood testing before release.","plasma compatibility,guidelines,blood science,safety","beginner","National Blood Transfusion Council / WHO","https://www.who.int/initiatives/blood-safety","educational"
467,"Plasma Compatibility","Education and Guidelines","How can the public support improvements in plasma compatibility?","The public can support the healthcare system by donating blood regularly, dispelling common donation myths, and encouraging community participation in voluntary blood camps.","plasma compatibility,guidelines,blood science,safety","beginner","National Blood Transfusion Council / WHO","https://www.who.int/initiatives/blood-safety","educational"
468,"Plasma Compatibility","Education and Guidelines","What happens during emergency scenarios involving plasma compatibility?","In emergencies, rapid-response logistics ensure that compatible blood components are mobilized immediately to trauma centers while maintaining strict trace-and-track cold chain standards.","plasma compatibility,guidelines,blood science,safety","intermediate","National Blood Transfusion Council / WHO","https://www.who.int/initiatives/blood-safety","educational"
469,"Blood Crossmatching","Education and Guidelines","How does blood crossmatching affect human health?","Understanding blood crossmatching is fundamental to clinical hematology and public health. It ensures accurate diagnosis of circulatory and metabolic conditions and guides safe transfusion practice.","blood crossmatching,guidelines,blood science,safety","beginner","National Blood Transfusion Council / WHO","https://www.who.int/initiatives/blood-safety","educational"
470,"Blood Crossmatching","Education and Guidelines","What are the medical guidelines for blood crossmatching?","Medical standards for blood crossmatching are established by regulatory bodies like WHO, national blood councils, and drug controllers to maximize donor safety, safeguard recipient health, and guarantee cold-chain integrity.","blood crossmatching,guidelines,blood science,safety","intermediate","National Blood Transfusion Council / WHO","https://www.who.int/initiatives/blood-safety","educational"
471,"Blood Crossmatching","Education and Guidelines","Why is blood crossmatching monitored in blood transfusion services?","Blood transfusion centers monitor blood crossmatching to prevent adverse hemolytic and non-hemolytic reactions, reduce infection transmission, and maintain adequate inventory of compatible blood components.","blood crossmatching,guidelines,blood science,safety","intermediate","National Blood Transfusion Council / WHO","https://www.who.int/initiatives/blood-safety","educational"
472,"Blood Crossmatching","Education and Guidelines","What role does blood crossmatching play in donor screening?","During donor screening, protocols evaluating blood crossmatching help ensure that eligible donors are in good health and that donated units meet all biological quality standards.","blood crossmatching,guidelines,blood science,safety","beginner","National Blood Transfusion Council / WHO","https://www.who.int/initiatives/blood-safety","educational"
473,"Blood Crossmatching","Education and Guidelines","What are common misconceptions about blood crossmatching?","Common misconceptions about blood crossmatching often arise from lack of awareness. Evidence-based hematology and authorized blood services clarify that modern blood banking protocols are extremely safe and tightly regulated.","blood crossmatching,guidelines,blood science,safety","beginner","National Blood Transfusion Council / WHO","https://www.who.int/initiatives/blood-safety","educational"
474,"Blood Crossmatching","Education and Guidelines","What is the physiological significance of blood crossmatching?","In human physiology, blood crossmatching contributes directly to circulatory homeostasis, cellular oxygen delivery, immune defense, and vascular equilibrium.","blood crossmatching,guidelines,blood science,safety","intermediate","National Blood Transfusion Council / WHO","https://www.who.int/initiatives/blood-safety","educational"
475,"Blood Crossmatching","Education and Guidelines","What should patients and donors know regarding blood crossmatching?","Patients and donors should know that blood crossmatching is managed using strict medical protocols, and any personalized health decisions should always be reviewed with qualified healthcare providers.","blood crossmatching,guidelines,blood science,safety","beginner","National Blood Transfusion Council / WHO","https://www.who.int/initiatives/blood-safety","educational"
476,"Blood Crossmatching","Education and Guidelines","How does scientific research improve blood crossmatching?","Continuous scientific research in blood crossmatching enhances pathogen inactivation, nucleic acid testing sensitivity, component preservation, and automated apheresis technologies worldwide.","blood crossmatching,guidelines,blood science,safety","intermediate","National Blood Transfusion Council / WHO","https://www.who.int/initiatives/blood-safety","educational"
477,"Blood Crossmatching","Education and Guidelines","What diagnostic laboratory tests evaluate blood crossmatching?","Diagnostic evaluations include complete blood counts (CBC), automated serological assays, molecular nucleic acid testing (NAT), and microfluidic crossmatching.","blood crossmatching,guidelines,blood science,safety","intermediate","National Blood Transfusion Council / WHO","https://www.who.int/initiatives/blood-safety","educational"
478,"Blood Crossmatching","Education and Guidelines","What is the historical evolution of blood crossmatching?","From early direct transfusions to modern component therapy, leukoreduction, and computerized inventory networks, the understanding of blood crossmatching has made transfusion medicine exceptionally safe.","blood crossmatching,guidelines,blood science,safety","intermediate","National Blood Transfusion Council / WHO","https://www.who.int/initiatives/blood-safety","educational"
479,"Blood Crossmatching","Education and Guidelines","How do international standards regulate blood crossmatching?","International bodies such as the WHO, AABB, and ISBT set harmonized standards for blood crossmatching covering donor qualification, component preservation, and hemovigilance reporting.","blood crossmatching,guidelines,blood science,safety","advanced","National Blood Transfusion Council / WHO","https://www.who.int/initiatives/blood-safety","educational"
480,"Blood Crossmatching","Education and Guidelines","What are the key safety precautions concerning blood crossmatching?","Key precautions include strict sterile single-use equipment, rigorous donor eligibility assessments, temperature-controlled cold chains, and multi-tier blood testing before release.","blood crossmatching,guidelines,blood science,safety","beginner","National Blood Transfusion Council / WHO","https://www.who.int/initiatives/blood-safety","educational"
481,"Blood Crossmatching","Education and Guidelines","How can the public support improvements in blood crossmatching?","The public can support the healthcare system by donating blood regularly, dispelling common donation myths, and encouraging community participation in voluntary blood camps.","blood crossmatching,guidelines,blood science,safety","beginner","National Blood Transfusion Council / WHO","https://www.who.int/initiatives/blood-safety","educational"
482,"Blood Crossmatching","Education and Guidelines","What happens during emergency scenarios involving blood crossmatching?","In emergencies, rapid-response logistics ensure that compatible blood components are mobilized immediately to trauma centers while maintaining strict trace-and-track cold chain standards.","blood crossmatching,guidelines,blood science,safety","intermediate","National Blood Transfusion Council / WHO","https://www.who.int/initiatives/blood-safety","educational"
483,"Blood Transfusion","Education and Guidelines","How does blood transfusion affect human health?","Understanding blood transfusion is fundamental to clinical hematology and public health. It ensures accurate diagnosis of circulatory and metabolic conditions and guides safe transfusion practice.","blood transfusion,guidelines,blood science,safety","beginner","National Blood Transfusion Council / WHO","https://www.who.int/initiatives/blood-safety","educational"
484,"Blood Transfusion","Education and Guidelines","What are the medical guidelines for blood transfusion?","Medical standards for blood transfusion are established by regulatory bodies like WHO, national blood councils, and drug controllers to maximize donor safety, safeguard recipient health, and guarantee cold-chain integrity.","blood transfusion,guidelines,blood science,safety","intermediate","National Blood Transfusion Council / WHO","https://www.who.int/initiatives/blood-safety","educational"
485,"Blood Transfusion","Education and Guidelines","Why is blood transfusion monitored in blood transfusion services?","Blood transfusion centers monitor blood transfusion to prevent adverse hemolytic and non-hemolytic reactions, reduce infection transmission, and maintain adequate inventory of compatible blood components.","blood transfusion,guidelines,blood science,safety","intermediate","National Blood Transfusion Council / WHO","https://www.who.int/initiatives/blood-safety","educational"
486,"Blood Transfusion","Education and Guidelines","What role does blood transfusion play in donor screening?","During donor screening, protocols evaluating blood transfusion help ensure that eligible donors are in good health and that donated units meet all biological quality standards.","blood transfusion,guidelines,blood science,safety","beginner","National Blood Transfusion Council / WHO","https://www.who.int/initiatives/blood-safety","educational"
487,"Blood Transfusion","Education and Guidelines","What are common misconceptions about blood transfusion?","Common misconceptions about blood transfusion often arise from lack of awareness. Evidence-based hematology and authorized blood services clarify that modern blood banking protocols are extremely safe and tightly regulated.","blood transfusion,guidelines,blood science,safety","beginner","National Blood Transfusion Council / WHO","https://www.who.int/initiatives/blood-safety","educational"
488,"Blood Transfusion","Education and Guidelines","What is the physiological significance of blood transfusion?","In human physiology, blood transfusion contributes directly to circulatory homeostasis, cellular oxygen delivery, immune defense, and vascular equilibrium.","blood transfusion,guidelines,blood science,safety","intermediate","National Blood Transfusion Council / WHO","https://www.who.int/initiatives/blood-safety","educational"
489,"Blood Transfusion","Education and Guidelines","What should patients and donors know regarding blood transfusion?","Patients and donors should know that blood transfusion is managed using strict medical protocols, and any personalized health decisions should always be reviewed with qualified healthcare providers.","blood transfusion,guidelines,blood science,safety","beginner","National Blood Transfusion Council / WHO","https://www.who.int/initiatives/blood-safety","educational"
490,"Blood Transfusion","Education and Guidelines","How does scientific research improve blood transfusion?","Continuous scientific research in blood transfusion enhances pathogen inactivation, nucleic acid testing sensitivity, component preservation, and automated apheresis technologies worldwide.","blood transfusion,guidelines,blood science,safety","intermediate","National Blood Transfusion Council / WHO","https://www.who.int/initiatives/blood-safety","educational"
491,"Blood Transfusion","Education and Guidelines","What diagnostic laboratory tests evaluate blood transfusion?","Diagnostic evaluations include complete blood counts (CBC), automated serological assays, molecular nucleic acid testing (NAT), and microfluidic crossmatching.","blood transfusion,guidelines,blood science,safety","intermediate","National Blood Transfusion Council / WHO","https://www.who.int/initiatives/blood-safety","educational"
492,"Blood Transfusion","Education and Guidelines","What is the historical evolution of blood transfusion?","From early direct transfusions to modern component therapy, leukoreduction, and computerized inventory networks, the understanding of blood transfusion has made transfusion medicine exceptionally safe.","blood transfusion,guidelines,blood science,safety","intermediate","National Blood Transfusion Council / WHO","https://www.who.int/initiatives/blood-safety","educational"
493,"Blood Transfusion","Education and Guidelines","How do international standards regulate blood transfusion?","International bodies such as the WHO, AABB, and ISBT set harmonized standards for blood transfusion covering donor qualification, component preservation, and hemovigilance reporting.","blood transfusion,guidelines,blood science,safety","advanced","National Blood Transfusion Council / WHO","https://www.who.int/initiatives/blood-safety","educational"
494,"Blood Transfusion","Education and Guidelines","What are the key safety precautions concerning blood transfusion?","Key precautions include strict sterile single-use equipment, rigorous donor eligibility assessments, temperature-controlled cold chains, and multi-tier blood testing before release.","blood transfusion,guidelines,blood science,safety","beginner","National Blood Transfusion Council / WHO","https://www.who.int/initiatives/blood-safety","educational"
495,"Blood Transfusion","Education and Guidelines","How can the public support improvements in blood transfusion?","The public can support the healthcare system by donating blood regularly, dispelling common donation myths, and encouraging community participation in voluntary blood camps.","blood transfusion,guidelines,blood science,safety","beginner","National Blood Transfusion Council / WHO","https://www.who.int/initiatives/blood-safety","educational"
496,"Blood Transfusion","Education and Guidelines","What happens during emergency scenarios involving blood transfusion?","In emergencies, rapid-response logistics ensure that compatible blood components are mobilized immediately to trauma centers while maintaining strict trace-and-track cold chain standards.","blood transfusion,guidelines,blood science,safety","intermediate","National Blood Transfusion Council / WHO","https://www.who.int/initiatives/blood-safety","educational"
497,"Transfusion Safety","Education and Guidelines","How does transfusion safety affect human health?","Understanding transfusion safety is fundamental to clinical hematology and public health. It ensures accurate diagnosis of circulatory and metabolic conditions and guides safe transfusion practice.","transfusion safety,guidelines,blood science,safety","beginner","National Blood Transfusion Council / WHO","https://www.who.int/initiatives/blood-safety","educational"
498,"Transfusion Safety","Education and Guidelines","What are the medical guidelines for transfusion safety?","Medical standards for transfusion safety are established by regulatory bodies like WHO, national blood councils, and drug controllers to maximize donor safety, safeguard recipient health, and guarantee cold-chain integrity.","transfusion safety,guidelines,blood science,safety","intermediate","National Blood Transfusion Council / WHO","https://www.who.int/initiatives/blood-safety","educational"
499,"Transfusion Safety","Education and Guidelines","Why is transfusion safety monitored in blood transfusion services?","Blood transfusion centers monitor transfusion safety to prevent adverse hemolytic and non-hemolytic reactions, reduce infection transmission, and maintain adequate inventory of compatible blood components.","transfusion safety,guidelines,blood science,safety","intermediate","National Blood Transfusion Council / WHO","https://www.who.int/initiatives/blood-safety","educational"
500,"Transfusion Safety","Education and Guidelines","What role does transfusion safety play in donor screening?","During donor screening, protocols evaluating transfusion safety help ensure that eligible donors are in good health and that donated units meet all biological quality standards.","transfusion safety,guidelines,blood science,safety","beginner","National Blood Transfusion Council / WHO","https://www.who.int/initiatives/blood-safety","educational"
501,"Transfusion Safety","Education and Guidelines","What are common misconceptions about transfusion safety?","Common misconceptions about transfusion safety often arise from lack of awareness. Evidence-based hematology and authorized blood services clarify that modern blood banking protocols are extremely safe and tightly regulated.","transfusion safety,guidelines,blood science,safety","beginner","National Blood Transfusion Council / WHO","https://www.who.int/initiatives/blood-safety","educational"
502,"Transfusion Safety","Education and Guidelines","What is the physiological significance of transfusion safety?","In human physiology, transfusion safety contributes directly to circulatory homeostasis, cellular oxygen delivery, immune defense, and vascular equilibrium.","transfusion safety,guidelines,blood science,safety","intermediate","National Blood Transfusion Council / WHO","https://www.who.int/initiatives/blood-safety","educational"
503,"Transfusion Safety","Education and Guidelines","What should patients and donors know regarding transfusion safety?","Patients and donors should know that transfusion safety is managed using strict medical protocols, and any personalized health decisions should always be reviewed with qualified healthcare providers.","transfusion safety,guidelines,blood science,safety","beginner","National Blood Transfusion Council / WHO","https://www.who.int/initiatives/blood-safety","educational"
504,"Transfusion Safety","Education and Guidelines","How does scientific research improve transfusion safety?","Continuous scientific research in transfusion safety enhances pathogen inactivation, nucleic acid testing sensitivity, component preservation, and automated apheresis technologies worldwide.","transfusion safety,guidelines,blood science,safety","intermediate","National Blood Transfusion Council / WHO","https://www.who.int/initiatives/blood-safety","educational"
505,"Transfusion Safety","Education and Guidelines","What diagnostic laboratory tests evaluate transfusion safety?","Diagnostic evaluations include complete blood counts (CBC), automated serological assays, molecular nucleic acid testing (NAT), and microfluidic crossmatching.","transfusion safety,guidelines,blood science,safety","intermediate","National Blood Transfusion Council / WHO","https://www.who.int/initiatives/blood-safety","educational"
506,"Transfusion Safety","Education and Guidelines","What is the historical evolution of transfusion safety?","From early direct transfusions to modern component therapy, leukoreduction, and computerized inventory networks, the understanding of transfusion safety has made transfusion medicine exceptionally safe.","transfusion safety,guidelines,blood science,safety","intermediate","National Blood Transfusion Council / WHO","https://www.who.int/initiatives/blood-safety","educational"
507,"Transfusion Safety","Education and Guidelines","How do international standards regulate transfusion safety?","International bodies such as the WHO, AABB, and ISBT set harmonized standards for transfusion safety covering donor qualification, component preservation, and hemovigilance reporting.","transfusion safety,guidelines,blood science,safety","advanced","National Blood Transfusion Council / WHO","https://www.who.int/initiatives/blood-safety","educational"
508,"Transfusion Safety","Education and Guidelines","What are the key safety precautions concerning transfusion safety?","Key precautions include strict sterile single-use equipment, rigorous donor eligibility assessments, temperature-controlled cold chains, and multi-tier blood testing before release.","transfusion safety,guidelines,blood science,safety","beginner","National Blood Transfusion Council / WHO","https://www.who.int/initiatives/blood-safety","educational"
509,"Transfusion Safety","Education and Guidelines","How can the public support improvements in transfusion safety?","The public can support the healthcare system by donating blood regularly, dispelling common donation myths, and encouraging community participation in voluntary blood camps.","transfusion safety,guidelines,blood science,safety","beginner","National Blood Transfusion Council / WHO","https://www.who.int/initiatives/blood-safety","educational"
510,"Transfusion Safety","Education and Guidelines","What happens during emergency scenarios involving transfusion safety?","In emergencies, rapid-response logistics ensure that compatible blood components are mobilized immediately to trauma centers while maintaining strict trace-and-track cold chain standards.","transfusion safety,guidelines,blood science,safety","intermediate","National Blood Transfusion Council / WHO","https://www.who.int/initiatives/blood-safety","educational"
511,"Transfusion Reactions","Education and Guidelines","How does transfusion reactions affect human health?","Understanding transfusion reactions is fundamental to clinical hematology and public health. It ensures accurate diagnosis of circulatory and metabolic conditions and guides safe transfusion practice.","transfusion reactions,guidelines,blood science,safety","beginner","National Blood Transfusion Council / WHO","https://www.who.int/initiatives/blood-safety","educational"
512,"Transfusion Reactions","Education and Guidelines","What are the medical guidelines for transfusion reactions?","Medical standards for transfusion reactions are established by regulatory bodies like WHO, national blood councils, and drug controllers to maximize donor safety, safeguard recipient health, and guarantee cold-chain integrity.","transfusion reactions,guidelines,blood science,safety","intermediate","National Blood Transfusion Council / WHO","https://www.who.int/initiatives/blood-safety","educational"
513,"Transfusion Reactions","Education and Guidelines","Why is transfusion reactions monitored in blood transfusion services?","Blood transfusion centers monitor transfusion reactions to prevent adverse hemolytic and non-hemolytic reactions, reduce infection transmission, and maintain adequate inventory of compatible blood components.","transfusion reactions,guidelines,blood science,safety","intermediate","National Blood Transfusion Council / WHO","https://www.who.int/initiatives/blood-safety","educational"
514,"Transfusion Reactions","Education and Guidelines","What role does transfusion reactions play in donor screening?","During donor screening, protocols evaluating transfusion reactions help ensure that eligible donors are in good health and that donated units meet all biological quality standards.","transfusion reactions,guidelines,blood science,safety","beginner","National Blood Transfusion Council / WHO","https://www.who.int/initiatives/blood-safety","educational"
515,"Transfusion Reactions","Education and Guidelines","What are common misconceptions about transfusion reactions?","Common misconceptions about transfusion reactions often arise from lack of awareness. Evidence-based hematology and authorized blood services clarify that modern blood banking protocols are extremely safe and tightly regulated.","transfusion reactions,guidelines,blood science,safety","beginner","National Blood Transfusion Council / WHO","https://www.who.int/initiatives/blood-safety","educational"
516,"Transfusion Reactions","Education and Guidelines","What is the physiological significance of transfusion reactions?","In human physiology, transfusion reactions contributes directly to circulatory homeostasis, cellular oxygen delivery, immune defense, and vascular equilibrium.","transfusion reactions,guidelines,blood science,safety","intermediate","National Blood Transfusion Council / WHO","https://www.who.int/initiatives/blood-safety","educational"
517,"Transfusion Reactions","Education and Guidelines","What should patients and donors know regarding transfusion reactions?","Patients and donors should know that transfusion reactions is managed using strict medical protocols, and any personalized health decisions should always be reviewed with qualified healthcare providers.","transfusion reactions,guidelines,blood science,safety","beginner","National Blood Transfusion Council / WHO","https://www.who.int/initiatives/blood-safety","educational"
518,"Transfusion Reactions","Education and Guidelines","How does scientific research improve transfusion reactions?","Continuous scientific research in transfusion reactions enhances pathogen inactivation, nucleic acid testing sensitivity, component preservation, and automated apheresis technologies worldwide.","transfusion reactions,guidelines,blood science,safety","intermediate","National Blood Transfusion Council / WHO","https://www.who.int/initiatives/blood-safety","educational"
519,"Transfusion Reactions","Education and Guidelines","What diagnostic laboratory tests evaluate transfusion reactions?","Diagnostic evaluations include complete blood counts (CBC), automated serological assays, molecular nucleic acid testing (NAT), and microfluidic crossmatching.","transfusion reactions,guidelines,blood science,safety","intermediate","National Blood Transfusion Council / WHO","https://www.who.int/initiatives/blood-safety","educational"
520,"Transfusion Reactions","Education and Guidelines","What is the historical evolution of transfusion reactions?","From early direct transfusions to modern component therapy, leukoreduction, and computerized inventory networks, the understanding of transfusion reactions has made transfusion medicine exceptionally safe.","transfusion reactions,guidelines,blood science,safety","intermediate","National Blood Transfusion Council / WHO","https://www.who.int/initiatives/blood-safety","educational"
521,"Transfusion Reactions","Education and Guidelines","How do international standards regulate transfusion reactions?","International bodies such as the WHO, AABB, and ISBT set harmonized standards for transfusion reactions covering donor qualification, component preservation, and hemovigilance reporting.","transfusion reactions,guidelines,blood science,safety","advanced","National Blood Transfusion Council / WHO","https://www.who.int/initiatives/blood-safety","educational"
522,"Transfusion Reactions","Education and Guidelines","What are the key safety precautions concerning transfusion reactions?","Key precautions include strict sterile single-use equipment, rigorous donor eligibility assessments, temperature-controlled cold chains, and multi-tier blood testing before release.","transfusion reactions,guidelines,blood science,safety","beginner","National Blood Transfusion Council / WHO","https://www.who.int/initiatives/blood-safety","educational"
523,"Transfusion Reactions","Education and Guidelines","How can the public support improvements in transfusion reactions?","The public can support the healthcare system by donating blood regularly, dispelling common donation myths, and encouraging community participation in voluntary blood camps.","transfusion reactions,guidelines,blood science,safety","beginner","National Blood Transfusion Council / WHO","https://www.who.int/initiatives/blood-safety","educational"
524,"Transfusion Reactions","Education and Guidelines","What happens during emergency scenarios involving transfusion reactions?","In emergencies, rapid-response logistics ensure that compatible blood components are mobilized immediately to trauma centers while maintaining strict trace-and-track cold chain standards.","transfusion reactions,guidelines,blood science,safety","intermediate","National Blood Transfusion Council / WHO","https://www.who.int/initiatives/blood-safety","educational"
525,"Blood Donation","Education and Guidelines","How does blood donation affect human health?","Understanding blood donation is fundamental to clinical hematology and public health. It ensures accurate diagnosis of circulatory and metabolic conditions and guides safe transfusion practice.","blood donation,guidelines,blood science,safety","beginner","National Blood Transfusion Council / WHO","https://www.who.int/initiatives/blood-safety","educational"
526,"Blood Donation","Education and Guidelines","What are the medical guidelines for blood donation?","Medical standards for blood donation are established by regulatory bodies like WHO, national blood councils, and drug controllers to maximize donor safety, safeguard recipient health, and guarantee cold-chain integrity.","blood donation,guidelines,blood science,safety","intermediate","National Blood Transfusion Council / WHO","https://www.who.int/initiatives/blood-safety","educational"
527,"Blood Donation","Education and Guidelines","Why is blood donation monitored in blood transfusion services?","Blood transfusion centers monitor blood donation to prevent adverse hemolytic and non-hemolytic reactions, reduce infection transmission, and maintain adequate inventory of compatible blood components.","blood donation,guidelines,blood science,safety","intermediate","National Blood Transfusion Council / WHO","https://www.who.int/initiatives/blood-safety","educational"
528,"Blood Donation","Education and Guidelines","What role does blood donation play in donor screening?","During donor screening, protocols evaluating blood donation help ensure that eligible donors are in good health and that donated units meet all biological quality standards.","blood donation,guidelines,blood science,safety","beginner","National Blood Transfusion Council / WHO","https://www.who.int/initiatives/blood-safety","educational"
529,"Blood Donation","Education and Guidelines","What are common misconceptions about blood donation?","Common misconceptions about blood donation often arise from lack of awareness. Evidence-based hematology and authorized blood services clarify that modern blood banking protocols are extremely safe and tightly regulated.","blood donation,guidelines,blood science,safety","beginner","National Blood Transfusion Council / WHO","https://www.who.int/initiatives/blood-safety","educational"
530,"Blood Donation","Education and Guidelines","What is the physiological significance of blood donation?","In human physiology, blood donation contributes directly to circulatory homeostasis, cellular oxygen delivery, immune defense, and vascular equilibrium.","blood donation,guidelines,blood science,safety","intermediate","National Blood Transfusion Council / WHO","https://www.who.int/initiatives/blood-safety","educational"
531,"Blood Donation","Education and Guidelines","What should patients and donors know regarding blood donation?","Patients and donors should know that blood donation is managed using strict medical protocols, and any personalized health decisions should always be reviewed with qualified healthcare providers.","blood donation,guidelines,blood science,safety","beginner","National Blood Transfusion Council / WHO","https://www.who.int/initiatives/blood-safety","educational"
532,"Blood Donation","Education and Guidelines","How does scientific research improve blood donation?","Continuous scientific research in blood donation enhances pathogen inactivation, nucleic acid testing sensitivity, component preservation, and automated apheresis technologies worldwide.","blood donation,guidelines,blood science,safety","intermediate","National Blood Transfusion Council / WHO","https://www.who.int/initiatives/blood-safety","educational"
533,"Blood Donation","Education and Guidelines","What diagnostic laboratory tests evaluate blood donation?","Diagnostic evaluations include complete blood counts (CBC), automated serological assays, molecular nucleic acid testing (NAT), and microfluidic crossmatching.","blood donation,guidelines,blood science,safety","intermediate","National Blood Transfusion Council / WHO","https://www.who.int/initiatives/blood-safety","educational"
534,"Blood Donation","Education and Guidelines","What is the historical evolution of blood donation?","From early direct transfusions to modern component therapy, leukoreduction, and computerized inventory networks, the understanding of blood donation has made transfusion medicine exceptionally safe.","blood donation,guidelines,blood science,safety","intermediate","National Blood Transfusion Council / WHO","https://www.who.int/initiatives/blood-safety","educational"
535,"Blood Donation","Education and Guidelines","How do international standards regulate blood donation?","International bodies such as the WHO, AABB, and ISBT set harmonized standards for blood donation covering donor qualification, component preservation, and hemovigilance reporting.","blood donation,guidelines,blood science,safety","advanced","National Blood Transfusion Council / WHO","https://www.who.int/initiatives/blood-safety","educational"
536,"Blood Donation","Education and Guidelines","What are the key safety precautions concerning blood donation?","Key precautions include strict sterile single-use equipment, rigorous donor eligibility assessments, temperature-controlled cold chains, and multi-tier blood testing before release.","blood donation,guidelines,blood science,safety","beginner","National Blood Transfusion Council / WHO","https://www.who.int/initiatives/blood-safety","educational"
537,"Blood Donation","Education and Guidelines","How can the public support improvements in blood donation?","The public can support the healthcare system by donating blood regularly, dispelling common donation myths, and encouraging community participation in voluntary blood camps.","blood donation,guidelines,blood science,safety","beginner","National Blood Transfusion Council / WHO","https://www.who.int/initiatives/blood-safety","educational"
538,"Blood Donation","Education and Guidelines","What happens during emergency scenarios involving blood donation?","In emergencies, rapid-response logistics ensure that compatible blood components are mobilized immediately to trauma centers while maintaining strict trace-and-track cold chain standards.","blood donation,guidelines,blood science,safety","intermediate","National Blood Transfusion Council / WHO","https://www.who.int/initiatives/blood-safety","educational"
539,"Donor Eligibility","Education and Guidelines","How does donor eligibility affect human health?","Understanding donor eligibility is fundamental to clinical hematology and public health. It ensures accurate diagnosis of circulatory and metabolic conditions and guides safe transfusion practice.","donor eligibility,guidelines,blood science,safety","beginner","National Blood Transfusion Council / WHO","https://www.who.int/initiatives/blood-safety","educational"
540,"Donor Eligibility","Education and Guidelines","What are the medical guidelines for donor eligibility?","Medical standards for donor eligibility are established by regulatory bodies like WHO, national blood councils, and drug controllers to maximize donor safety, safeguard recipient health, and guarantee cold-chain integrity.","donor eligibility,guidelines,blood science,safety","intermediate","National Blood Transfusion Council / WHO","https://www.who.int/initiatives/blood-safety","educational"
541,"Donor Eligibility","Education and Guidelines","Why is donor eligibility monitored in blood transfusion services?","Blood transfusion centers monitor donor eligibility to prevent adverse hemolytic and non-hemolytic reactions, reduce infection transmission, and maintain adequate inventory of compatible blood components.","donor eligibility,guidelines,blood science,safety","intermediate","National Blood Transfusion Council / WHO","https://www.who.int/initiatives/blood-safety","educational"
542,"Donor Eligibility","Education and Guidelines","What role does donor eligibility play in donor screening?","During donor screening, protocols evaluating donor eligibility help ensure that eligible donors are in good health and that donated units meet all biological quality standards.","donor eligibility,guidelines,blood science,safety","beginner","National Blood Transfusion Council / WHO","https://www.who.int/initiatives/blood-safety","educational"
543,"Donor Eligibility","Education and Guidelines","What are common misconceptions about donor eligibility?","Common misconceptions about donor eligibility often arise from lack of awareness. Evidence-based hematology and authorized blood services clarify that modern blood banking protocols are extremely safe and tightly regulated.","donor eligibility,guidelines,blood science,safety","beginner","National Blood Transfusion Council / WHO","https://www.who.int/initiatives/blood-safety","educational"
544,"Donor Eligibility","Education and Guidelines","What is the physiological significance of donor eligibility?","In human physiology, donor eligibility contributes directly to circulatory homeostasis, cellular oxygen delivery, immune defense, and vascular equilibrium.","donor eligibility,guidelines,blood science,safety","intermediate","National Blood Transfusion Council / WHO","https://www.who.int/initiatives/blood-safety","educational"
545,"Donor Eligibility","Education and Guidelines","What should patients and donors know regarding donor eligibility?","Patients and donors should know that donor eligibility is managed using strict medical protocols, and any personalized health decisions should always be reviewed with qualified healthcare providers.","donor eligibility,guidelines,blood science,safety","beginner","National Blood Transfusion Council / WHO","https://www.who.int/initiatives/blood-safety","educational"
546,"Donor Eligibility","Education and Guidelines","How does scientific research improve donor eligibility?","Continuous scientific research in donor eligibility enhances pathogen inactivation, nucleic acid testing sensitivity, component preservation, and automated apheresis technologies worldwide.","donor eligibility,guidelines,blood science,safety","intermediate","National Blood Transfusion Council / WHO","https://www.who.int/initiatives/blood-safety","educational"
547,"Donor Eligibility","Education and Guidelines","What diagnostic laboratory tests evaluate donor eligibility?","Diagnostic evaluations include complete blood counts (CBC), automated serological assays, molecular nucleic acid testing (NAT), and microfluidic crossmatching.","donor eligibility,guidelines,blood science,safety","intermediate","National Blood Transfusion Council / WHO","https://www.who.int/initiatives/blood-safety","educational"
548,"Donor Eligibility","Education and Guidelines","What is the historical evolution of donor eligibility?","From early direct transfusions to modern component therapy, leukoreduction, and computerized inventory networks, the understanding of donor eligibility has made transfusion medicine exceptionally safe.","donor eligibility,guidelines,blood science,safety","intermediate","National Blood Transfusion Council / WHO","https://www.who.int/initiatives/blood-safety","educational"
549,"Donor Eligibility","Education and Guidelines","How do international standards regulate donor eligibility?","International bodies such as the WHO, AABB, and ISBT set harmonized standards for donor eligibility covering donor qualification, component preservation, and hemovigilance reporting.","donor eligibility,guidelines,blood science,safety","advanced","National Blood Transfusion Council / WHO","https://www.who.int/initiatives/blood-safety","educational"
550,"Donor Eligibility","Education and Guidelines","What are the key safety precautions concerning donor eligibility?","Key precautions include strict sterile single-use equipment, rigorous donor eligibility assessments, temperature-controlled cold chains, and multi-tier blood testing before release.","donor eligibility,guidelines,blood science,safety","beginner","National Blood Transfusion Council / WHO","https://www.who.int/initiatives/blood-safety","educational"
551,"Donor Eligibility","Education and Guidelines","How can the public support improvements in donor eligibility?","The public can support the healthcare system by donating blood regularly, dispelling common donation myths, and encouraging community participation in voluntary blood camps.","donor eligibility,guidelines,blood science,safety","beginner","National Blood Transfusion Council / WHO","https://www.who.int/initiatives/blood-safety","educational"
552,"Donor Eligibility","Education and Guidelines","What happens during emergency scenarios involving donor eligibility?","In emergencies, rapid-response logistics ensure that compatible blood components are mobilized immediately to trauma centers while maintaining strict trace-and-track cold chain standards.","donor eligibility,guidelines,blood science,safety","intermediate","National Blood Transfusion Council / WHO","https://www.who.int/initiatives/blood-safety","educational"
553,"Donor Deferral","Education and Guidelines","How does donor deferral affect human health?","Understanding donor deferral is fundamental to clinical hematology and public health. It ensures accurate diagnosis of circulatory and metabolic conditions and guides safe transfusion practice.","donor deferral,guidelines,blood science,safety","beginner","National Blood Transfusion Council / WHO","https://www.who.int/initiatives/blood-safety","educational"
554,"Donor Deferral","Education and Guidelines","What are the medical guidelines for donor deferral?","Medical standards for donor deferral are established by regulatory bodies like WHO, national blood councils, and drug controllers to maximize donor safety, safeguard recipient health, and guarantee cold-chain integrity.","donor deferral,guidelines,blood science,safety","intermediate","National Blood Transfusion Council / WHO","https://www.who.int/initiatives/blood-safety","educational"
555,"Donor Deferral","Education and Guidelines","Why is donor deferral monitored in blood transfusion services?","Blood transfusion centers monitor donor deferral to prevent adverse hemolytic and non-hemolytic reactions, reduce infection transmission, and maintain adequate inventory of compatible blood components.","donor deferral,guidelines,blood science,safety","intermediate","National Blood Transfusion Council / WHO","https://www.who.int/initiatives/blood-safety","educational"
556,"Donor Deferral","Education and Guidelines","What role does donor deferral play in donor screening?","During donor screening, protocols evaluating donor deferral help ensure that eligible donors are in good health and that donated units meet all biological quality standards.","donor deferral,guidelines,blood science,safety","beginner","National Blood Transfusion Council / WHO","https://www.who.int/initiatives/blood-safety","educational"
557,"Donor Deferral","Education and Guidelines","What are common misconceptions about donor deferral?","Common misconceptions about donor deferral often arise from lack of awareness. Evidence-based hematology and authorized blood services clarify that modern blood banking protocols are extremely safe and tightly regulated.","donor deferral,guidelines,blood science,safety","beginner","National Blood Transfusion Council / WHO","https://www.who.int/initiatives/blood-safety","educational"
558,"Donor Deferral","Education and Guidelines","What is the physiological significance of donor deferral?","In human physiology, donor deferral contributes directly to circulatory homeostasis, cellular oxygen delivery, immune defense, and vascular equilibrium.","donor deferral,guidelines,blood science,safety","intermediate","National Blood Transfusion Council / WHO","https://www.who.int/initiatives/blood-safety","educational"
559,"Donor Deferral","Education and Guidelines","What should patients and donors know regarding donor deferral?","Patients and donors should know that donor deferral is managed using strict medical protocols, and any personalized health decisions should always be reviewed with qualified healthcare providers.","donor deferral,guidelines,blood science,safety","beginner","National Blood Transfusion Council / WHO","https://www.who.int/initiatives/blood-safety","educational"
560,"Donor Deferral","Education and Guidelines","How does scientific research improve donor deferral?","Continuous scientific research in donor deferral enhances pathogen inactivation, nucleic acid testing sensitivity, component preservation, and automated apheresis technologies worldwide.","donor deferral,guidelines,blood science,safety","intermediate","National Blood Transfusion Council / WHO","https://www.who.int/initiatives/blood-safety","educational"
561,"Donor Deferral","Education and Guidelines","What diagnostic laboratory tests evaluate donor deferral?","Diagnostic evaluations include complete blood counts (CBC), automated serological assays, molecular nucleic acid testing (NAT), and microfluidic crossmatching.","donor deferral,guidelines,blood science,safety","intermediate","National Blood Transfusion Council / WHO","https://www.who.int/initiatives/blood-safety","educational"
562,"Donor Deferral","Education and Guidelines","What is the historical evolution of donor deferral?","From early direct transfusions to modern component therapy, leukoreduction, and computerized inventory networks, the understanding of donor deferral has made transfusion medicine exceptionally safe.","donor deferral,guidelines,blood science,safety","intermediate","National Blood Transfusion Council / WHO","https://www.who.int/initiatives/blood-safety","educational"
563,"Donor Deferral","Education and Guidelines","How do international standards regulate donor deferral?","International bodies such as the WHO, AABB, and ISBT set harmonized standards for donor deferral covering donor qualification, component preservation, and hemovigilance reporting.","donor deferral,guidelines,blood science,safety","advanced","National Blood Transfusion Council / WHO","https://www.who.int/initiatives/blood-safety","educational"
564,"Donor Deferral","Education and Guidelines","What are the key safety precautions concerning donor deferral?","Key precautions include strict sterile single-use equipment, rigorous donor eligibility assessments, temperature-controlled cold chains, and multi-tier blood testing before release.","donor deferral,guidelines,blood science,safety","beginner","National Blood Transfusion Council / WHO","https://www.who.int/initiatives/blood-safety","educational"
565,"Donor Deferral","Education and Guidelines","How can the public support improvements in donor deferral?","The public can support the healthcare system by donating blood regularly, dispelling common donation myths, and encouraging community participation in voluntary blood camps.","donor deferral,guidelines,blood science,safety","beginner","National Blood Transfusion Council / WHO","https://www.who.int/initiatives/blood-safety","educational"
566,"Donor Deferral","Education and Guidelines","What happens during emergency scenarios involving donor deferral?","In emergencies, rapid-response logistics ensure that compatible blood components are mobilized immediately to trauma centers while maintaining strict trace-and-track cold chain standards.","donor deferral,guidelines,blood science,safety","intermediate","National Blood Transfusion Council / WHO","https://www.who.int/initiatives/blood-safety","educational"
567,"Donation Intervals","Education and Guidelines","How does donation intervals affect human health?","Understanding donation intervals is fundamental to clinical hematology and public health. It ensures accurate diagnosis of circulatory and metabolic conditions and guides safe transfusion practice.","donation intervals,guidelines,blood science,safety","beginner","National Blood Transfusion Council / WHO","https://www.who.int/initiatives/blood-safety","educational"
568,"Donation Intervals","Education and Guidelines","What are the medical guidelines for donation intervals?","Medical standards for donation intervals are established by regulatory bodies like WHO, national blood councils, and drug controllers to maximize donor safety, safeguard recipient health, and guarantee cold-chain integrity.","donation intervals,guidelines,blood science,safety","intermediate","National Blood Transfusion Council / WHO","https://www.who.int/initiatives/blood-safety","educational"
569,"Donation Intervals","Education and Guidelines","Why is donation intervals monitored in blood transfusion services?","Blood transfusion centers monitor donation intervals to prevent adverse hemolytic and non-hemolytic reactions, reduce infection transmission, and maintain adequate inventory of compatible blood components.","donation intervals,guidelines,blood science,safety","intermediate","National Blood Transfusion Council / WHO","https://www.who.int/initiatives/blood-safety","educational"
570,"Donation Intervals","Education and Guidelines","What role does donation intervals play in donor screening?","During donor screening, protocols evaluating donation intervals help ensure that eligible donors are in good health and that donated units meet all biological quality standards.","donation intervals,guidelines,blood science,safety","beginner","National Blood Transfusion Council / WHO","https://www.who.int/initiatives/blood-safety","educational"
571,"Donation Intervals","Education and Guidelines","What are common misconceptions about donation intervals?","Common misconceptions about donation intervals often arise from lack of awareness. Evidence-based hematology and authorized blood services clarify that modern blood banking protocols are extremely safe and tightly regulated.","donation intervals,guidelines,blood science,safety","beginner","National Blood Transfusion Council / WHO","https://www.who.int/initiatives/blood-safety","educational"
572,"Donation Intervals","Education and Guidelines","What is the physiological significance of donation intervals?","In human physiology, donation intervals contributes directly to circulatory homeostasis, cellular oxygen delivery, immune defense, and vascular equilibrium.","donation intervals,guidelines,blood science,safety","intermediate","National Blood Transfusion Council / WHO","https://www.who.int/initiatives/blood-safety","educational"
573,"Donation Intervals","Education and Guidelines","What should patients and donors know regarding donation intervals?","Patients and donors should know that donation intervals is managed using strict medical protocols, and any personalized health decisions should always be reviewed with qualified healthcare providers.","donation intervals,guidelines,blood science,safety","beginner","National Blood Transfusion Council / WHO","https://www.who.int/initiatives/blood-safety","educational"
574,"Donation Intervals","Education and Guidelines","How does scientific research improve donation intervals?","Continuous scientific research in donation intervals enhances pathogen inactivation, nucleic acid testing sensitivity, component preservation, and automated apheresis technologies worldwide.","donation intervals,guidelines,blood science,safety","intermediate","National Blood Transfusion Council / WHO","https://www.who.int/initiatives/blood-safety","educational"
575,"Donation Intervals","Education and Guidelines","What diagnostic laboratory tests evaluate donation intervals?","Diagnostic evaluations include complete blood counts (CBC), automated serological assays, molecular nucleic acid testing (NAT), and microfluidic crossmatching.","donation intervals,guidelines,blood science,safety","intermediate","National Blood Transfusion Council / WHO","https://www.who.int/initiatives/blood-safety","educational"
576,"Donation Intervals","Education and Guidelines","What is the historical evolution of donation intervals?","From early direct transfusions to modern component therapy, leukoreduction, and computerized inventory networks, the understanding of donation intervals has made transfusion medicine exceptionally safe.","donation intervals,guidelines,blood science,safety","intermediate","National Blood Transfusion Council / WHO","https://www.who.int/initiatives/blood-safety","educational"
577,"Donation Intervals","Education and Guidelines","How do international standards regulate donation intervals?","International bodies such as the WHO, AABB, and ISBT set harmonized standards for donation intervals covering donor qualification, component preservation, and hemovigilance reporting.","donation intervals,guidelines,blood science,safety","advanced","National Blood Transfusion Council / WHO","https://www.who.int/initiatives/blood-safety","educational"
578,"Donation Intervals","Education and Guidelines","What are the key safety precautions concerning donation intervals?","Key precautions include strict sterile single-use equipment, rigorous donor eligibility assessments, temperature-controlled cold chains, and multi-tier blood testing before release.","donation intervals,guidelines,blood science,safety","beginner","National Blood Transfusion Council / WHO","https://www.who.int/initiatives/blood-safety","educational"
579,"Donation Intervals","Education and Guidelines","How can the public support improvements in donation intervals?","The public can support the healthcare system by donating blood regularly, dispelling common donation myths, and encouraging community participation in voluntary blood camps.","donation intervals,guidelines,blood science,safety","beginner","National Blood Transfusion Council / WHO","https://www.who.int/initiatives/blood-safety","educational"
580,"Donation Intervals","Education and Guidelines","What happens during emergency scenarios involving donation intervals?","In emergencies, rapid-response logistics ensure that compatible blood components are mobilized immediately to trauma centers while maintaining strict trace-and-track cold chain standards.","donation intervals,guidelines,blood science,safety","intermediate","National Blood Transfusion Council / WHO","https://www.who.int/initiatives/blood-safety","educational"
581,"First-Time Donors","Education and Guidelines","How does first-time donors affect human health?","Understanding first-time donors is fundamental to clinical hematology and public health. It ensures accurate diagnosis of circulatory and metabolic conditions and guides safe transfusion practice.","first-time donors,guidelines,blood science,safety","beginner","National Blood Transfusion Council / WHO","https://www.who.int/initiatives/blood-safety","educational"
582,"First-Time Donors","Education and Guidelines","What are the medical guidelines for first-time donors?","Medical standards for first-time donors are established by regulatory bodies like WHO, national blood councils, and drug controllers to maximize donor safety, safeguard recipient health, and guarantee cold-chain integrity.","first-time donors,guidelines,blood science,safety","intermediate","National Blood Transfusion Council / WHO","https://www.who.int/initiatives/blood-safety","educational"
583,"First-Time Donors","Education and Guidelines","Why is first-time donors monitored in blood transfusion services?","Blood transfusion centers monitor first-time donors to prevent adverse hemolytic and non-hemolytic reactions, reduce infection transmission, and maintain adequate inventory of compatible blood components.","first-time donors,guidelines,blood science,safety","intermediate","National Blood Transfusion Council / WHO","https://www.who.int/initiatives/blood-safety","educational"
584,"First-Time Donors","Education and Guidelines","What role does first-time donors play in donor screening?","During donor screening, protocols evaluating first-time donors help ensure that eligible donors are in good health and that donated units meet all biological quality standards.","first-time donors,guidelines,blood science,safety","beginner","National Blood Transfusion Council / WHO","https://www.who.int/initiatives/blood-safety","educational"
585,"First-Time Donors","Education and Guidelines","What are common misconceptions about first-time donors?","Common misconceptions about first-time donors often arise from lack of awareness. Evidence-based hematology and authorized blood services clarify that modern blood banking protocols are extremely safe and tightly regulated.","first-time donors,guidelines,blood science,safety","beginner","National Blood Transfusion Council / WHO","https://www.who.int/initiatives/blood-safety","educational"
586,"First-Time Donors","Education and Guidelines","What is the physiological significance of first-time donors?","In human physiology, first-time donors contributes directly to circulatory homeostasis, cellular oxygen delivery, immune defense, and vascular equilibrium.","first-time donors,guidelines,blood science,safety","intermediate","National Blood Transfusion Council / WHO","https://www.who.int/initiatives/blood-safety","educational"
587,"First-Time Donors","Education and Guidelines","What should patients and donors know regarding first-time donors?","Patients and donors should know that first-time donors is managed using strict medical protocols, and any personalized health decisions should always be reviewed with qualified healthcare providers.","first-time donors,guidelines,blood science,safety","beginner","National Blood Transfusion Council / WHO","https://www.who.int/initiatives/blood-safety","educational"
588,"First-Time Donors","Education and Guidelines","How does scientific research improve first-time donors?","Continuous scientific research in first-time donors enhances pathogen inactivation, nucleic acid testing sensitivity, component preservation, and automated apheresis technologies worldwide.","first-time donors,guidelines,blood science,safety","intermediate","National Blood Transfusion Council / WHO","https://www.who.int/initiatives/blood-safety","educational"
589,"First-Time Donors","Education and Guidelines","What diagnostic laboratory tests evaluate first-time donors?","Diagnostic evaluations include complete blood counts (CBC), automated serological assays, molecular nucleic acid testing (NAT), and microfluidic crossmatching.","first-time donors,guidelines,blood science,safety","intermediate","National Blood Transfusion Council / WHO","https://www.who.int/initiatives/blood-safety","educational"
590,"First-Time Donors","Education and Guidelines","What is the historical evolution of first-time donors?","From early direct transfusions to modern component therapy, leukoreduction, and computerized inventory networks, the understanding of first-time donors has made transfusion medicine exceptionally safe.","first-time donors,guidelines,blood science,safety","intermediate","National Blood Transfusion Council / WHO","https://www.who.int/initiatives/blood-safety","educational"
591,"First-Time Donors","Education and Guidelines","How do international standards regulate first-time donors?","International bodies such as the WHO, AABB, and ISBT set harmonized standards for first-time donors covering donor qualification, component preservation, and hemovigilance reporting.","first-time donors,guidelines,blood science,safety","advanced","National Blood Transfusion Council / WHO","https://www.who.int/initiatives/blood-safety","educational"
592,"First-Time Donors","Education and Guidelines","What are the key safety precautions concerning first-time donors?","Key precautions include strict sterile single-use equipment, rigorous donor eligibility assessments, temperature-controlled cold chains, and multi-tier blood testing before release.","first-time donors,guidelines,blood science,safety","beginner","National Blood Transfusion Council / WHO","https://www.who.int/initiatives/blood-safety","educational"
593,"First-Time Donors","Education and Guidelines","How can the public support improvements in first-time donors?","The public can support the healthcare system by donating blood regularly, dispelling common donation myths, and encouraging community participation in voluntary blood camps.","first-time donors,guidelines,blood science,safety","beginner","National Blood Transfusion Council / WHO","https://www.who.int/initiatives/blood-safety","educational"
594,"First-Time Donors","Education and Guidelines","What happens during emergency scenarios involving first-time donors?","In emergencies, rapid-response logistics ensure that compatible blood components are mobilized immediately to trauma centers while maintaining strict trace-and-track cold chain standards.","first-time donors,guidelines,blood science,safety","intermediate","National Blood Transfusion Council / WHO","https://www.who.int/initiatives/blood-safety","educational"
595,"Pre-Donation Preparation","Education and Guidelines","How does pre-donation preparation affect human health?","Understanding pre-donation preparation is fundamental to clinical hematology and public health. It ensures accurate diagnosis of circulatory and metabolic conditions and guides safe transfusion practice.","pre-donation preparation,guidelines,blood science,safety","beginner","National Blood Transfusion Council / WHO","https://www.who.int/initiatives/blood-safety","educational"
596,"Pre-Donation Preparation","Education and Guidelines","What are the medical guidelines for pre-donation preparation?","Medical standards for pre-donation preparation are established by regulatory bodies like WHO, national blood councils, and drug controllers to maximize donor safety, safeguard recipient health, and guarantee cold-chain integrity.","pre-donation preparation,guidelines,blood science,safety","intermediate","National Blood Transfusion Council / WHO","https://www.who.int/initiatives/blood-safety","educational"
597,"Pre-Donation Preparation","Education and Guidelines","Why is pre-donation preparation monitored in blood transfusion services?","Blood transfusion centers monitor pre-donation preparation to prevent adverse hemolytic and non-hemolytic reactions, reduce infection transmission, and maintain adequate inventory of compatible blood components.","pre-donation preparation,guidelines,blood science,safety","intermediate","National Blood Transfusion Council / WHO","https://www.who.int/initiatives/blood-safety","educational"
598,"Pre-Donation Preparation","Education and Guidelines","What role does pre-donation preparation play in donor screening?","During donor screening, protocols evaluating pre-donation preparation help ensure that eligible donors are in good health and that donated units meet all biological quality standards.","pre-donation preparation,guidelines,blood science,safety","beginner","National Blood Transfusion Council / WHO","https://www.who.int/initiatives/blood-safety","educational"
599,"Pre-Donation Preparation","Education and Guidelines","What are common misconceptions about pre-donation preparation?","Common misconceptions about pre-donation preparation often arise from lack of awareness. Evidence-based hematology and authorized blood services clarify that modern blood banking protocols are extremely safe and tightly regulated.","pre-donation preparation,guidelines,blood science,safety","beginner","National Blood Transfusion Council / WHO","https://www.who.int/initiatives/blood-safety","educational"
600,"Pre-Donation Preparation","Education and Guidelines","What is the physiological significance of pre-donation preparation?","In human physiology, pre-donation preparation contributes directly to circulatory homeostasis, cellular oxygen delivery, immune defense, and vascular equilibrium.","pre-donation preparation,guidelines,blood science,safety","intermediate","National Blood Transfusion Council / WHO","https://www.who.int/initiatives/blood-safety","educational"
601,"Pre-Donation Preparation","Education and Guidelines","What should patients and donors know regarding pre-donation preparation?","Patients and donors should know that pre-donation preparation is managed using strict medical protocols, and any personalized health decisions should always be reviewed with qualified healthcare providers.","pre-donation preparation,guidelines,blood science,safety","beginner","National Blood Transfusion Council / WHO","https://www.who.int/initiatives/blood-safety","educational"
602,"Pre-Donation Preparation","Education and Guidelines","How does scientific research improve pre-donation preparation?","Continuous scientific research in pre-donation preparation enhances pathogen inactivation, nucleic acid testing sensitivity, component preservation, and automated apheresis technologies worldwide.","pre-donation preparation,guidelines,blood science,safety","intermediate","National Blood Transfusion Council / WHO","https://www.who.int/initiatives/blood-safety","educational"
603,"Pre-Donation Preparation","Education and Guidelines","What diagnostic laboratory tests evaluate pre-donation preparation?","Diagnostic evaluations include complete blood counts (CBC), automated serological assays, molecular nucleic acid testing (NAT), and microfluidic crossmatching.","pre-donation preparation,guidelines,blood science,safety","intermediate","National Blood Transfusion Council / WHO","https://www.who.int/initiatives/blood-safety","educational"
604,"Pre-Donation Preparation","Education and Guidelines","What is the historical evolution of pre-donation preparation?","From early direct transfusions to modern component therapy, leukoreduction, and computerized inventory networks, the understanding of pre-donation preparation has made transfusion medicine exceptionally safe.","pre-donation preparation,guidelines,blood science,safety","intermediate","National Blood Transfusion Council / WHO","https://www.who.int/initiatives/blood-safety","educational"
605,"Pre-Donation Preparation","Education and Guidelines","How do international standards regulate pre-donation preparation?","International bodies such as the WHO, AABB, and ISBT set harmonized standards for pre-donation preparation covering donor qualification, component preservation, and hemovigilance reporting.","pre-donation preparation,guidelines,blood science,safety","advanced","National Blood Transfusion Council / WHO","https://www.who.int/initiatives/blood-safety","educational"
606,"Pre-Donation Preparation","Education and Guidelines","What are the key safety precautions concerning pre-donation preparation?","Key precautions include strict sterile single-use equipment, rigorous donor eligibility assessments, temperature-controlled cold chains, and multi-tier blood testing before release.","pre-donation preparation,guidelines,blood science,safety","beginner","National Blood Transfusion Council / WHO","https://www.who.int/initiatives/blood-safety","educational"
607,"Pre-Donation Preparation","Education and Guidelines","How can the public support improvements in pre-donation preparation?","The public can support the healthcare system by donating blood regularly, dispelling common donation myths, and encouraging community participation in voluntary blood camps.","pre-donation preparation,guidelines,blood science,safety","beginner","National Blood Transfusion Council / WHO","https://www.who.int/initiatives/blood-safety","educational"
608,"Pre-Donation Preparation","Education and Guidelines","What happens during emergency scenarios involving pre-donation preparation?","In emergencies, rapid-response logistics ensure that compatible blood components are mobilized immediately to trauma centers while maintaining strict trace-and-track cold chain standards.","pre-donation preparation,guidelines,blood science,safety","intermediate","National Blood Transfusion Council / WHO","https://www.who.int/initiatives/blood-safety","educational"
609,"Post-Donation Care","Education and Guidelines","How does post-donation care affect human health?","Understanding post-donation care is fundamental to clinical hematology and public health. It ensures accurate diagnosis of circulatory and metabolic conditions and guides safe transfusion practice.","post-donation care,guidelines,blood science,safety","beginner","National Blood Transfusion Council / WHO","https://www.who.int/initiatives/blood-safety","educational"
610,"Post-Donation Care","Education and Guidelines","What are the medical guidelines for post-donation care?","Medical standards for post-donation care are established by regulatory bodies like WHO, national blood councils, and drug controllers to maximize donor safety, safeguard recipient health, and guarantee cold-chain integrity.","post-donation care,guidelines,blood science,safety","intermediate","National Blood Transfusion Council / WHO","https://www.who.int/initiatives/blood-safety","educational"
611,"Post-Donation Care","Education and Guidelines","Why is post-donation care monitored in blood transfusion services?","Blood transfusion centers monitor post-donation care to prevent adverse hemolytic and non-hemolytic reactions, reduce infection transmission, and maintain adequate inventory of compatible blood components.","post-donation care,guidelines,blood science,safety","intermediate","National Blood Transfusion Council / WHO","https://www.who.int/initiatives/blood-safety","educational"
612,"Post-Donation Care","Education and Guidelines","What role does post-donation care play in donor screening?","During donor screening, protocols evaluating post-donation care help ensure that eligible donors are in good health and that donated units meet all biological quality standards.","post-donation care,guidelines,blood science,safety","beginner","National Blood Transfusion Council / WHO","https://www.who.int/initiatives/blood-safety","educational"
613,"Post-Donation Care","Education and Guidelines","What are common misconceptions about post-donation care?","Common misconceptions about post-donation care often arise from lack of awareness. Evidence-based hematology and authorized blood services clarify that modern blood banking protocols are extremely safe and tightly regulated.","post-donation care,guidelines,blood science,safety","beginner","National Blood Transfusion Council / WHO","https://www.who.int/initiatives/blood-safety","educational"
614,"Post-Donation Care","Education and Guidelines","What is the physiological significance of post-donation care?","In human physiology, post-donation care contributes directly to circulatory homeostasis, cellular oxygen delivery, immune defense, and vascular equilibrium.","post-donation care,guidelines,blood science,safety","intermediate","National Blood Transfusion Council / WHO","https://www.who.int/initiatives/blood-safety","educational"
615,"Post-Donation Care","Education and Guidelines","What should patients and donors know regarding post-donation care?","Patients and donors should know that post-donation care is managed using strict medical protocols, and any personalized health decisions should always be reviewed with qualified healthcare providers.","post-donation care,guidelines,blood science,safety","beginner","National Blood Transfusion Council / WHO","https://www.who.int/initiatives/blood-safety","educational"
616,"Post-Donation Care","Education and Guidelines","How does scientific research improve post-donation care?","Continuous scientific research in post-donation care enhances pathogen inactivation, nucleic acid testing sensitivity, component preservation, and automated apheresis technologies worldwide.","post-donation care,guidelines,blood science,safety","intermediate","National Blood Transfusion Council / WHO","https://www.who.int/initiatives/blood-safety","educational"
617,"Post-Donation Care","Education and Guidelines","What diagnostic laboratory tests evaluate post-donation care?","Diagnostic evaluations include complete blood counts (CBC), automated serological assays, molecular nucleic acid testing (NAT), and microfluidic crossmatching.","post-donation care,guidelines,blood science,safety","intermediate","National Blood Transfusion Council / WHO","https://www.who.int/initiatives/blood-safety","educational"
618,"Post-Donation Care","Education and Guidelines","What is the historical evolution of post-donation care?","From early direct transfusions to modern component therapy, leukoreduction, and computerized inventory networks, the understanding of post-donation care has made transfusion medicine exceptionally safe.","post-donation care,guidelines,blood science,safety","intermediate","National Blood Transfusion Council / WHO","https://www.who.int/initiatives/blood-safety","educational"
619,"Post-Donation Care","Education and Guidelines","How do international standards regulate post-donation care?","International bodies such as the WHO, AABB, and ISBT set harmonized standards for post-donation care covering donor qualification, component preservation, and hemovigilance reporting.","post-donation care,guidelines,blood science,safety","advanced","National Blood Transfusion Council / WHO","https://www.who.int/initiatives/blood-safety","educational"
620,"Post-Donation Care","Education and Guidelines","What are the key safety precautions concerning post-donation care?","Key precautions include strict sterile single-use equipment, rigorous donor eligibility assessments, temperature-controlled cold chains, and multi-tier blood testing before release.","post-donation care,guidelines,blood science,safety","beginner","National Blood Transfusion Council / WHO","https://www.who.int/initiatives/blood-safety","educational"
621,"Post-Donation Care","Education and Guidelines","How can the public support improvements in post-donation care?","The public can support the healthcare system by donating blood regularly, dispelling common donation myths, and encouraging community participation in voluntary blood camps.","post-donation care,guidelines,blood science,safety","beginner","National Blood Transfusion Council / WHO","https://www.who.int/initiatives/blood-safety","educational"
622,"Post-Donation Care","Education and Guidelines","What happens during emergency scenarios involving post-donation care?","In emergencies, rapid-response logistics ensure that compatible blood components are mobilized immediately to trauma centers while maintaining strict trace-and-track cold chain standards.","post-donation care,guidelines,blood science,safety","intermediate","National Blood Transfusion Council / WHO","https://www.who.int/initiatives/blood-safety","educational"
623,"Blood Donation Process","Education and Guidelines","How does blood donation process affect human health?","Understanding blood donation process is fundamental to clinical hematology and public health. It ensures accurate diagnosis of circulatory and metabolic conditions and guides safe transfusion practice.","blood donation process,guidelines,blood science,safety","beginner","National Blood Transfusion Council / WHO","https://www.who.int/initiatives/blood-safety","educational"
624,"Blood Donation Process","Education and Guidelines","What are the medical guidelines for blood donation process?","Medical standards for blood donation process are established by regulatory bodies like WHO, national blood councils, and drug controllers to maximize donor safety, safeguard recipient health, and guarantee cold-chain integrity.","blood donation process,guidelines,blood science,safety","intermediate","National Blood Transfusion Council / WHO","https://www.who.int/initiatives/blood-safety","educational"
625,"Blood Donation Process","Education and Guidelines","Why is blood donation process monitored in blood transfusion services?","Blood transfusion centers monitor blood donation process to prevent adverse hemolytic and non-hemolytic reactions, reduce infection transmission, and maintain adequate inventory of compatible blood components.","blood donation process,guidelines,blood science,safety","intermediate","National Blood Transfusion Council / WHO","https://www.who.int/initiatives/blood-safety","educational"
626,"Blood Donation Process","Education and Guidelines","What role does blood donation process play in donor screening?","During donor screening, protocols evaluating blood donation process help ensure that eligible donors are in good health and that donated units meet all biological quality standards.","blood donation process,guidelines,blood science,safety","beginner","National Blood Transfusion Council / WHO","https://www.who.int/initiatives/blood-safety","educational"
627,"Blood Donation Process","Education and Guidelines","What are common misconceptions about blood donation process?","Common misconceptions about blood donation process often arise from lack of awareness. Evidence-based hematology and authorized blood services clarify that modern blood banking protocols are extremely safe and tightly regulated.","blood donation process,guidelines,blood science,safety","beginner","National Blood Transfusion Council / WHO","https://www.who.int/initiatives/blood-safety","educational"
628,"Blood Donation Process","Education and Guidelines","What is the physiological significance of blood donation process?","In human physiology, blood donation process contributes directly to circulatory homeostasis, cellular oxygen delivery, immune defense, and vascular equilibrium.","blood donation process,guidelines,blood science,safety","intermediate","National Blood Transfusion Council / WHO","https://www.who.int/initiatives/blood-safety","educational"
629,"Blood Donation Process","Education and Guidelines","What should patients and donors know regarding blood donation process?","Patients and donors should know that blood donation process is managed using strict medical protocols, and any personalized health decisions should always be reviewed with qualified healthcare providers.","blood donation process,guidelines,blood science,safety","beginner","National Blood Transfusion Council / WHO","https://www.who.int/initiatives/blood-safety","educational"
630,"Blood Donation Process","Education and Guidelines","How does scientific research improve blood donation process?","Continuous scientific research in blood donation process enhances pathogen inactivation, nucleic acid testing sensitivity, component preservation, and automated apheresis technologies worldwide.","blood donation process,guidelines,blood science,safety","intermediate","National Blood Transfusion Council / WHO","https://www.who.int/initiatives/blood-safety","educational"
631,"Blood Donation Process","Education and Guidelines","What diagnostic laboratory tests evaluate blood donation process?","Diagnostic evaluations include complete blood counts (CBC), automated serological assays, molecular nucleic acid testing (NAT), and microfluidic crossmatching.","blood donation process,guidelines,blood science,safety","intermediate","National Blood Transfusion Council / WHO","https://www.who.int/initiatives/blood-safety","educational"
632,"Blood Donation Process","Education and Guidelines","What is the historical evolution of blood donation process?","From early direct transfusions to modern component therapy, leukoreduction, and computerized inventory networks, the understanding of blood donation process has made transfusion medicine exceptionally safe.","blood donation process,guidelines,blood science,safety","intermediate","National Blood Transfusion Council / WHO","https://www.who.int/initiatives/blood-safety","educational"
633,"Blood Donation Process","Education and Guidelines","How do international standards regulate blood donation process?","International bodies such as the WHO, AABB, and ISBT set harmonized standards for blood donation process covering donor qualification, component preservation, and hemovigilance reporting.","blood donation process,guidelines,blood science,safety","advanced","National Blood Transfusion Council / WHO","https://www.who.int/initiatives/blood-safety","educational"
634,"Blood Donation Process","Education and Guidelines","What are the key safety precautions concerning blood donation process?","Key precautions include strict sterile single-use equipment, rigorous donor eligibility assessments, temperature-controlled cold chains, and multi-tier blood testing before release.","blood donation process,guidelines,blood science,safety","beginner","National Blood Transfusion Council / WHO","https://www.who.int/initiatives/blood-safety","educational"
635,"Blood Donation Process","Education and Guidelines","How can the public support improvements in blood donation process?","The public can support the healthcare system by donating blood regularly, dispelling common donation myths, and encouraging community participation in voluntary blood camps.","blood donation process,guidelines,blood science,safety","beginner","National Blood Transfusion Council / WHO","https://www.who.int/initiatives/blood-safety","educational"
636,"Blood Donation Process","Education and Guidelines","What happens during emergency scenarios involving blood donation process?","In emergencies, rapid-response logistics ensure that compatible blood components are mobilized immediately to trauma centers while maintaining strict trace-and-track cold chain standards.","blood donation process,guidelines,blood science,safety","intermediate","National Blood Transfusion Council / WHO","https://www.who.int/initiatives/blood-safety","educational"
637,"Blood Donation Myths","Education and Guidelines","How does blood donation myths affect human health?","Understanding blood donation myths is fundamental to clinical hematology and public health. It ensures accurate diagnosis of circulatory and metabolic conditions and guides safe transfusion practice.","blood donation myths,guidelines,blood science,safety","beginner","National Blood Transfusion Council / WHO","https://www.who.int/initiatives/blood-safety","educational"
638,"Blood Donation Myths","Education and Guidelines","What are the medical guidelines for blood donation myths?","Medical standards for blood donation myths are established by regulatory bodies like WHO, national blood councils, and drug controllers to maximize donor safety, safeguard recipient health, and guarantee cold-chain integrity.","blood donation myths,guidelines,blood science,safety","intermediate","National Blood Transfusion Council / WHO","https://www.who.int/initiatives/blood-safety","educational"
639,"Blood Donation Myths","Education and Guidelines","Why is blood donation myths monitored in blood transfusion services?","Blood transfusion centers monitor blood donation myths to prevent adverse hemolytic and non-hemolytic reactions, reduce infection transmission, and maintain adequate inventory of compatible blood components.","blood donation myths,guidelines,blood science,safety","intermediate","National Blood Transfusion Council / WHO","https://www.who.int/initiatives/blood-safety","educational"
640,"Blood Donation Myths","Education and Guidelines","What role does blood donation myths play in donor screening?","During donor screening, protocols evaluating blood donation myths help ensure that eligible donors are in good health and that donated units meet all biological quality standards.","blood donation myths,guidelines,blood science,safety","beginner","National Blood Transfusion Council / WHO","https://www.who.int/initiatives/blood-safety","educational"
641,"Blood Donation Myths","Education and Guidelines","What are common misconceptions about blood donation myths?","Common misconceptions about blood donation myths often arise from lack of awareness. Evidence-based hematology and authorized blood services clarify that modern blood banking protocols are extremely safe and tightly regulated.","blood donation myths,guidelines,blood science,safety","beginner","National Blood Transfusion Council / WHO","https://www.who.int/initiatives/blood-safety","educational"
642,"Blood Donation Myths","Education and Guidelines","What is the physiological significance of blood donation myths?","In human physiology, blood donation myths contributes directly to circulatory homeostasis, cellular oxygen delivery, immune defense, and vascular equilibrium.","blood donation myths,guidelines,blood science,safety","intermediate","National Blood Transfusion Council / WHO","https://www.who.int/initiatives/blood-safety","educational"
643,"Blood Donation Myths","Education and Guidelines","What should patients and donors know regarding blood donation myths?","Patients and donors should know that blood donation myths is managed using strict medical protocols, and any personalized health decisions should always be reviewed with qualified healthcare providers.","blood donation myths,guidelines,blood science,safety","beginner","National Blood Transfusion Council / WHO","https://www.who.int/initiatives/blood-safety","educational"
644,"Blood Donation Myths","Education and Guidelines","How does scientific research improve blood donation myths?","Continuous scientific research in blood donation myths enhances pathogen inactivation, nucleic acid testing sensitivity, component preservation, and automated apheresis technologies worldwide.","blood donation myths,guidelines,blood science,safety","intermediate","National Blood Transfusion Council / WHO","https://www.who.int/initiatives/blood-safety","educational"
645,"Blood Donation Myths","Education and Guidelines","What diagnostic laboratory tests evaluate blood donation myths?","Diagnostic evaluations include complete blood counts (CBC), automated serological assays, molecular nucleic acid testing (NAT), and microfluidic crossmatching.","blood donation myths,guidelines,blood science,safety","intermediate","National Blood Transfusion Council / WHO","https://www.who.int/initiatives/blood-safety","educational"
646,"Blood Donation Myths","Education and Guidelines","What is the historical evolution of blood donation myths?","From early direct transfusions to modern component therapy, leukoreduction, and computerized inventory networks, the understanding of blood donation myths has made transfusion medicine exceptionally safe.","blood donation myths,guidelines,blood science,safety","intermediate","National Blood Transfusion Council / WHO","https://www.who.int/initiatives/blood-safety","educational"
647,"Blood Donation Myths","Education and Guidelines","How do international standards regulate blood donation myths?","International bodies such as the WHO, AABB, and ISBT set harmonized standards for blood donation myths covering donor qualification, component preservation, and hemovigilance reporting.","blood donation myths,guidelines,blood science,safety","advanced","National Blood Transfusion Council / WHO","https://www.who.int/initiatives/blood-safety","educational"
648,"Blood Donation Myths","Education and Guidelines","What are the key safety precautions concerning blood donation myths?","Key precautions include strict sterile single-use equipment, rigorous donor eligibility assessments, temperature-controlled cold chains, and multi-tier blood testing before release.","blood donation myths,guidelines,blood science,safety","beginner","National Blood Transfusion Council / WHO","https://www.who.int/initiatives/blood-safety","educational"
649,"Blood Donation Myths","Education and Guidelines","How can the public support improvements in blood donation myths?","The public can support the healthcare system by donating blood regularly, dispelling common donation myths, and encouraging community participation in voluntary blood camps.","blood donation myths,guidelines,blood science,safety","beginner","National Blood Transfusion Council / WHO","https://www.who.int/initiatives/blood-safety","educational"
650,"Blood Donation Myths","Education and Guidelines","What happens during emergency scenarios involving blood donation myths?","In emergencies, rapid-response logistics ensure that compatible blood components are mobilized immediately to trauma centers while maintaining strict trace-and-track cold chain standards.","blood donation myths,guidelines,blood science,safety","intermediate","National Blood Transfusion Council / WHO","https://www.who.int/initiatives/blood-safety","educational"
651,"Blood Donation Facts","Education and Guidelines","How does blood donation facts affect human health?","Understanding blood donation facts is fundamental to clinical hematology and public health. It ensures accurate diagnosis of circulatory and metabolic conditions and guides safe transfusion practice.","blood donation facts,guidelines,blood science,safety","beginner","National Blood Transfusion Council / WHO","https://www.who.int/initiatives/blood-safety","educational"
652,"Blood Donation Facts","Education and Guidelines","What are the medical guidelines for blood donation facts?","Medical standards for blood donation facts are established by regulatory bodies like WHO, national blood councils, and drug controllers to maximize donor safety, safeguard recipient health, and guarantee cold-chain integrity.","blood donation facts,guidelines,blood science,safety","intermediate","National Blood Transfusion Council / WHO","https://www.who.int/initiatives/blood-safety","educational"
653,"Blood Donation Facts","Education and Guidelines","Why is blood donation facts monitored in blood transfusion services?","Blood transfusion centers monitor blood donation facts to prevent adverse hemolytic and non-hemolytic reactions, reduce infection transmission, and maintain adequate inventory of compatible blood components.","blood donation facts,guidelines,blood science,safety","intermediate","National Blood Transfusion Council / WHO","https://www.who.int/initiatives/blood-safety","educational"
654,"Blood Donation Facts","Education and Guidelines","What role does blood donation facts play in donor screening?","During donor screening, protocols evaluating blood donation facts help ensure that eligible donors are in good health and that donated units meet all biological quality standards.","blood donation facts,guidelines,blood science,safety","beginner","National Blood Transfusion Council / WHO","https://www.who.int/initiatives/blood-safety","educational"
655,"Blood Donation Facts","Education and Guidelines","What are common misconceptions about blood donation facts?","Common misconceptions about blood donation facts often arise from lack of awareness. Evidence-based hematology and authorized blood services clarify that modern blood banking protocols are extremely safe and tightly regulated.","blood donation facts,guidelines,blood science,safety","beginner","National Blood Transfusion Council / WHO","https://www.who.int/initiatives/blood-safety","educational"
656,"Blood Donation Facts","Education and Guidelines","What is the physiological significance of blood donation facts?","In human physiology, blood donation facts contributes directly to circulatory homeostasis, cellular oxygen delivery, immune defense, and vascular equilibrium.","blood donation facts,guidelines,blood science,safety","intermediate","National Blood Transfusion Council / WHO","https://www.who.int/initiatives/blood-safety","educational"
657,"Blood Donation Facts","Education and Guidelines","What should patients and donors know regarding blood donation facts?","Patients and donors should know that blood donation facts is managed using strict medical protocols, and any personalized health decisions should always be reviewed with qualified healthcare providers.","blood donation facts,guidelines,blood science,safety","beginner","National Blood Transfusion Council / WHO","https://www.who.int/initiatives/blood-safety","educational"
658,"Blood Donation Facts","Education and Guidelines","How does scientific research improve blood donation facts?","Continuous scientific research in blood donation facts enhances pathogen inactivation, nucleic acid testing sensitivity, component preservation, and automated apheresis technologies worldwide.","blood donation facts,guidelines,blood science,safety","intermediate","National Blood Transfusion Council / WHO","https://www.who.int/initiatives/blood-safety","educational"
659,"Blood Donation Facts","Education and Guidelines","What diagnostic laboratory tests evaluate blood donation facts?","Diagnostic evaluations include complete blood counts (CBC), automated serological assays, molecular nucleic acid testing (NAT), and microfluidic crossmatching.","blood donation facts,guidelines,blood science,safety","intermediate","National Blood Transfusion Council / WHO","https://www.who.int/initiatives/blood-safety","educational"
660,"Blood Donation Facts","Education and Guidelines","What is the historical evolution of blood donation facts?","From early direct transfusions to modern component therapy, leukoreduction, and computerized inventory networks, the understanding of blood donation facts has made transfusion medicine exceptionally safe.","blood donation facts,guidelines,blood science,safety","intermediate","National Blood Transfusion Council / WHO","https://www.who.int/initiatives/blood-safety","educational"
661,"Blood Donation Facts","Education and Guidelines","How do international standards regulate blood donation facts?","International bodies such as the WHO, AABB, and ISBT set harmonized standards for blood donation facts covering donor qualification, component preservation, and hemovigilance reporting.","blood donation facts,guidelines,blood science,safety","advanced","National Blood Transfusion Council / WHO","https://www.who.int/initiatives/blood-safety","educational"
662,"Blood Donation Facts","Education and Guidelines","What are the key safety precautions concerning blood donation facts?","Key precautions include strict sterile single-use equipment, rigorous donor eligibility assessments, temperature-controlled cold chains, and multi-tier blood testing before release.","blood donation facts,guidelines,blood science,safety","beginner","National Blood Transfusion Council / WHO","https://www.who.int/initiatives/blood-safety","educational"
663,"Blood Donation Facts","Education and Guidelines","How can the public support improvements in blood donation facts?","The public can support the healthcare system by donating blood regularly, dispelling common donation myths, and encouraging community participation in voluntary blood camps.","blood donation facts,guidelines,blood science,safety","beginner","National Blood Transfusion Council / WHO","https://www.who.int/initiatives/blood-safety","educational"
664,"Blood Donation Facts","Education and Guidelines","What happens during emergency scenarios involving blood donation facts?","In emergencies, rapid-response logistics ensure that compatible blood components are mobilized immediately to trauma centers while maintaining strict trace-and-track cold chain standards.","blood donation facts,guidelines,blood science,safety","intermediate","National Blood Transfusion Council / WHO","https://www.who.int/initiatives/blood-safety","educational"
665,"Blood Component Donation","Education and Guidelines","How does blood component donation affect human health?","Understanding blood component donation is fundamental to clinical hematology and public health. It ensures accurate diagnosis of circulatory and metabolic conditions and guides safe transfusion practice.","blood component donation,guidelines,blood science,safety","beginner","National Blood Transfusion Council / WHO","https://www.who.int/initiatives/blood-safety","educational"
666,"Blood Component Donation","Education and Guidelines","What are the medical guidelines for blood component donation?","Medical standards for blood component donation are established by regulatory bodies like WHO, national blood councils, and drug controllers to maximize donor safety, safeguard recipient health, and guarantee cold-chain integrity.","blood component donation,guidelines,blood science,safety","intermediate","National Blood Transfusion Council / WHO","https://www.who.int/initiatives/blood-safety","educational"
667,"Blood Component Donation","Education and Guidelines","Why is blood component donation monitored in blood transfusion services?","Blood transfusion centers monitor blood component donation to prevent adverse hemolytic and non-hemolytic reactions, reduce infection transmission, and maintain adequate inventory of compatible blood components.","blood component donation,guidelines,blood science,safety","intermediate","National Blood Transfusion Council / WHO","https://www.who.int/initiatives/blood-safety","educational"
668,"Blood Component Donation","Education and Guidelines","What role does blood component donation play in donor screening?","During donor screening, protocols evaluating blood component donation help ensure that eligible donors are in good health and that donated units meet all biological quality standards.","blood component donation,guidelines,blood science,safety","beginner","National Blood Transfusion Council / WHO","https://www.who.int/initiatives/blood-safety","educational"
669,"Blood Component Donation","Education and Guidelines","What are common misconceptions about blood component donation?","Common misconceptions about blood component donation often arise from lack of awareness. Evidence-based hematology and authorized blood services clarify that modern blood banking protocols are extremely safe and tightly regulated.","blood component donation,guidelines,blood science,safety","beginner","National Blood Transfusion Council / WHO","https://www.who.int/initiatives/blood-safety","educational"
670,"Blood Component Donation","Education and Guidelines","What is the physiological significance of blood component donation?","In human physiology, blood component donation contributes directly to circulatory homeostasis, cellular oxygen delivery, immune defense, and vascular equilibrium.","blood component donation,guidelines,blood science,safety","intermediate","National Blood Transfusion Council / WHO","https://www.who.int/initiatives/blood-safety","educational"
671,"Blood Component Donation","Education and Guidelines","What should patients and donors know regarding blood component donation?","Patients and donors should know that blood component donation is managed using strict medical protocols, and any personalized health decisions should always be reviewed with qualified healthcare providers.","blood component donation,guidelines,blood science,safety","beginner","National Blood Transfusion Council / WHO","https://www.who.int/initiatives/blood-safety","educational"
672,"Blood Component Donation","Education and Guidelines","How does scientific research improve blood component donation?","Continuous scientific research in blood component donation enhances pathogen inactivation, nucleic acid testing sensitivity, component preservation, and automated apheresis technologies worldwide.","blood component donation,guidelines,blood science,safety","intermediate","National Blood Transfusion Council / WHO","https://www.who.int/initiatives/blood-safety","educational"
673,"Blood Component Donation","Education and Guidelines","What diagnostic laboratory tests evaluate blood component donation?","Diagnostic evaluations include complete blood counts (CBC), automated serological assays, molecular nucleic acid testing (NAT), and microfluidic crossmatching.","blood component donation,guidelines,blood science,safety","intermediate","National Blood Transfusion Council / WHO","https://www.who.int/initiatives/blood-safety","educational"
674,"Blood Component Donation","Education and Guidelines","What is the historical evolution of blood component donation?","From early direct transfusions to modern component therapy, leukoreduction, and computerized inventory networks, the understanding of blood component donation has made transfusion medicine exceptionally safe.","blood component donation,guidelines,blood science,safety","intermediate","National Blood Transfusion Council / WHO","https://www.who.int/initiatives/blood-safety","educational"
675,"Blood Component Donation","Education and Guidelines","How do international standards regulate blood component donation?","International bodies such as the WHO, AABB, and ISBT set harmonized standards for blood component donation covering donor qualification, component preservation, and hemovigilance reporting.","blood component donation,guidelines,blood science,safety","advanced","National Blood Transfusion Council / WHO","https://www.who.int/initiatives/blood-safety","educational"
676,"Blood Component Donation","Education and Guidelines","What are the key safety precautions concerning blood component donation?","Key precautions include strict sterile single-use equipment, rigorous donor eligibility assessments, temperature-controlled cold chains, and multi-tier blood testing before release.","blood component donation,guidelines,blood science,safety","beginner","National Blood Transfusion Council / WHO","https://www.who.int/initiatives/blood-safety","educational"
677,"Blood Component Donation","Education and Guidelines","How can the public support improvements in blood component donation?","The public can support the healthcare system by donating blood regularly, dispelling common donation myths, and encouraging community participation in voluntary blood camps.","blood component donation,guidelines,blood science,safety","beginner","National Blood Transfusion Council / WHO","https://www.who.int/initiatives/blood-safety","educational"
678,"Blood Component Donation","Education and Guidelines","What happens during emergency scenarios involving blood component donation?","In emergencies, rapid-response logistics ensure that compatible blood components are mobilized immediately to trauma centers while maintaining strict trace-and-track cold chain standards.","blood component donation,guidelines,blood science,safety","intermediate","National Blood Transfusion Council / WHO","https://www.who.int/initiatives/blood-safety","educational"
679,"Apheresis","Education and Guidelines","How does apheresis affect human health?","Understanding apheresis is fundamental to clinical hematology and public health. It ensures accurate diagnosis of circulatory and metabolic conditions and guides safe transfusion practice.","apheresis,guidelines,blood science,safety","beginner","National Blood Transfusion Council / WHO","https://www.who.int/initiatives/blood-safety","educational"
680,"Apheresis","Education and Guidelines","What are the medical guidelines for apheresis?","Medical standards for apheresis are established by regulatory bodies like WHO, national blood councils, and drug controllers to maximize donor safety, safeguard recipient health, and guarantee cold-chain integrity.","apheresis,guidelines,blood science,safety","intermediate","National Blood Transfusion Council / WHO","https://www.who.int/initiatives/blood-safety","educational"
681,"Apheresis","Education and Guidelines","Why is apheresis monitored in blood transfusion services?","Blood transfusion centers monitor apheresis to prevent adverse hemolytic and non-hemolytic reactions, reduce infection transmission, and maintain adequate inventory of compatible blood components.","apheresis,guidelines,blood science,safety","intermediate","National Blood Transfusion Council / WHO","https://www.who.int/initiatives/blood-safety","educational"
682,"Apheresis","Education and Guidelines","What role does apheresis play in donor screening?","During donor screening, protocols evaluating apheresis help ensure that eligible donors are in good health and that donated units meet all biological quality standards.","apheresis,guidelines,blood science,safety","beginner","National Blood Transfusion Council / WHO","https://www.who.int/initiatives/blood-safety","educational"
683,"Apheresis","Education and Guidelines","What are common misconceptions about apheresis?","Common misconceptions about apheresis often arise from lack of awareness. Evidence-based hematology and authorized blood services clarify that modern blood banking protocols are extremely safe and tightly regulated.","apheresis,guidelines,blood science,safety","beginner","National Blood Transfusion Council / WHO","https://www.who.int/initiatives/blood-safety","educational"
684,"Apheresis","Education and Guidelines","What is the physiological significance of apheresis?","In human physiology, apheresis contributes directly to circulatory homeostasis, cellular oxygen delivery, immune defense, and vascular equilibrium.","apheresis,guidelines,blood science,safety","intermediate","National Blood Transfusion Council / WHO","https://www.who.int/initiatives/blood-safety","educational"
685,"Apheresis","Education and Guidelines","What should patients and donors know regarding apheresis?","Patients and donors should know that apheresis is managed using strict medical protocols, and any personalized health decisions should always be reviewed with qualified healthcare providers.","apheresis,guidelines,blood science,safety","beginner","National Blood Transfusion Council / WHO","https://www.who.int/initiatives/blood-safety","educational"
686,"Apheresis","Education and Guidelines","How does scientific research improve apheresis?","Continuous scientific research in apheresis enhances pathogen inactivation, nucleic acid testing sensitivity, component preservation, and automated apheresis technologies worldwide.","apheresis,guidelines,blood science,safety","intermediate","National Blood Transfusion Council / WHO","https://www.who.int/initiatives/blood-safety","educational"
687,"Apheresis","Education and Guidelines","What diagnostic laboratory tests evaluate apheresis?","Diagnostic evaluations include complete blood counts (CBC), automated serological assays, molecular nucleic acid testing (NAT), and microfluidic crossmatching.","apheresis,guidelines,blood science,safety","intermediate","National Blood Transfusion Council / WHO","https://www.who.int/initiatives/blood-safety","educational"
688,"Apheresis","Education and Guidelines","What is the historical evolution of apheresis?","From early direct transfusions to modern component therapy, leukoreduction, and computerized inventory networks, the understanding of apheresis has made transfusion medicine exceptionally safe.","apheresis,guidelines,blood science,safety","intermediate","National Blood Transfusion Council / WHO","https://www.who.int/initiatives/blood-safety","educational"
689,"Apheresis","Education and Guidelines","How do international standards regulate apheresis?","International bodies such as the WHO, AABB, and ISBT set harmonized standards for apheresis covering donor qualification, component preservation, and hemovigilance reporting.","apheresis,guidelines,blood science,safety","advanced","National Blood Transfusion Council / WHO","https://www.who.int/initiatives/blood-safety","educational"
690,"Apheresis","Education and Guidelines","What are the key safety precautions concerning apheresis?","Key precautions include strict sterile single-use equipment, rigorous donor eligibility assessments, temperature-controlled cold chains, and multi-tier blood testing before release.","apheresis,guidelines,blood science,safety","beginner","National Blood Transfusion Council / WHO","https://www.who.int/initiatives/blood-safety","educational"
691,"Apheresis","Education and Guidelines","How can the public support improvements in apheresis?","The public can support the healthcare system by donating blood regularly, dispelling common donation myths, and encouraging community participation in voluntary blood camps.","apheresis,guidelines,blood science,safety","beginner","National Blood Transfusion Council / WHO","https://www.who.int/initiatives/blood-safety","educational"
692,"Apheresis","Education and Guidelines","What happens during emergency scenarios involving apheresis?","In emergencies, rapid-response logistics ensure that compatible blood components are mobilized immediately to trauma centers while maintaining strict trace-and-track cold chain standards.","apheresis,guidelines,blood science,safety","intermediate","National Blood Transfusion Council / WHO","https://www.who.int/initiatives/blood-safety","educational"
693,"Platelet Donation","Education and Guidelines","How does platelet donation affect human health?","Understanding platelet donation is fundamental to clinical hematology and public health. It ensures accurate diagnosis of circulatory and metabolic conditions and guides safe transfusion practice.","platelet donation,guidelines,blood science,safety","beginner","National Blood Transfusion Council / WHO","https://www.who.int/initiatives/blood-safety","educational"
694,"Platelet Donation","Education and Guidelines","What are the medical guidelines for platelet donation?","Medical standards for platelet donation are established by regulatory bodies like WHO, national blood councils, and drug controllers to maximize donor safety, safeguard recipient health, and guarantee cold-chain integrity.","platelet donation,guidelines,blood science,safety","intermediate","National Blood Transfusion Council / WHO","https://www.who.int/initiatives/blood-safety","educational"
695,"Platelet Donation","Education and Guidelines","Why is platelet donation monitored in blood transfusion services?","Blood transfusion centers monitor platelet donation to prevent adverse hemolytic and non-hemolytic reactions, reduce infection transmission, and maintain adequate inventory of compatible blood components.","platelet donation,guidelines,blood science,safety","intermediate","National Blood Transfusion Council / WHO","https://www.who.int/initiatives/blood-safety","educational"
696,"Platelet Donation","Education and Guidelines","What role does platelet donation play in donor screening?","During donor screening, protocols evaluating platelet donation help ensure that eligible donors are in good health and that donated units meet all biological quality standards.","platelet donation,guidelines,blood science,safety","beginner","National Blood Transfusion Council / WHO","https://www.who.int/initiatives/blood-safety","educational"
697,"Platelet Donation","Education and Guidelines","What are common misconceptions about platelet donation?","Common misconceptions about platelet donation often arise from lack of awareness. Evidence-based hematology and authorized blood services clarify that modern blood banking protocols are extremely safe and tightly regulated.","platelet donation,guidelines,blood science,safety","beginner","National Blood Transfusion Council / WHO","https://www.who.int/initiatives/blood-safety","educational"
698,"Platelet Donation","Education and Guidelines","What is the physiological significance of platelet donation?","In human physiology, platelet donation contributes directly to circulatory homeostasis, cellular oxygen delivery, immune defense, and vascular equilibrium.","platelet donation,guidelines,blood science,safety","intermediate","National Blood Transfusion Council / WHO","https://www.who.int/initiatives/blood-safety","educational"
699,"Platelet Donation","Education and Guidelines","What should patients and donors know regarding platelet donation?","Patients and donors should know that platelet donation is managed using strict medical protocols, and any personalized health decisions should always be reviewed with qualified healthcare providers.","platelet donation,guidelines,blood science,safety","beginner","National Blood Transfusion Council / WHO","https://www.who.int/initiatives/blood-safety","educational"
700,"Platelet Donation","Education and Guidelines","How does scientific research improve platelet donation?","Continuous scientific research in platelet donation enhances pathogen inactivation, nucleic acid testing sensitivity, component preservation, and automated apheresis technologies worldwide.","platelet donation,guidelines,blood science,safety","intermediate","National Blood Transfusion Council / WHO","https://www.who.int/initiatives/blood-safety","educational"
701,"Platelet Donation","Education and Guidelines","What diagnostic laboratory tests evaluate platelet donation?","Diagnostic evaluations include complete blood counts (CBC), automated serological assays, molecular nucleic acid testing (NAT), and microfluidic crossmatching.","platelet donation,guidelines,blood science,safety","intermediate","National Blood Transfusion Council / WHO","https://www.who.int/initiatives/blood-safety","educational"
702,"Platelet Donation","Education and Guidelines","What is the historical evolution of platelet donation?","From early direct transfusions to modern component therapy, leukoreduction, and computerized inventory networks, the understanding of platelet donation has made transfusion medicine exceptionally safe.","platelet donation,guidelines,blood science,safety","intermediate","National Blood Transfusion Council / WHO","https://www.who.int/initiatives/blood-safety","educational"
703,"Platelet Donation","Education and Guidelines","How do international standards regulate platelet donation?","International bodies such as the WHO, AABB, and ISBT set harmonized standards for platelet donation covering donor qualification, component preservation, and hemovigilance reporting.","platelet donation,guidelines,blood science,safety","advanced","National Blood Transfusion Council / WHO","https://www.who.int/initiatives/blood-safety","educational"
704,"Platelet Donation","Education and Guidelines","What are the key safety precautions concerning platelet donation?","Key precautions include strict sterile single-use equipment, rigorous donor eligibility assessments, temperature-controlled cold chains, and multi-tier blood testing before release.","platelet donation,guidelines,blood science,safety","beginner","National Blood Transfusion Council / WHO","https://www.who.int/initiatives/blood-safety","educational"
705,"Platelet Donation","Education and Guidelines","How can the public support improvements in platelet donation?","The public can support the healthcare system by donating blood regularly, dispelling common donation myths, and encouraging community participation in voluntary blood camps.","platelet donation,guidelines,blood science,safety","beginner","National Blood Transfusion Council / WHO","https://www.who.int/initiatives/blood-safety","educational"
706,"Platelet Donation","Education and Guidelines","What happens during emergency scenarios involving platelet donation?","In emergencies, rapid-response logistics ensure that compatible blood components are mobilized immediately to trauma centers while maintaining strict trace-and-track cold chain standards.","platelet donation,guidelines,blood science,safety","intermediate","National Blood Transfusion Council / WHO","https://www.who.int/initiatives/blood-safety","educational"
707,"Plasma Donation","Education and Guidelines","How does plasma donation affect human health?","Understanding plasma donation is fundamental to clinical hematology and public health. It ensures accurate diagnosis of circulatory and metabolic conditions and guides safe transfusion practice.","plasma donation,guidelines,blood science,safety","beginner","National Blood Transfusion Council / WHO","https://www.who.int/initiatives/blood-safety","educational"
708,"Plasma Donation","Education and Guidelines","What are the medical guidelines for plasma donation?","Medical standards for plasma donation are established by regulatory bodies like WHO, national blood councils, and drug controllers to maximize donor safety, safeguard recipient health, and guarantee cold-chain integrity.","plasma donation,guidelines,blood science,safety","intermediate","National Blood Transfusion Council / WHO","https://www.who.int/initiatives/blood-safety","educational"
709,"Plasma Donation","Education and Guidelines","Why is plasma donation monitored in blood transfusion services?","Blood transfusion centers monitor plasma donation to prevent adverse hemolytic and non-hemolytic reactions, reduce infection transmission, and maintain adequate inventory of compatible blood components.","plasma donation,guidelines,blood science,safety","intermediate","National Blood Transfusion Council / WHO","https://www.who.int/initiatives/blood-safety","educational"
710,"Plasma Donation","Education and Guidelines","What role does plasma donation play in donor screening?","During donor screening, protocols evaluating plasma donation help ensure that eligible donors are in good health and that donated units meet all biological quality standards.","plasma donation,guidelines,blood science,safety","beginner","National Blood Transfusion Council / WHO","https://www.who.int/initiatives/blood-safety","educational"
711,"Plasma Donation","Education and Guidelines","What are common misconceptions about plasma donation?","Common misconceptions about plasma donation often arise from lack of awareness. Evidence-based hematology and authorized blood services clarify that modern blood banking protocols are extremely safe and tightly regulated.","plasma donation,guidelines,blood science,safety","beginner","National Blood Transfusion Council / WHO","https://www.who.int/initiatives/blood-safety","educational"
712,"Plasma Donation","Education and Guidelines","What is the physiological significance of plasma donation?","In human physiology, plasma donation contributes directly to circulatory homeostasis, cellular oxygen delivery, immune defense, and vascular equilibrium.","plasma donation,guidelines,blood science,safety","intermediate","National Blood Transfusion Council / WHO","https://www.who.int/initiatives/blood-safety","educational"
713,"Plasma Donation","Education and Guidelines","What should patients and donors know regarding plasma donation?","Patients and donors should know that plasma donation is managed using strict medical protocols, and any personalized health decisions should always be reviewed with qualified healthcare providers.","plasma donation,guidelines,blood science,safety","beginner","National Blood Transfusion Council / WHO","https://www.who.int/initiatives/blood-safety","educational"
714,"Plasma Donation","Education and Guidelines","How does scientific research improve plasma donation?","Continuous scientific research in plasma donation enhances pathogen inactivation, nucleic acid testing sensitivity, component preservation, and automated apheresis technologies worldwide.","plasma donation,guidelines,blood science,safety","intermediate","National Blood Transfusion Council / WHO","https://www.who.int/initiatives/blood-safety","educational"
715,"Plasma Donation","Education and Guidelines","What diagnostic laboratory tests evaluate plasma donation?","Diagnostic evaluations include complete blood counts (CBC), automated serological assays, molecular nucleic acid testing (NAT), and microfluidic crossmatching.","plasma donation,guidelines,blood science,safety","intermediate","National Blood Transfusion Council / WHO","https://www.who.int/initiatives/blood-safety","educational"
716,"Plasma Donation","Education and Guidelines","What is the historical evolution of plasma donation?","From early direct transfusions to modern component therapy, leukoreduction, and computerized inventory networks, the understanding of plasma donation has made transfusion medicine exceptionally safe.","plasma donation,guidelines,blood science,safety","intermediate","National Blood Transfusion Council / WHO","https://www.who.int/initiatives/blood-safety","educational"
717,"Plasma Donation","Education and Guidelines","How do international standards regulate plasma donation?","International bodies such as the WHO, AABB, and ISBT set harmonized standards for plasma donation covering donor qualification, component preservation, and hemovigilance reporting.","plasma donation,guidelines,blood science,safety","advanced","National Blood Transfusion Council / WHO","https://www.who.int/initiatives/blood-safety","educational"
718,"Plasma Donation","Education and Guidelines","What are the key safety precautions concerning plasma donation?","Key precautions include strict sterile single-use equipment, rigorous donor eligibility assessments, temperature-controlled cold chains, and multi-tier blood testing before release.","plasma donation,guidelines,blood science,safety","beginner","National Blood Transfusion Council / WHO","https://www.who.int/initiatives/blood-safety","educational"
719,"Plasma Donation","Education and Guidelines","How can the public support improvements in plasma donation?","The public can support the healthcare system by donating blood regularly, dispelling common donation myths, and encouraging community participation in voluntary blood camps.","plasma donation,guidelines,blood science,safety","beginner","National Blood Transfusion Council / WHO","https://www.who.int/initiatives/blood-safety","educational"
720,"Plasma Donation","Education and Guidelines","What happens during emergency scenarios involving plasma donation?","In emergencies, rapid-response logistics ensure that compatible blood components are mobilized immediately to trauma centers while maintaining strict trace-and-track cold chain standards.","plasma donation,guidelines,blood science,safety","intermediate","National Blood Transfusion Council / WHO","https://www.who.int/initiatives/blood-safety","educational"
721,"Blood Testing","Education and Guidelines","How does blood testing affect human health?","Understanding blood testing is fundamental to clinical hematology and public health. It ensures accurate diagnosis of circulatory and metabolic conditions and guides safe transfusion practice.","blood testing,guidelines,blood science,safety","beginner","National Blood Transfusion Council / WHO","https://www.who.int/initiatives/blood-safety","educational"
722,"Blood Testing","Education and Guidelines","What are the medical guidelines for blood testing?","Medical standards for blood testing are established by regulatory bodies like WHO, national blood councils, and drug controllers to maximize donor safety, safeguard recipient health, and guarantee cold-chain integrity.","blood testing,guidelines,blood science,safety","intermediate","National Blood Transfusion Council / WHO","https://www.who.int/initiatives/blood-safety","educational"
723,"Blood Testing","Education and Guidelines","Why is blood testing monitored in blood transfusion services?","Blood transfusion centers monitor blood testing to prevent adverse hemolytic and non-hemolytic reactions, reduce infection transmission, and maintain adequate inventory of compatible blood components.","blood testing,guidelines,blood science,safety","intermediate","National Blood Transfusion Council / WHO","https://www.who.int/initiatives/blood-safety","educational"
724,"Blood Testing","Education and Guidelines","What role does blood testing play in donor screening?","During donor screening, protocols evaluating blood testing help ensure that eligible donors are in good health and that donated units meet all biological quality standards.","blood testing,guidelines,blood science,safety","beginner","National Blood Transfusion Council / WHO","https://www.who.int/initiatives/blood-safety","educational"
725,"Blood Testing","Education and Guidelines","What are common misconceptions about blood testing?","Common misconceptions about blood testing often arise from lack of awareness. Evidence-based hematology and authorized blood services clarify that modern blood banking protocols are extremely safe and tightly regulated.","blood testing,guidelines,blood science,safety","beginner","National Blood Transfusion Council / WHO","https://www.who.int/initiatives/blood-safety","educational"
726,"Blood Testing","Education and Guidelines","What is the physiological significance of blood testing?","In human physiology, blood testing contributes directly to circulatory homeostasis, cellular oxygen delivery, immune defense, and vascular equilibrium.","blood testing,guidelines,blood science,safety","intermediate","National Blood Transfusion Council / WHO","https://www.who.int/initiatives/blood-safety","educational"
727,"Blood Testing","Education and Guidelines","What should patients and donors know regarding blood testing?","Patients and donors should know that blood testing is managed using strict medical protocols, and any personalized health decisions should always be reviewed with qualified healthcare providers.","blood testing,guidelines,blood science,safety","beginner","National Blood Transfusion Council / WHO","https://www.who.int/initiatives/blood-safety","educational"
728,"Blood Testing","Education and Guidelines","How does scientific research improve blood testing?","Continuous scientific research in blood testing enhances pathogen inactivation, nucleic acid testing sensitivity, component preservation, and automated apheresis technologies worldwide.","blood testing,guidelines,blood science,safety","intermediate","National Blood Transfusion Council / WHO","https://www.who.int/initiatives/blood-safety","educational"
729,"Blood Testing","Education and Guidelines","What diagnostic laboratory tests evaluate blood testing?","Diagnostic evaluations include complete blood counts (CBC), automated serological assays, molecular nucleic acid testing (NAT), and microfluidic crossmatching.","blood testing,guidelines,blood science,safety","intermediate","National Blood Transfusion Council / WHO","https://www.who.int/initiatives/blood-safety","educational"
730,"Blood Testing","Education and Guidelines","What is the historical evolution of blood testing?","From early direct transfusions to modern component therapy, leukoreduction, and computerized inventory networks, the understanding of blood testing has made transfusion medicine exceptionally safe.","blood testing,guidelines,blood science,safety","intermediate","National Blood Transfusion Council / WHO","https://www.who.int/initiatives/blood-safety","educational"
731,"Blood Testing","Education and Guidelines","How do international standards regulate blood testing?","International bodies such as the WHO, AABB, and ISBT set harmonized standards for blood testing covering donor qualification, component preservation, and hemovigilance reporting.","blood testing,guidelines,blood science,safety","advanced","National Blood Transfusion Council / WHO","https://www.who.int/initiatives/blood-safety","educational"
732,"Blood Testing","Education and Guidelines","What are the key safety precautions concerning blood testing?","Key precautions include strict sterile single-use equipment, rigorous donor eligibility assessments, temperature-controlled cold chains, and multi-tier blood testing before release.","blood testing,guidelines,blood science,safety","beginner","National Blood Transfusion Council / WHO","https://www.who.int/initiatives/blood-safety","educational"
733,"Blood Testing","Education and Guidelines","How can the public support improvements in blood testing?","The public can support the healthcare system by donating blood regularly, dispelling common donation myths, and encouraging community participation in voluntary blood camps.","blood testing,guidelines,blood science,safety","beginner","National Blood Transfusion Council / WHO","https://www.who.int/initiatives/blood-safety","educational"
734,"Blood Testing","Education and Guidelines","What happens during emergency scenarios involving blood testing?","In emergencies, rapid-response logistics ensure that compatible blood components are mobilized immediately to trauma centers while maintaining strict trace-and-track cold chain standards.","blood testing,guidelines,blood science,safety","intermediate","National Blood Transfusion Council / WHO","https://www.who.int/initiatives/blood-safety","educational"
735,"Donated Blood Screening","Education and Guidelines","How does donated blood screening affect human health?","Understanding donated blood screening is fundamental to clinical hematology and public health. It ensures accurate diagnosis of circulatory and metabolic conditions and guides safe transfusion practice.","donated blood screening,guidelines,blood science,safety","beginner","National Blood Transfusion Council / WHO","https://www.who.int/initiatives/blood-safety","educational"
736,"Donated Blood Screening","Education and Guidelines","What are the medical guidelines for donated blood screening?","Medical standards for donated blood screening are established by regulatory bodies like WHO, national blood councils, and drug controllers to maximize donor safety, safeguard recipient health, and guarantee cold-chain integrity.","donated blood screening,guidelines,blood science,safety","intermediate","National Blood Transfusion Council / WHO","https://www.who.int/initiatives/blood-safety","educational"
737,"Donated Blood Screening","Education and Guidelines","Why is donated blood screening monitored in blood transfusion services?","Blood transfusion centers monitor donated blood screening to prevent adverse hemolytic and non-hemolytic reactions, reduce infection transmission, and maintain adequate inventory of compatible blood components.","donated blood screening,guidelines,blood science,safety","intermediate","National Blood Transfusion Council / WHO","https://www.who.int/initiatives/blood-safety","educational"
738,"Donated Blood Screening","Education and Guidelines","What role does donated blood screening play in donor screening?","During donor screening, protocols evaluating donated blood screening help ensure that eligible donors are in good health and that donated units meet all biological quality standards.","donated blood screening,guidelines,blood science,safety","beginner","National Blood Transfusion Council / WHO","https://www.who.int/initiatives/blood-safety","educational"
739,"Donated Blood Screening","Education and Guidelines","What are common misconceptions about donated blood screening?","Common misconceptions about donated blood screening often arise from lack of awareness. Evidence-based hematology and authorized blood services clarify that modern blood banking protocols are extremely safe and tightly regulated.","donated blood screening,guidelines,blood science,safety","beginner","National Blood Transfusion Council / WHO","https://www.who.int/initiatives/blood-safety","educational"
740,"Donated Blood Screening","Education and Guidelines","What is the physiological significance of donated blood screening?","In human physiology, donated blood screening contributes directly to circulatory homeostasis, cellular oxygen delivery, immune defense, and vascular equilibrium.","donated blood screening,guidelines,blood science,safety","intermediate","National Blood Transfusion Council / WHO","https://www.who.int/initiatives/blood-safety","educational"
741,"Donated Blood Screening","Education and Guidelines","What should patients and donors know regarding donated blood screening?","Patients and donors should know that donated blood screening is managed using strict medical protocols, and any personalized health decisions should always be reviewed with qualified healthcare providers.","donated blood screening,guidelines,blood science,safety","beginner","National Blood Transfusion Council / WHO","https://www.who.int/initiatives/blood-safety","educational"
742,"Donated Blood Screening","Education and Guidelines","How does scientific research improve donated blood screening?","Continuous scientific research in donated blood screening enhances pathogen inactivation, nucleic acid testing sensitivity, component preservation, and automated apheresis technologies worldwide.","donated blood screening,guidelines,blood science,safety","intermediate","National Blood Transfusion Council / WHO","https://www.who.int/initiatives/blood-safety","educational"
743,"Donated Blood Screening","Education and Guidelines","What diagnostic laboratory tests evaluate donated blood screening?","Diagnostic evaluations include complete blood counts (CBC), automated serological assays, molecular nucleic acid testing (NAT), and microfluidic crossmatching.","donated blood screening,guidelines,blood science,safety","intermediate","National Blood Transfusion Council / WHO","https://www.who.int/initiatives/blood-safety","educational"
744,"Donated Blood Screening","Education and Guidelines","What is the historical evolution of donated blood screening?","From early direct transfusions to modern component therapy, leukoreduction, and computerized inventory networks, the understanding of donated blood screening has made transfusion medicine exceptionally safe.","donated blood screening,guidelines,blood science,safety","intermediate","National Blood Transfusion Council / WHO","https://www.who.int/initiatives/blood-safety","educational"
745,"Donated Blood Screening","Education and Guidelines","How do international standards regulate donated blood screening?","International bodies such as the WHO, AABB, and ISBT set harmonized standards for donated blood screening covering donor qualification, component preservation, and hemovigilance reporting.","donated blood screening,guidelines,blood science,safety","advanced","National Blood Transfusion Council / WHO","https://www.who.int/initiatives/blood-safety","educational"
746,"Donated Blood Screening","Education and Guidelines","What are the key safety precautions concerning donated blood screening?","Key precautions include strict sterile single-use equipment, rigorous donor eligibility assessments, temperature-controlled cold chains, and multi-tier blood testing before release.","donated blood screening,guidelines,blood science,safety","beginner","National Blood Transfusion Council / WHO","https://www.who.int/initiatives/blood-safety","educational"
747,"Donated Blood Screening","Education and Guidelines","How can the public support improvements in donated blood screening?","The public can support the healthcare system by donating blood regularly, dispelling common donation myths, and encouraging community participation in voluntary blood camps.","donated blood screening,guidelines,blood science,safety","beginner","National Blood Transfusion Council / WHO","https://www.who.int/initiatives/blood-safety","educational"
748,"Donated Blood Screening","Education and Guidelines","What happens during emergency scenarios involving donated blood screening?","In emergencies, rapid-response logistics ensure that compatible blood components are mobilized immediately to trauma centers while maintaining strict trace-and-track cold chain standards.","donated blood screening,guidelines,blood science,safety","intermediate","National Blood Transfusion Council / WHO","https://www.who.int/initiatives/blood-safety","educational"
749,"Blood Safety","Education and Guidelines","How does blood safety affect human health?","Understanding blood safety is fundamental to clinical hematology and public health. It ensures accurate diagnosis of circulatory and metabolic conditions and guides safe transfusion practice.","blood safety,guidelines,blood science,safety","beginner","National Blood Transfusion Council / WHO","https://www.who.int/initiatives/blood-safety","educational"
750,"Blood Safety","Education and Guidelines","What are the medical guidelines for blood safety?","Medical standards for blood safety are established by regulatory bodies like WHO, national blood councils, and drug controllers to maximize donor safety, safeguard recipient health, and guarantee cold-chain integrity.","blood safety,guidelines,blood science,safety","intermediate","National Blood Transfusion Council / WHO","https://www.who.int/initiatives/blood-safety","educational"
751,"Blood Safety","Education and Guidelines","Why is blood safety monitored in blood transfusion services?","Blood transfusion centers monitor blood safety to prevent adverse hemolytic and non-hemolytic reactions, reduce infection transmission, and maintain adequate inventory of compatible blood components.","blood safety,guidelines,blood science,safety","intermediate","National Blood Transfusion Council / WHO","https://www.who.int/initiatives/blood-safety","educational"
752,"Blood Safety","Education and Guidelines","What role does blood safety play in donor screening?","During donor screening, protocols evaluating blood safety help ensure that eligible donors are in good health and that donated units meet all biological quality standards.","blood safety,guidelines,blood science,safety","beginner","National Blood Transfusion Council / WHO","https://www.who.int/initiatives/blood-safety","educational"
753,"Blood Safety","Education and Guidelines","What are common misconceptions about blood safety?","Common misconceptions about blood safety often arise from lack of awareness. Evidence-based hematology and authorized blood services clarify that modern blood banking protocols are extremely safe and tightly regulated.","blood safety,guidelines,blood science,safety","beginner","National Blood Transfusion Council / WHO","https://www.who.int/initiatives/blood-safety","educational"
754,"Blood Safety","Education and Guidelines","What is the physiological significance of blood safety?","In human physiology, blood safety contributes directly to circulatory homeostasis, cellular oxygen delivery, immune defense, and vascular equilibrium.","blood safety,guidelines,blood science,safety","intermediate","National Blood Transfusion Council / WHO","https://www.who.int/initiatives/blood-safety","educational"
755,"Blood Safety","Education and Guidelines","What should patients and donors know regarding blood safety?","Patients and donors should know that blood safety is managed using strict medical protocols, and any personalized health decisions should always be reviewed with qualified healthcare providers.","blood safety,guidelines,blood science,safety","beginner","National Blood Transfusion Council / WHO","https://www.who.int/initiatives/blood-safety","educational"
756,"Blood Safety","Education and Guidelines","How does scientific research improve blood safety?","Continuous scientific research in blood safety enhances pathogen inactivation, nucleic acid testing sensitivity, component preservation, and automated apheresis technologies worldwide.","blood safety,guidelines,blood science,safety","intermediate","National Blood Transfusion Council / WHO","https://www.who.int/initiatives/blood-safety","educational"
757,"Blood Safety","Education and Guidelines","What diagnostic laboratory tests evaluate blood safety?","Diagnostic evaluations include complete blood counts (CBC), automated serological assays, molecular nucleic acid testing (NAT), and microfluidic crossmatching.","blood safety,guidelines,blood science,safety","intermediate","National Blood Transfusion Council / WHO","https://www.who.int/initiatives/blood-safety","educational"
758,"Blood Safety","Education and Guidelines","What is the historical evolution of blood safety?","From early direct transfusions to modern component therapy, leukoreduction, and computerized inventory networks, the understanding of blood safety has made transfusion medicine exceptionally safe.","blood safety,guidelines,blood science,safety","intermediate","National Blood Transfusion Council / WHO","https://www.who.int/initiatives/blood-safety","educational"
759,"Blood Safety","Education and Guidelines","How do international standards regulate blood safety?","International bodies such as the WHO, AABB, and ISBT set harmonized standards for blood safety covering donor qualification, component preservation, and hemovigilance reporting.","blood safety,guidelines,blood science,safety","advanced","National Blood Transfusion Council / WHO","https://www.who.int/initiatives/blood-safety","educational"
760,"Blood Safety","Education and Guidelines","What are the key safety precautions concerning blood safety?","Key precautions include strict sterile single-use equipment, rigorous donor eligibility assessments, temperature-controlled cold chains, and multi-tier blood testing before release.","blood safety,guidelines,blood science,safety","beginner","National Blood Transfusion Council / WHO","https://www.who.int/initiatives/blood-safety","educational"
761,"Blood Safety","Education and Guidelines","How can the public support improvements in blood safety?","The public can support the healthcare system by donating blood regularly, dispelling common donation myths, and encouraging community participation in voluntary blood camps.","blood safety,guidelines,blood science,safety","beginner","National Blood Transfusion Council / WHO","https://www.who.int/initiatives/blood-safety","educational"
762,"Blood Safety","Education and Guidelines","What happens during emergency scenarios involving blood safety?","In emergencies, rapid-response logistics ensure that compatible blood components are mobilized immediately to trauma centers while maintaining strict trace-and-track cold chain standards.","blood safety,guidelines,blood science,safety","intermediate","National Blood Transfusion Council / WHO","https://www.who.int/initiatives/blood-safety","educational"
763,"Blood Storage","Education and Guidelines","How does blood storage affect human health?","Understanding blood storage is fundamental to clinical hematology and public health. It ensures accurate diagnosis of circulatory and metabolic conditions and guides safe transfusion practice.","blood storage,guidelines,blood science,safety","beginner","National Blood Transfusion Council / WHO","https://www.who.int/initiatives/blood-safety","educational"
764,"Blood Storage","Education and Guidelines","What are the medical guidelines for blood storage?","Medical standards for blood storage are established by regulatory bodies like WHO, national blood councils, and drug controllers to maximize donor safety, safeguard recipient health, and guarantee cold-chain integrity.","blood storage,guidelines,blood science,safety","intermediate","National Blood Transfusion Council / WHO","https://www.who.int/initiatives/blood-safety","educational"
765,"Blood Storage","Education and Guidelines","Why is blood storage monitored in blood transfusion services?","Blood transfusion centers monitor blood storage to prevent adverse hemolytic and non-hemolytic reactions, reduce infection transmission, and maintain adequate inventory of compatible blood components.","blood storage,guidelines,blood science,safety","intermediate","National Blood Transfusion Council / WHO","https://www.who.int/initiatives/blood-safety","educational"
766,"Blood Storage","Education and Guidelines","What role does blood storage play in donor screening?","During donor screening, protocols evaluating blood storage help ensure that eligible donors are in good health and that donated units meet all biological quality standards.","blood storage,guidelines,blood science,safety","beginner","National Blood Transfusion Council / WHO","https://www.who.int/initiatives/blood-safety","educational"
767,"Blood Storage","Education and Guidelines","What are common misconceptions about blood storage?","Common misconceptions about blood storage often arise from lack of awareness. Evidence-based hematology and authorized blood services clarify that modern blood banking protocols are extremely safe and tightly regulated.","blood storage,guidelines,blood science,safety","beginner","National Blood Transfusion Council / WHO","https://www.who.int/initiatives/blood-safety","educational"
768,"Blood Storage","Education and Guidelines","What is the physiological significance of blood storage?","In human physiology, blood storage contributes directly to circulatory homeostasis, cellular oxygen delivery, immune defense, and vascular equilibrium.","blood storage,guidelines,blood science,safety","intermediate","National Blood Transfusion Council / WHO","https://www.who.int/initiatives/blood-safety","educational"
769,"Blood Storage","Education and Guidelines","What should patients and donors know regarding blood storage?","Patients and donors should know that blood storage is managed using strict medical protocols, and any personalized health decisions should always be reviewed with qualified healthcare providers.","blood storage,guidelines,blood science,safety","beginner","National Blood Transfusion Council / WHO","https://www.who.int/initiatives/blood-safety","educational"
770,"Blood Storage","Education and Guidelines","How does scientific research improve blood storage?","Continuous scientific research in blood storage enhances pathogen inactivation, nucleic acid testing sensitivity, component preservation, and automated apheresis technologies worldwide.","blood storage,guidelines,blood science,safety","intermediate","National Blood Transfusion Council / WHO","https://www.who.int/initiatives/blood-safety","educational"
771,"Blood Storage","Education and Guidelines","What diagnostic laboratory tests evaluate blood storage?","Diagnostic evaluations include complete blood counts (CBC), automated serological assays, molecular nucleic acid testing (NAT), and microfluidic crossmatching.","blood storage,guidelines,blood science,safety","intermediate","National Blood Transfusion Council / WHO","https://www.who.int/initiatives/blood-safety","educational"
772,"Blood Storage","Education and Guidelines","What is the historical evolution of blood storage?","From early direct transfusions to modern component therapy, leukoreduction, and computerized inventory networks, the understanding of blood storage has made transfusion medicine exceptionally safe.","blood storage,guidelines,blood science,safety","intermediate","National Blood Transfusion Council / WHO","https://www.who.int/initiatives/blood-safety","educational"
773,"Blood Storage","Education and Guidelines","How do international standards regulate blood storage?","International bodies such as the WHO, AABB, and ISBT set harmonized standards for blood storage covering donor qualification, component preservation, and hemovigilance reporting.","blood storage,guidelines,blood science,safety","advanced","National Blood Transfusion Council / WHO","https://www.who.int/initiatives/blood-safety","educational"
774,"Blood Storage","Education and Guidelines","What are the key safety precautions concerning blood storage?","Key precautions include strict sterile single-use equipment, rigorous donor eligibility assessments, temperature-controlled cold chains, and multi-tier blood testing before release.","blood storage,guidelines,blood science,safety","beginner","National Blood Transfusion Council / WHO","https://www.who.int/initiatives/blood-safety","educational"
775,"Blood Storage","Education and Guidelines","How can the public support improvements in blood storage?","The public can support the healthcare system by donating blood regularly, dispelling common donation myths, and encouraging community participation in voluntary blood camps.","blood storage,guidelines,blood science,safety","beginner","National Blood Transfusion Council / WHO","https://www.who.int/initiatives/blood-safety","educational"
776,"Blood Storage","Education and Guidelines","What happens during emergency scenarios involving blood storage?","In emergencies, rapid-response logistics ensure that compatible blood components are mobilized immediately to trauma centers while maintaining strict trace-and-track cold chain standards.","blood storage,guidelines,blood science,safety","intermediate","National Blood Transfusion Council / WHO","https://www.who.int/initiatives/blood-safety","educational"
777,"Blood Inventory","Education and Guidelines","How does blood inventory affect human health?","Understanding blood inventory is fundamental to clinical hematology and public health. It ensures accurate diagnosis of circulatory and metabolic conditions and guides safe transfusion practice.","blood inventory,guidelines,blood science,safety","beginner","National Blood Transfusion Council / WHO","https://www.who.int/initiatives/blood-safety","educational"
778,"Blood Inventory","Education and Guidelines","What are the medical guidelines for blood inventory?","Medical standards for blood inventory are established by regulatory bodies like WHO, national blood councils, and drug controllers to maximize donor safety, safeguard recipient health, and guarantee cold-chain integrity.","blood inventory,guidelines,blood science,safety","intermediate","National Blood Transfusion Council / WHO","https://www.who.int/initiatives/blood-safety","educational"
779,"Blood Inventory","Education and Guidelines","Why is blood inventory monitored in blood transfusion services?","Blood transfusion centers monitor blood inventory to prevent adverse hemolytic and non-hemolytic reactions, reduce infection transmission, and maintain adequate inventory of compatible blood components.","blood inventory,guidelines,blood science,safety","intermediate","National Blood Transfusion Council / WHO","https://www.who.int/initiatives/blood-safety","educational"
780,"Blood Inventory","Education and Guidelines","What role does blood inventory play in donor screening?","During donor screening, protocols evaluating blood inventory help ensure that eligible donors are in good health and that donated units meet all biological quality standards.","blood inventory,guidelines,blood science,safety","beginner","National Blood Transfusion Council / WHO","https://www.who.int/initiatives/blood-safety","educational"
781,"Blood Inventory","Education and Guidelines","What are common misconceptions about blood inventory?","Common misconceptions about blood inventory often arise from lack of awareness. Evidence-based hematology and authorized blood services clarify that modern blood banking protocols are extremely safe and tightly regulated.","blood inventory,guidelines,blood science,safety","beginner","National Blood Transfusion Council / WHO","https://www.who.int/initiatives/blood-safety","educational"
782,"Blood Inventory","Education and Guidelines","What is the physiological significance of blood inventory?","In human physiology, blood inventory contributes directly to circulatory homeostasis, cellular oxygen delivery, immune defense, and vascular equilibrium.","blood inventory,guidelines,blood science,safety","intermediate","National Blood Transfusion Council / WHO","https://www.who.int/initiatives/blood-safety","educational"
783,"Blood Inventory","Education and Guidelines","What should patients and donors know regarding blood inventory?","Patients and donors should know that blood inventory is managed using strict medical protocols, and any personalized health decisions should always be reviewed with qualified healthcare providers.","blood inventory,guidelines,blood science,safety","beginner","National Blood Transfusion Council / WHO","https://www.who.int/initiatives/blood-safety","educational"
784,"Blood Inventory","Education and Guidelines","How does scientific research improve blood inventory?","Continuous scientific research in blood inventory enhances pathogen inactivation, nucleic acid testing sensitivity, component preservation, and automated apheresis technologies worldwide.","blood inventory,guidelines,blood science,safety","intermediate","National Blood Transfusion Council / WHO","https://www.who.int/initiatives/blood-safety","educational"
785,"Blood Inventory","Education and Guidelines","What diagnostic laboratory tests evaluate blood inventory?","Diagnostic evaluations include complete blood counts (CBC), automated serological assays, molecular nucleic acid testing (NAT), and microfluidic crossmatching.","blood inventory,guidelines,blood science,safety","intermediate","National Blood Transfusion Council / WHO","https://www.who.int/initiatives/blood-safety","educational"
786,"Blood Inventory","Education and Guidelines","What is the historical evolution of blood inventory?","From early direct transfusions to modern component therapy, leukoreduction, and computerized inventory networks, the understanding of blood inventory has made transfusion medicine exceptionally safe.","blood inventory,guidelines,blood science,safety","intermediate","National Blood Transfusion Council / WHO","https://www.who.int/initiatives/blood-safety","educational"
787,"Blood Inventory","Education and Guidelines","How do international standards regulate blood inventory?","International bodies such as the WHO, AABB, and ISBT set harmonized standards for blood inventory covering donor qualification, component preservation, and hemovigilance reporting.","blood inventory,guidelines,blood science,safety","advanced","National Blood Transfusion Council / WHO","https://www.who.int/initiatives/blood-safety","educational"
788,"Blood Inventory","Education and Guidelines","What are the key safety precautions concerning blood inventory?","Key precautions include strict sterile single-use equipment, rigorous donor eligibility assessments, temperature-controlled cold chains, and multi-tier blood testing before release.","blood inventory,guidelines,blood science,safety","beginner","National Blood Transfusion Council / WHO","https://www.who.int/initiatives/blood-safety","educational"
789,"Blood Inventory","Education and Guidelines","How can the public support improvements in blood inventory?","The public can support the healthcare system by donating blood regularly, dispelling common donation myths, and encouraging community participation in voluntary blood camps.","blood inventory,guidelines,blood science,safety","beginner","National Blood Transfusion Council / WHO","https://www.who.int/initiatives/blood-safety","educational"
790,"Blood Inventory","Education and Guidelines","What happens during emergency scenarios involving blood inventory?","In emergencies, rapid-response logistics ensure that compatible blood components are mobilized immediately to trauma centers while maintaining strict trace-and-track cold chain standards.","blood inventory,guidelines,blood science,safety","intermediate","National Blood Transfusion Council / WHO","https://www.who.int/initiatives/blood-safety","educational"
791,"Blood Banks","Education and Guidelines","How does blood banks affect human health?","Understanding blood banks is fundamental to clinical hematology and public health. It ensures accurate diagnosis of circulatory and metabolic conditions and guides safe transfusion practice.","blood banks,guidelines,blood science,safety","beginner","National Blood Transfusion Council / WHO","https://www.who.int/initiatives/blood-safety","educational"
792,"Blood Banks","Education and Guidelines","What are the medical guidelines for blood banks?","Medical standards for blood banks are established by regulatory bodies like WHO, national blood councils, and drug controllers to maximize donor safety, safeguard recipient health, and guarantee cold-chain integrity.","blood banks,guidelines,blood science,safety","intermediate","National Blood Transfusion Council / WHO","https://www.who.int/initiatives/blood-safety","educational"
793,"Blood Banks","Education and Guidelines","Why is blood banks monitored in blood transfusion services?","Blood transfusion centers monitor blood banks to prevent adverse hemolytic and non-hemolytic reactions, reduce infection transmission, and maintain adequate inventory of compatible blood components.","blood banks,guidelines,blood science,safety","intermediate","National Blood Transfusion Council / WHO","https://www.who.int/initiatives/blood-safety","educational"
794,"Blood Banks","Education and Guidelines","What role does blood banks play in donor screening?","During donor screening, protocols evaluating blood banks help ensure that eligible donors are in good health and that donated units meet all biological quality standards.","blood banks,guidelines,blood science,safety","beginner","National Blood Transfusion Council / WHO","https://www.who.int/initiatives/blood-safety","educational"
795,"Blood Banks","Education and Guidelines","What are common misconceptions about blood banks?","Common misconceptions about blood banks often arise from lack of awareness. Evidence-based hematology and authorized blood services clarify that modern blood banking protocols are extremely safe and tightly regulated.","blood banks,guidelines,blood science,safety","beginner","National Blood Transfusion Council / WHO","https://www.who.int/initiatives/blood-safety","educational"
796,"Blood Banks","Education and Guidelines","What is the physiological significance of blood banks?","In human physiology, blood banks contributes directly to circulatory homeostasis, cellular oxygen delivery, immune defense, and vascular equilibrium.","blood banks,guidelines,blood science,safety","intermediate","National Blood Transfusion Council / WHO","https://www.who.int/initiatives/blood-safety","educational"
797,"Blood Banks","Education and Guidelines","What should patients and donors know regarding blood banks?","Patients and donors should know that blood banks is managed using strict medical protocols, and any personalized health decisions should always be reviewed with qualified healthcare providers.","blood banks,guidelines,blood science,safety","beginner","National Blood Transfusion Council / WHO","https://www.who.int/initiatives/blood-safety","educational"
798,"Blood Banks","Education and Guidelines","How does scientific research improve blood banks?","Continuous scientific research in blood banks enhances pathogen inactivation, nucleic acid testing sensitivity, component preservation, and automated apheresis technologies worldwide.","blood banks,guidelines,blood science,safety","intermediate","National Blood Transfusion Council / WHO","https://www.who.int/initiatives/blood-safety","educational"
799,"Blood Banks","Education and Guidelines","What diagnostic laboratory tests evaluate blood banks?","Diagnostic evaluations include complete blood counts (CBC), automated serological assays, molecular nucleic acid testing (NAT), and microfluidic crossmatching.","blood banks,guidelines,blood science,safety","intermediate","National Blood Transfusion Council / WHO","https://www.who.int/initiatives/blood-safety","educational"
800,"Blood Banks","Education and Guidelines","What is the historical evolution of blood banks?","From early direct transfusions to modern component therapy, leukoreduction, and computerized inventory networks, the understanding of blood banks has made transfusion medicine exceptionally safe.","blood banks,guidelines,blood science,safety","intermediate","National Blood Transfusion Council / WHO","https://www.who.int/initiatives/blood-safety","educational"
801,"Blood Banks","Education and Guidelines","How do international standards regulate blood banks?","International bodies such as the WHO, AABB, and ISBT set harmonized standards for blood banks covering donor qualification, component preservation, and hemovigilance reporting.","blood banks,guidelines,blood science,safety","advanced","National Blood Transfusion Council / WHO","https://www.who.int/initiatives/blood-safety","educational"
802,"Blood Banks","Education and Guidelines","What are the key safety precautions concerning blood banks?","Key precautions include strict sterile single-use equipment, rigorous donor eligibility assessments, temperature-controlled cold chains, and multi-tier blood testing before release.","blood banks,guidelines,blood science,safety","beginner","National Blood Transfusion Council / WHO","https://www.who.int/initiatives/blood-safety","educational"
803,"Blood Banks","Education and Guidelines","How can the public support improvements in blood banks?","The public can support the healthcare system by donating blood regularly, dispelling common donation myths, and encouraging community participation in voluntary blood camps.","blood banks,guidelines,blood science,safety","beginner","National Blood Transfusion Council / WHO","https://www.who.int/initiatives/blood-safety","educational"
804,"Blood Banks","Education and Guidelines","What happens during emergency scenarios involving blood banks?","In emergencies, rapid-response logistics ensure that compatible blood components are mobilized immediately to trauma centers while maintaining strict trace-and-track cold chain standards.","blood banks,guidelines,blood science,safety","intermediate","National Blood Transfusion Council / WHO","https://www.who.int/initiatives/blood-safety","educational"
805,"Blood Collection Centres","Education and Guidelines","How does blood collection centres affect human health?","Understanding blood collection centres is fundamental to clinical hematology and public health. It ensures accurate diagnosis of circulatory and metabolic conditions and guides safe transfusion practice.","blood collection centres,guidelines,blood science,safety","beginner","National Blood Transfusion Council / WHO","https://www.who.int/initiatives/blood-safety","educational"
806,"Blood Collection Centres","Education and Guidelines","What are the medical guidelines for blood collection centres?","Medical standards for blood collection centres are established by regulatory bodies like WHO, national blood councils, and drug controllers to maximize donor safety, safeguard recipient health, and guarantee cold-chain integrity.","blood collection centres,guidelines,blood science,safety","intermediate","National Blood Transfusion Council / WHO","https://www.who.int/initiatives/blood-safety","educational"
807,"Blood Collection Centres","Education and Guidelines","Why is blood collection centres monitored in blood transfusion services?","Blood transfusion centers monitor blood collection centres to prevent adverse hemolytic and non-hemolytic reactions, reduce infection transmission, and maintain adequate inventory of compatible blood components.","blood collection centres,guidelines,blood science,safety","intermediate","National Blood Transfusion Council / WHO","https://www.who.int/initiatives/blood-safety","educational"
808,"Blood Collection Centres","Education and Guidelines","What role does blood collection centres play in donor screening?","During donor screening, protocols evaluating blood collection centres help ensure that eligible donors are in good health and that donated units meet all biological quality standards.","blood collection centres,guidelines,blood science,safety","beginner","National Blood Transfusion Council / WHO","https://www.who.int/initiatives/blood-safety","educational"
809,"Blood Collection Centres","Education and Guidelines","What are common misconceptions about blood collection centres?","Common misconceptions about blood collection centres often arise from lack of awareness. Evidence-based hematology and authorized blood services clarify that modern blood banking protocols are extremely safe and tightly regulated.","blood collection centres,guidelines,blood science,safety","beginner","National Blood Transfusion Council / WHO","https://www.who.int/initiatives/blood-safety","educational"
810,"Blood Collection Centres","Education and Guidelines","What is the physiological significance of blood collection centres?","In human physiology, blood collection centres contributes directly to circulatory homeostasis, cellular oxygen delivery, immune defense, and vascular equilibrium.","blood collection centres,guidelines,blood science,safety","intermediate","National Blood Transfusion Council / WHO","https://www.who.int/initiatives/blood-safety","educational"
811,"Blood Collection Centres","Education and Guidelines","What should patients and donors know regarding blood collection centres?","Patients and donors should know that blood collection centres is managed using strict medical protocols, and any personalized health decisions should always be reviewed with qualified healthcare providers.","blood collection centres,guidelines,blood science,safety","beginner","National Blood Transfusion Council / WHO","https://www.who.int/initiatives/blood-safety","educational"
812,"Blood Collection Centres","Education and Guidelines","How does scientific research improve blood collection centres?","Continuous scientific research in blood collection centres enhances pathogen inactivation, nucleic acid testing sensitivity, component preservation, and automated apheresis technologies worldwide.","blood collection centres,guidelines,blood science,safety","intermediate","National Blood Transfusion Council / WHO","https://www.who.int/initiatives/blood-safety","educational"
813,"Blood Collection Centres","Education and Guidelines","What diagnostic laboratory tests evaluate blood collection centres?","Diagnostic evaluations include complete blood counts (CBC), automated serological assays, molecular nucleic acid testing (NAT), and microfluidic crossmatching.","blood collection centres,guidelines,blood science,safety","intermediate","National Blood Transfusion Council / WHO","https://www.who.int/initiatives/blood-safety","educational"
814,"Blood Collection Centres","Education and Guidelines","What is the historical evolution of blood collection centres?","From early direct transfusions to modern component therapy, leukoreduction, and computerized inventory networks, the understanding of blood collection centres has made transfusion medicine exceptionally safe.","blood collection centres,guidelines,blood science,safety","intermediate","National Blood Transfusion Council / WHO","https://www.who.int/initiatives/blood-safety","educational"
815,"Blood Collection Centres","Education and Guidelines","How do international standards regulate blood collection centres?","International bodies such as the WHO, AABB, and ISBT set harmonized standards for blood collection centres covering donor qualification, component preservation, and hemovigilance reporting.","blood collection centres,guidelines,blood science,safety","advanced","National Blood Transfusion Council / WHO","https://www.who.int/initiatives/blood-safety","educational"
816,"Blood Collection Centres","Education and Guidelines","What are the key safety precautions concerning blood collection centres?","Key precautions include strict sterile single-use equipment, rigorous donor eligibility assessments, temperature-controlled cold chains, and multi-tier blood testing before release.","blood collection centres,guidelines,blood science,safety","beginner","National Blood Transfusion Council / WHO","https://www.who.int/initiatives/blood-safety","educational"
817,"Blood Collection Centres","Education and Guidelines","How can the public support improvements in blood collection centres?","The public can support the healthcare system by donating blood regularly, dispelling common donation myths, and encouraging community participation in voluntary blood camps.","blood collection centres,guidelines,blood science,safety","beginner","National Blood Transfusion Council / WHO","https://www.who.int/initiatives/blood-safety","educational"
818,"Blood Collection Centres","Education and Guidelines","What happens during emergency scenarios involving blood collection centres?","In emergencies, rapid-response logistics ensure that compatible blood components are mobilized immediately to trauma centers while maintaining strict trace-and-track cold chain standards.","blood collection centres,guidelines,blood science,safety","intermediate","National Blood Transfusion Council / WHO","https://www.who.int/initiatives/blood-safety","educational"
819,"Blood Transportation","Education and Guidelines","How does blood transportation affect human health?","Understanding blood transportation is fundamental to clinical hematology and public health. It ensures accurate diagnosis of circulatory and metabolic conditions and guides safe transfusion practice.","blood transportation,guidelines,blood science,safety","beginner","National Blood Transfusion Council / WHO","https://www.who.int/initiatives/blood-safety","educational"
820,"Blood Transportation","Education and Guidelines","What are the medical guidelines for blood transportation?","Medical standards for blood transportation are established by regulatory bodies like WHO, national blood councils, and drug controllers to maximize donor safety, safeguard recipient health, and guarantee cold-chain integrity.","blood transportation,guidelines,blood science,safety","intermediate","National Blood Transfusion Council / WHO","https://www.who.int/initiatives/blood-safety","educational"
821,"Blood Transportation","Education and Guidelines","Why is blood transportation monitored in blood transfusion services?","Blood transfusion centers monitor blood transportation to prevent adverse hemolytic and non-hemolytic reactions, reduce infection transmission, and maintain adequate inventory of compatible blood components.","blood transportation,guidelines,blood science,safety","intermediate","National Blood Transfusion Council / WHO","https://www.who.int/initiatives/blood-safety","educational"
822,"Blood Transportation","Education and Guidelines","What role does blood transportation play in donor screening?","During donor screening, protocols evaluating blood transportation help ensure that eligible donors are in good health and that donated units meet all biological quality standards.","blood transportation,guidelines,blood science,safety","beginner","National Blood Transfusion Council / WHO","https://www.who.int/initiatives/blood-safety","educational"
823,"Blood Transportation","Education and Guidelines","What are common misconceptions about blood transportation?","Common misconceptions about blood transportation often arise from lack of awareness. Evidence-based hematology and authorized blood services clarify that modern blood banking protocols are extremely safe and tightly regulated.","blood transportation,guidelines,blood science,safety","beginner","National Blood Transfusion Council / WHO","https://www.who.int/initiatives/blood-safety","educational"
824,"Blood Transportation","Education and Guidelines","What is the physiological significance of blood transportation?","In human physiology, blood transportation contributes directly to circulatory homeostasis, cellular oxygen delivery, immune defense, and vascular equilibrium.","blood transportation,guidelines,blood science,safety","intermediate","National Blood Transfusion Council / WHO","https://www.who.int/initiatives/blood-safety","educational"
825,"Blood Transportation","Education and Guidelines","What should patients and donors know regarding blood transportation?","Patients and donors should know that blood transportation is managed using strict medical protocols, and any personalized health decisions should always be reviewed with qualified healthcare providers.","blood transportation,guidelines,blood science,safety","beginner","National Blood Transfusion Council / WHO","https://www.who.int/initiatives/blood-safety","educational"
826,"Blood Transportation","Education and Guidelines","How does scientific research improve blood transportation?","Continuous scientific research in blood transportation enhances pathogen inactivation, nucleic acid testing sensitivity, component preservation, and automated apheresis technologies worldwide.","blood transportation,guidelines,blood science,safety","intermediate","National Blood Transfusion Council / WHO","https://www.who.int/initiatives/blood-safety","educational"
827,"Blood Transportation","Education and Guidelines","What diagnostic laboratory tests evaluate blood transportation?","Diagnostic evaluations include complete blood counts (CBC), automated serological assays, molecular nucleic acid testing (NAT), and microfluidic crossmatching.","blood transportation,guidelines,blood science,safety","intermediate","National Blood Transfusion Council / WHO","https://www.who.int/initiatives/blood-safety","educational"
828,"Blood Transportation","Education and Guidelines","What is the historical evolution of blood transportation?","From early direct transfusions to modern component therapy, leukoreduction, and computerized inventory networks, the understanding of blood transportation has made transfusion medicine exceptionally safe.","blood transportation,guidelines,blood science,safety","intermediate","National Blood Transfusion Council / WHO","https://www.who.int/initiatives/blood-safety","educational"
829,"Blood Transportation","Education and Guidelines","How do international standards regulate blood transportation?","International bodies such as the WHO, AABB, and ISBT set harmonized standards for blood transportation covering donor qualification, component preservation, and hemovigilance reporting.","blood transportation,guidelines,blood science,safety","advanced","National Blood Transfusion Council / WHO","https://www.who.int/initiatives/blood-safety","educational"
830,"Blood Transportation","Education and Guidelines","What are the key safety precautions concerning blood transportation?","Key precautions include strict sterile single-use equipment, rigorous donor eligibility assessments, temperature-controlled cold chains, and multi-tier blood testing before release.","blood transportation,guidelines,blood science,safety","beginner","National Blood Transfusion Council / WHO","https://www.who.int/initiatives/blood-safety","educational"
831,"Blood Transportation","Education and Guidelines","How can the public support improvements in blood transportation?","The public can support the healthcare system by donating blood regularly, dispelling common donation myths, and encouraging community participation in voluntary blood camps.","blood transportation,guidelines,blood science,safety","beginner","National Blood Transfusion Council / WHO","https://www.who.int/initiatives/blood-safety","educational"
832,"Blood Transportation","Education and Guidelines","What happens during emergency scenarios involving blood transportation?","In emergencies, rapid-response logistics ensure that compatible blood components are mobilized immediately to trauma centers while maintaining strict trace-and-track cold chain standards.","blood transportation,guidelines,blood science,safety","intermediate","National Blood Transfusion Council / WHO","https://www.who.int/initiatives/blood-safety","educational"
833,"Emergency Blood Requests","Education and Guidelines","How does emergency blood requests affect human health?","Understanding emergency blood requests is fundamental to clinical hematology and public health. It ensures accurate diagnosis of circulatory and metabolic conditions and guides safe transfusion practice.","emergency blood requests,guidelines,blood science,safety","beginner","National Blood Transfusion Council / WHO","https://www.who.int/initiatives/blood-safety","educational"
834,"Emergency Blood Requests","Education and Guidelines","What are the medical guidelines for emergency blood requests?","Medical standards for emergency blood requests are established by regulatory bodies like WHO, national blood councils, and drug controllers to maximize donor safety, safeguard recipient health, and guarantee cold-chain integrity.","emergency blood requests,guidelines,blood science,safety","intermediate","National Blood Transfusion Council / WHO","https://www.who.int/initiatives/blood-safety","educational"
835,"Emergency Blood Requests","Education and Guidelines","Why is emergency blood requests monitored in blood transfusion services?","Blood transfusion centers monitor emergency blood requests to prevent adverse hemolytic and non-hemolytic reactions, reduce infection transmission, and maintain adequate inventory of compatible blood components.","emergency blood requests,guidelines,blood science,safety","intermediate","National Blood Transfusion Council / WHO","https://www.who.int/initiatives/blood-safety","educational"
836,"Emergency Blood Requests","Education and Guidelines","What role does emergency blood requests play in donor screening?","During donor screening, protocols evaluating emergency blood requests help ensure that eligible donors are in good health and that donated units meet all biological quality standards.","emergency blood requests,guidelines,blood science,safety","beginner","National Blood Transfusion Council / WHO","https://www.who.int/initiatives/blood-safety","educational"
837,"Emergency Blood Requests","Education and Guidelines","What are common misconceptions about emergency blood requests?","Common misconceptions about emergency blood requests often arise from lack of awareness. Evidence-based hematology and authorized blood services clarify that modern blood banking protocols are extremely safe and tightly regulated.","emergency blood requests,guidelines,blood science,safety","beginner","National Blood Transfusion Council / WHO","https://www.who.int/initiatives/blood-safety","educational"
838,"Emergency Blood Requests","Education and Guidelines","What is the physiological significance of emergency blood requests?","In human physiology, emergency blood requests contributes directly to circulatory homeostasis, cellular oxygen delivery, immune defense, and vascular equilibrium.","emergency blood requests,guidelines,blood science,safety","intermediate","National Blood Transfusion Council / WHO","https://www.who.int/initiatives/blood-safety","educational"
839,"Emergency Blood Requests","Education and Guidelines","What should patients and donors know regarding emergency blood requests?","Patients and donors should know that emergency blood requests is managed using strict medical protocols, and any personalized health decisions should always be reviewed with qualified healthcare providers.","emergency blood requests,guidelines,blood science,safety","beginner","National Blood Transfusion Council / WHO","https://www.who.int/initiatives/blood-safety","educational"
840,"Emergency Blood Requests","Education and Guidelines","How does scientific research improve emergency blood requests?","Continuous scientific research in emergency blood requests enhances pathogen inactivation, nucleic acid testing sensitivity, component preservation, and automated apheresis technologies worldwide.","emergency blood requests,guidelines,blood science,safety","intermediate","National Blood Transfusion Council / WHO","https://www.who.int/initiatives/blood-safety","educational"
841,"Emergency Blood Requests","Education and Guidelines","What diagnostic laboratory tests evaluate emergency blood requests?","Diagnostic evaluations include complete blood counts (CBC), automated serological assays, molecular nucleic acid testing (NAT), and microfluidic crossmatching.","emergency blood requests,guidelines,blood science,safety","intermediate","National Blood Transfusion Council / WHO","https://www.who.int/initiatives/blood-safety","educational"
842,"Emergency Blood Requests","Education and Guidelines","What is the historical evolution of emergency blood requests?","From early direct transfusions to modern component therapy, leukoreduction, and computerized inventory networks, the understanding of emergency blood requests has made transfusion medicine exceptionally safe.","emergency blood requests,guidelines,blood science,safety","intermediate","National Blood Transfusion Council / WHO","https://www.who.int/initiatives/blood-safety","educational"
843,"Emergency Blood Requests","Education and Guidelines","How do international standards regulate emergency blood requests?","International bodies such as the WHO, AABB, and ISBT set harmonized standards for emergency blood requests covering donor qualification, component preservation, and hemovigilance reporting.","emergency blood requests,guidelines,blood science,safety","advanced","National Blood Transfusion Council / WHO","https://www.who.int/initiatives/blood-safety","educational"
844,"Emergency Blood Requests","Education and Guidelines","What are the key safety precautions concerning emergency blood requests?","Key precautions include strict sterile single-use equipment, rigorous donor eligibility assessments, temperature-controlled cold chains, and multi-tier blood testing before release.","emergency blood requests,guidelines,blood science,safety","beginner","National Blood Transfusion Council / WHO","https://www.who.int/initiatives/blood-safety","educational"
845,"Emergency Blood Requests","Education and Guidelines","How can the public support improvements in emergency blood requests?","The public can support the healthcare system by donating blood regularly, dispelling common donation myths, and encouraging community participation in voluntary blood camps.","emergency blood requests,guidelines,blood science,safety","beginner","National Blood Transfusion Council / WHO","https://www.who.int/initiatives/blood-safety","educational"
846,"Emergency Blood Requests","Education and Guidelines","What happens during emergency scenarios involving emergency blood requests?","In emergencies, rapid-response logistics ensure that compatible blood components are mobilized immediately to trauma centers while maintaining strict trace-and-track cold chain standards.","emergency blood requests,guidelines,blood science,safety","intermediate","National Blood Transfusion Council / WHO","https://www.who.int/initiatives/blood-safety","educational"
847,"Rare Blood Groups","Education and Guidelines","How does rare blood groups affect human health?","Understanding rare blood groups is fundamental to clinical hematology and public health. It ensures accurate diagnosis of circulatory and metabolic conditions and guides safe transfusion practice.","rare blood groups,guidelines,blood science,safety","beginner","National Blood Transfusion Council / WHO","https://www.who.int/initiatives/blood-safety","educational"
848,"Rare Blood Groups","Education and Guidelines","What are the medical guidelines for rare blood groups?","Medical standards for rare blood groups are established by regulatory bodies like WHO, national blood councils, and drug controllers to maximize donor safety, safeguard recipient health, and guarantee cold-chain integrity.","rare blood groups,guidelines,blood science,safety","intermediate","National Blood Transfusion Council / WHO","https://www.who.int/initiatives/blood-safety","educational"
849,"Rare Blood Groups","Education and Guidelines","Why is rare blood groups monitored in blood transfusion services?","Blood transfusion centers monitor rare blood groups to prevent adverse hemolytic and non-hemolytic reactions, reduce infection transmission, and maintain adequate inventory of compatible blood components.","rare blood groups,guidelines,blood science,safety","intermediate","National Blood Transfusion Council / WHO","https://www.who.int/initiatives/blood-safety","educational"
850,"Rare Blood Groups","Education and Guidelines","What role does rare blood groups play in donor screening?","During donor screening, protocols evaluating rare blood groups help ensure that eligible donors are in good health and that donated units meet all biological quality standards.","rare blood groups,guidelines,blood science,safety","beginner","National Blood Transfusion Council / WHO","https://www.who.int/initiatives/blood-safety","educational"
851,"Rare Blood Groups","Education and Guidelines","What are common misconceptions about rare blood groups?","Common misconceptions about rare blood groups often arise from lack of awareness. Evidence-based hematology and authorized blood services clarify that modern blood banking protocols are extremely safe and tightly regulated.","rare blood groups,guidelines,blood science,safety","beginner","National Blood Transfusion Council / WHO","https://www.who.int/initiatives/blood-safety","educational"
852,"Rare Blood Groups","Education and Guidelines","What is the physiological significance of rare blood groups?","In human physiology, rare blood groups contributes directly to circulatory homeostasis, cellular oxygen delivery, immune defense, and vascular equilibrium.","rare blood groups,guidelines,blood science,safety","intermediate","National Blood Transfusion Council / WHO","https://www.who.int/initiatives/blood-safety","educational"
853,"Rare Blood Groups","Education and Guidelines","What should patients and donors know regarding rare blood groups?","Patients and donors should know that rare blood groups is managed using strict medical protocols, and any personalized health decisions should always be reviewed with qualified healthcare providers.","rare blood groups,guidelines,blood science,safety","beginner","National Blood Transfusion Council / WHO","https://www.who.int/initiatives/blood-safety","educational"
854,"Rare Blood Groups","Education and Guidelines","How does scientific research improve rare blood groups?","Continuous scientific research in rare blood groups enhances pathogen inactivation, nucleic acid testing sensitivity, component preservation, and automated apheresis technologies worldwide.","rare blood groups,guidelines,blood science,safety","intermediate","National Blood Transfusion Council / WHO","https://www.who.int/initiatives/blood-safety","educational"
855,"Rare Blood Groups","Education and Guidelines","What diagnostic laboratory tests evaluate rare blood groups?","Diagnostic evaluations include complete blood counts (CBC), automated serological assays, molecular nucleic acid testing (NAT), and microfluidic crossmatching.","rare blood groups,guidelines,blood science,safety","intermediate","National Blood Transfusion Council / WHO","https://www.who.int/initiatives/blood-safety","educational"
856,"Rare Blood Groups","Education and Guidelines","What is the historical evolution of rare blood groups?","From early direct transfusions to modern component therapy, leukoreduction, and computerized inventory networks, the understanding of rare blood groups has made transfusion medicine exceptionally safe.","rare blood groups,guidelines,blood science,safety","intermediate","National Blood Transfusion Council / WHO","https://www.who.int/initiatives/blood-safety","educational"
857,"Rare Blood Groups","Education and Guidelines","How do international standards regulate rare blood groups?","International bodies such as the WHO, AABB, and ISBT set harmonized standards for rare blood groups covering donor qualification, component preservation, and hemovigilance reporting.","rare blood groups,guidelines,blood science,safety","advanced","National Blood Transfusion Council / WHO","https://www.who.int/initiatives/blood-safety","educational"
858,"Rare Blood Groups","Education and Guidelines","What are the key safety precautions concerning rare blood groups?","Key precautions include strict sterile single-use equipment, rigorous donor eligibility assessments, temperature-controlled cold chains, and multi-tier blood testing before release.","rare blood groups,guidelines,blood science,safety","beginner","National Blood Transfusion Council / WHO","https://www.who.int/initiatives/blood-safety","educational"
859,"Rare Blood Groups","Education and Guidelines","How can the public support improvements in rare blood groups?","The public can support the healthcare system by donating blood regularly, dispelling common donation myths, and encouraging community participation in voluntary blood camps.","rare blood groups,guidelines,blood science,safety","beginner","National Blood Transfusion Council / WHO","https://www.who.int/initiatives/blood-safety","educational"
860,"Rare Blood Groups","Education and Guidelines","What happens during emergency scenarios involving rare blood groups?","In emergencies, rapid-response logistics ensure that compatible blood components are mobilized immediately to trauma centers while maintaining strict trace-and-track cold chain standards.","rare blood groups,guidelines,blood science,safety","intermediate","National Blood Transfusion Council / WHO","https://www.who.int/initiatives/blood-safety","educational"
861,"Rare Donors","Education and Guidelines","How does rare donors affect human health?","Understanding rare donors is fundamental to clinical hematology and public health. It ensures accurate diagnosis of circulatory and metabolic conditions and guides safe transfusion practice.","rare donors,guidelines,blood science,safety","beginner","National Blood Transfusion Council / WHO","https://www.who.int/initiatives/blood-safety","educational"
862,"Rare Donors","Education and Guidelines","What are the medical guidelines for rare donors?","Medical standards for rare donors are established by regulatory bodies like WHO, national blood councils, and drug controllers to maximize donor safety, safeguard recipient health, and guarantee cold-chain integrity.","rare donors,guidelines,blood science,safety","intermediate","National Blood Transfusion Council / WHO","https://www.who.int/initiatives/blood-safety","educational"
863,"Rare Donors","Education and Guidelines","Why is rare donors monitored in blood transfusion services?","Blood transfusion centers monitor rare donors to prevent adverse hemolytic and non-hemolytic reactions, reduce infection transmission, and maintain adequate inventory of compatible blood components.","rare donors,guidelines,blood science,safety","intermediate","National Blood Transfusion Council / WHO","https://www.who.int/initiatives/blood-safety","educational"
864,"Rare Donors","Education and Guidelines","What role does rare donors play in donor screening?","During donor screening, protocols evaluating rare donors help ensure that eligible donors are in good health and that donated units meet all biological quality standards.","rare donors,guidelines,blood science,safety","beginner","National Blood Transfusion Council / WHO","https://www.who.int/initiatives/blood-safety","educational"
865,"Rare Donors","Education and Guidelines","What are common misconceptions about rare donors?","Common misconceptions about rare donors often arise from lack of awareness. Evidence-based hematology and authorized blood services clarify that modern blood banking protocols are extremely safe and tightly regulated.","rare donors,guidelines,blood science,safety","beginner","National Blood Transfusion Council / WHO","https://www.who.int/initiatives/blood-safety","educational"
866,"Rare Donors","Education and Guidelines","What is the physiological significance of rare donors?","In human physiology, rare donors contributes directly to circulatory homeostasis, cellular oxygen delivery, immune defense, and vascular equilibrium.","rare donors,guidelines,blood science,safety","intermediate","National Blood Transfusion Council / WHO","https://www.who.int/initiatives/blood-safety","educational"
867,"Rare Donors","Education and Guidelines","What should patients and donors know regarding rare donors?","Patients and donors should know that rare donors is managed using strict medical protocols, and any personalized health decisions should always be reviewed with qualified healthcare providers.","rare donors,guidelines,blood science,safety","beginner","National Blood Transfusion Council / WHO","https://www.who.int/initiatives/blood-safety","educational"
868,"Rare Donors","Education and Guidelines","How does scientific research improve rare donors?","Continuous scientific research in rare donors enhances pathogen inactivation, nucleic acid testing sensitivity, component preservation, and automated apheresis technologies worldwide.","rare donors,guidelines,blood science,safety","intermediate","National Blood Transfusion Council / WHO","https://www.who.int/initiatives/blood-safety","educational"
869,"Rare Donors","Education and Guidelines","What diagnostic laboratory tests evaluate rare donors?","Diagnostic evaluations include complete blood counts (CBC), automated serological assays, molecular nucleic acid testing (NAT), and microfluidic crossmatching.","rare donors,guidelines,blood science,safety","intermediate","National Blood Transfusion Council / WHO","https://www.who.int/initiatives/blood-safety","educational"
870,"Rare Donors","Education and Guidelines","What is the historical evolution of rare donors?","From early direct transfusions to modern component therapy, leukoreduction, and computerized inventory networks, the understanding of rare donors has made transfusion medicine exceptionally safe.","rare donors,guidelines,blood science,safety","intermediate","National Blood Transfusion Council / WHO","https://www.who.int/initiatives/blood-safety","educational"
871,"Rare Donors","Education and Guidelines","How do international standards regulate rare donors?","International bodies such as the WHO, AABB, and ISBT set harmonized standards for rare donors covering donor qualification, component preservation, and hemovigilance reporting.","rare donors,guidelines,blood science,safety","advanced","National Blood Transfusion Council / WHO","https://www.who.int/initiatives/blood-safety","educational"
872,"Rare Donors","Education and Guidelines","What are the key safety precautions concerning rare donors?","Key precautions include strict sterile single-use equipment, rigorous donor eligibility assessments, temperature-controlled cold chains, and multi-tier blood testing before release.","rare donors,guidelines,blood science,safety","beginner","National Blood Transfusion Council / WHO","https://www.who.int/initiatives/blood-safety","educational"
873,"Rare Donors","Education and Guidelines","How can the public support improvements in rare donors?","The public can support the healthcare system by donating blood regularly, dispelling common donation myths, and encouraging community participation in voluntary blood camps.","rare donors,guidelines,blood science,safety","beginner","National Blood Transfusion Council / WHO","https://www.who.int/initiatives/blood-safety","educational"
874,"Rare Donors","Education and Guidelines","What happens during emergency scenarios involving rare donors?","In emergencies, rapid-response logistics ensure that compatible blood components are mobilized immediately to trauma centers while maintaining strict trace-and-track cold chain standards.","rare donors,guidelines,blood science,safety","intermediate","National Blood Transfusion Council / WHO","https://www.who.int/initiatives/blood-safety","educational"
875,"Bombay Blood Group","Education and Guidelines","How does bombay blood group affect human health?","Understanding bombay blood group is fundamental to clinical hematology and public health. It ensures accurate diagnosis of circulatory and metabolic conditions and guides safe transfusion practice.","bombay blood group,guidelines,blood science,safety","beginner","National Blood Transfusion Council / WHO","https://www.who.int/initiatives/blood-safety","educational"
876,"Bombay Blood Group","Education and Guidelines","What are the medical guidelines for bombay blood group?","Medical standards for bombay blood group are established by regulatory bodies like WHO, national blood councils, and drug controllers to maximize donor safety, safeguard recipient health, and guarantee cold-chain integrity.","bombay blood group,guidelines,blood science,safety","intermediate","National Blood Transfusion Council / WHO","https://www.who.int/initiatives/blood-safety","educational"
877,"Bombay Blood Group","Education and Guidelines","Why is bombay blood group monitored in blood transfusion services?","Blood transfusion centers monitor bombay blood group to prevent adverse hemolytic and non-hemolytic reactions, reduce infection transmission, and maintain adequate inventory of compatible blood components.","bombay blood group,guidelines,blood science,safety","intermediate","National Blood Transfusion Council / WHO","https://www.who.int/initiatives/blood-safety","educational"
878,"Bombay Blood Group","Education and Guidelines","What role does bombay blood group play in donor screening?","During donor screening, protocols evaluating bombay blood group help ensure that eligible donors are in good health and that donated units meet all biological quality standards.","bombay blood group,guidelines,blood science,safety","beginner","National Blood Transfusion Council / WHO","https://www.who.int/initiatives/blood-safety","educational"
879,"Bombay Blood Group","Education and Guidelines","What are common misconceptions about bombay blood group?","Common misconceptions about bombay blood group often arise from lack of awareness. Evidence-based hematology and authorized blood services clarify that modern blood banking protocols are extremely safe and tightly regulated.","bombay blood group,guidelines,blood science,safety","beginner","National Blood Transfusion Council / WHO","https://www.who.int/initiatives/blood-safety","educational"
880,"Bombay Blood Group","Education and Guidelines","What is the physiological significance of bombay blood group?","In human physiology, bombay blood group contributes directly to circulatory homeostasis, cellular oxygen delivery, immune defense, and vascular equilibrium.","bombay blood group,guidelines,blood science,safety","intermediate","National Blood Transfusion Council / WHO","https://www.who.int/initiatives/blood-safety","educational"
881,"Bombay Blood Group","Education and Guidelines","What should patients and donors know regarding bombay blood group?","Patients and donors should know that bombay blood group is managed using strict medical protocols, and any personalized health decisions should always be reviewed with qualified healthcare providers.","bombay blood group,guidelines,blood science,safety","beginner","National Blood Transfusion Council / WHO","https://www.who.int/initiatives/blood-safety","educational"
882,"Bombay Blood Group","Education and Guidelines","How does scientific research improve bombay blood group?","Continuous scientific research in bombay blood group enhances pathogen inactivation, nucleic acid testing sensitivity, component preservation, and automated apheresis technologies worldwide.","bombay blood group,guidelines,blood science,safety","intermediate","National Blood Transfusion Council / WHO","https://www.who.int/initiatives/blood-safety","educational"
883,"Bombay Blood Group","Education and Guidelines","What diagnostic laboratory tests evaluate bombay blood group?","Diagnostic evaluations include complete blood counts (CBC), automated serological assays, molecular nucleic acid testing (NAT), and microfluidic crossmatching.","bombay blood group,guidelines,blood science,safety","intermediate","National Blood Transfusion Council / WHO","https://www.who.int/initiatives/blood-safety","educational"
884,"Bombay Blood Group","Education and Guidelines","What is the historical evolution of bombay blood group?","From early direct transfusions to modern component therapy, leukoreduction, and computerized inventory networks, the understanding of bombay blood group has made transfusion medicine exceptionally safe.","bombay blood group,guidelines,blood science,safety","intermediate","National Blood Transfusion Council / WHO","https://www.who.int/initiatives/blood-safety","educational"
885,"Bombay Blood Group","Education and Guidelines","How do international standards regulate bombay blood group?","International bodies such as the WHO, AABB, and ISBT set harmonized standards for bombay blood group covering donor qualification, component preservation, and hemovigilance reporting.","bombay blood group,guidelines,blood science,safety","advanced","National Blood Transfusion Council / WHO","https://www.who.int/initiatives/blood-safety","educational"
886,"Bombay Blood Group","Education and Guidelines","What are the key safety precautions concerning bombay blood group?","Key precautions include strict sterile single-use equipment, rigorous donor eligibility assessments, temperature-controlled cold chains, and multi-tier blood testing before release.","bombay blood group,guidelines,blood science,safety","beginner","National Blood Transfusion Council / WHO","https://www.who.int/initiatives/blood-safety","educational"
887,"Bombay Blood Group","Education and Guidelines","How can the public support improvements in bombay blood group?","The public can support the healthcare system by donating blood regularly, dispelling common donation myths, and encouraging community participation in voluntary blood camps.","bombay blood group,guidelines,blood science,safety","beginner","National Blood Transfusion Council / WHO","https://www.who.int/initiatives/blood-safety","educational"
888,"Bombay Blood Group","Education and Guidelines","What happens during emergency scenarios involving bombay blood group?","In emergencies, rapid-response logistics ensure that compatible blood components are mobilized immediately to trauma centers while maintaining strict trace-and-track cold chain standards.","bombay blood group,guidelines,blood science,safety","intermediate","National Blood Transfusion Council / WHO","https://www.who.int/initiatives/blood-safety","educational"
889,"Anemia","Education and Guidelines","How does anemia affect human health?","Understanding anemia is fundamental to clinical hematology and public health. It ensures accurate diagnosis of circulatory and metabolic conditions and guides safe transfusion practice.","anemia,guidelines,blood science,safety","beginner","National Blood Transfusion Council / WHO","https://www.who.int/initiatives/blood-safety","educational"
890,"Anemia","Education and Guidelines","What are the medical guidelines for anemia?","Medical standards for anemia are established by regulatory bodies like WHO, national blood councils, and drug controllers to maximize donor safety, safeguard recipient health, and guarantee cold-chain integrity.","anemia,guidelines,blood science,safety","intermediate","National Blood Transfusion Council / WHO","https://www.who.int/initiatives/blood-safety","educational"
891,"Anemia","Education and Guidelines","Why is anemia monitored in blood transfusion services?","Blood transfusion centers monitor anemia to prevent adverse hemolytic and non-hemolytic reactions, reduce infection transmission, and maintain adequate inventory of compatible blood components.","anemia,guidelines,blood science,safety","intermediate","National Blood Transfusion Council / WHO","https://www.who.int/initiatives/blood-safety","educational"
892,"Anemia","Education and Guidelines","What role does anemia play in donor screening?","During donor screening, protocols evaluating anemia help ensure that eligible donors are in good health and that donated units meet all biological quality standards.","anemia,guidelines,blood science,safety","beginner","National Blood Transfusion Council / WHO","https://www.who.int/initiatives/blood-safety","educational"
893,"Anemia","Education and Guidelines","What are common misconceptions about anemia?","Common misconceptions about anemia often arise from lack of awareness. Evidence-based hematology and authorized blood services clarify that modern blood banking protocols are extremely safe and tightly regulated.","anemia,guidelines,blood science,safety","beginner","National Blood Transfusion Council / WHO","https://www.who.int/initiatives/blood-safety","educational"
894,"Anemia","Education and Guidelines","What is the physiological significance of anemia?","In human physiology, anemia contributes directly to circulatory homeostasis, cellular oxygen delivery, immune defense, and vascular equilibrium.","anemia,guidelines,blood science,safety","intermediate","National Blood Transfusion Council / WHO","https://www.who.int/initiatives/blood-safety","educational"
895,"Anemia","Education and Guidelines","What should patients and donors know regarding anemia?","Patients and donors should know that anemia is managed using strict medical protocols, and any personalized health decisions should always be reviewed with qualified healthcare providers.","anemia,guidelines,blood science,safety","beginner","National Blood Transfusion Council / WHO","https://www.who.int/initiatives/blood-safety","educational"
896,"Anemia","Education and Guidelines","How does scientific research improve anemia?","Continuous scientific research in anemia enhances pathogen inactivation, nucleic acid testing sensitivity, component preservation, and automated apheresis technologies worldwide.","anemia,guidelines,blood science,safety","intermediate","National Blood Transfusion Council / WHO","https://www.who.int/initiatives/blood-safety","educational"
897,"Anemia","Education and Guidelines","What diagnostic laboratory tests evaluate anemia?","Diagnostic evaluations include complete blood counts (CBC), automated serological assays, molecular nucleic acid testing (NAT), and microfluidic crossmatching.","anemia,guidelines,blood science,safety","intermediate","National Blood Transfusion Council / WHO","https://www.who.int/initiatives/blood-safety","educational"
898,"Anemia","Education and Guidelines","What is the historical evolution of anemia?","From early direct transfusions to modern component therapy, leukoreduction, and computerized inventory networks, the understanding of anemia has made transfusion medicine exceptionally safe.","anemia,guidelines,blood science,safety","intermediate","National Blood Transfusion Council / WHO","https://www.who.int/initiatives/blood-safety","educational"
899,"Anemia","Education and Guidelines","How do international standards regulate anemia?","International bodies such as the WHO, AABB, and ISBT set harmonized standards for anemia covering donor qualification, component preservation, and hemovigilance reporting.","anemia,guidelines,blood science,safety","advanced","National Blood Transfusion Council / WHO","https://www.who.int/initiatives/blood-safety","educational"
900,"Anemia","Education and Guidelines","What are the key safety precautions concerning anemia?","Key precautions include strict sterile single-use equipment, rigorous donor eligibility assessments, temperature-controlled cold chains, and multi-tier blood testing before release.","anemia,guidelines,blood science,safety","beginner","National Blood Transfusion Council / WHO","https://www.who.int/initiatives/blood-safety","educational"
901,"Anemia","Education and Guidelines","How can the public support improvements in anemia?","The public can support the healthcare system by donating blood regularly, dispelling common donation myths, and encouraging community participation in voluntary blood camps.","anemia,guidelines,blood science,safety","beginner","National Blood Transfusion Council / WHO","https://www.who.int/initiatives/blood-safety","educational"
902,"Anemia","Education and Guidelines","What happens during emergency scenarios involving anemia?","In emergencies, rapid-response logistics ensure that compatible blood components are mobilized immediately to trauma centers while maintaining strict trace-and-track cold chain standards.","anemia,guidelines,blood science,safety","intermediate","National Blood Transfusion Council / WHO","https://www.who.int/initiatives/blood-safety","educational"
903,"Iron Deficiency","Education and Guidelines","How does iron deficiency affect human health?","Understanding iron deficiency is fundamental to clinical hematology and public health. It ensures accurate diagnosis of circulatory and metabolic conditions and guides safe transfusion practice.","iron deficiency,guidelines,blood science,safety","beginner","National Blood Transfusion Council / WHO","https://www.who.int/initiatives/blood-safety","educational"
904,"Iron Deficiency","Education and Guidelines","What are the medical guidelines for iron deficiency?","Medical standards for iron deficiency are established by regulatory bodies like WHO, national blood councils, and drug controllers to maximize donor safety, safeguard recipient health, and guarantee cold-chain integrity.","iron deficiency,guidelines,blood science,safety","intermediate","National Blood Transfusion Council / WHO","https://www.who.int/initiatives/blood-safety","educational"
905,"Iron Deficiency","Education and Guidelines","Why is iron deficiency monitored in blood transfusion services?","Blood transfusion centers monitor iron deficiency to prevent adverse hemolytic and non-hemolytic reactions, reduce infection transmission, and maintain adequate inventory of compatible blood components.","iron deficiency,guidelines,blood science,safety","intermediate","National Blood Transfusion Council / WHO","https://www.who.int/initiatives/blood-safety","educational"
906,"Iron Deficiency","Education and Guidelines","What role does iron deficiency play in donor screening?","During donor screening, protocols evaluating iron deficiency help ensure that eligible donors are in good health and that donated units meet all biological quality standards.","iron deficiency,guidelines,blood science,safety","beginner","National Blood Transfusion Council / WHO","https://www.who.int/initiatives/blood-safety","educational"
907,"Iron Deficiency","Education and Guidelines","What are common misconceptions about iron deficiency?","Common misconceptions about iron deficiency often arise from lack of awareness. Evidence-based hematology and authorized blood services clarify that modern blood banking protocols are extremely safe and tightly regulated.","iron deficiency,guidelines,blood science,safety","beginner","National Blood Transfusion Council / WHO","https://www.who.int/initiatives/blood-safety","educational"
908,"Iron Deficiency","Education and Guidelines","What is the physiological significance of iron deficiency?","In human physiology, iron deficiency contributes directly to circulatory homeostasis, cellular oxygen delivery, immune defense, and vascular equilibrium.","iron deficiency,guidelines,blood science,safety","intermediate","National Blood Transfusion Council / WHO","https://www.who.int/initiatives/blood-safety","educational"
909,"Iron Deficiency","Education and Guidelines","What should patients and donors know regarding iron deficiency?","Patients and donors should know that iron deficiency is managed using strict medical protocols, and any personalized health decisions should always be reviewed with qualified healthcare providers.","iron deficiency,guidelines,blood science,safety","beginner","National Blood Transfusion Council / WHO","https://www.who.int/initiatives/blood-safety","educational"
910,"Iron Deficiency","Education and Guidelines","How does scientific research improve iron deficiency?","Continuous scientific research in iron deficiency enhances pathogen inactivation, nucleic acid testing sensitivity, component preservation, and automated apheresis technologies worldwide.","iron deficiency,guidelines,blood science,safety","intermediate","National Blood Transfusion Council / WHO","https://www.who.int/initiatives/blood-safety","educational"
911,"Iron Deficiency","Education and Guidelines","What diagnostic laboratory tests evaluate iron deficiency?","Diagnostic evaluations include complete blood counts (CBC), automated serological assays, molecular nucleic acid testing (NAT), and microfluidic crossmatching.","iron deficiency,guidelines,blood science,safety","intermediate","National Blood Transfusion Council / WHO","https://www.who.int/initiatives/blood-safety","educational"
912,"Iron Deficiency","Education and Guidelines","What is the historical evolution of iron deficiency?","From early direct transfusions to modern component therapy, leukoreduction, and computerized inventory networks, the understanding of iron deficiency has made transfusion medicine exceptionally safe.","iron deficiency,guidelines,blood science,safety","intermediate","National Blood Transfusion Council / WHO","https://www.who.int/initiatives/blood-safety","educational"
913,"Iron Deficiency","Education and Guidelines","How do international standards regulate iron deficiency?","International bodies such as the WHO, AABB, and ISBT set harmonized standards for iron deficiency covering donor qualification, component preservation, and hemovigilance reporting.","iron deficiency,guidelines,blood science,safety","advanced","National Blood Transfusion Council / WHO","https://www.who.int/initiatives/blood-safety","educational"
914,"Iron Deficiency","Education and Guidelines","What are the key safety precautions concerning iron deficiency?","Key precautions include strict sterile single-use equipment, rigorous donor eligibility assessments, temperature-controlled cold chains, and multi-tier blood testing before release.","iron deficiency,guidelines,blood science,safety","beginner","National Blood Transfusion Council / WHO","https://www.who.int/initiatives/blood-safety","educational"
915,"Iron Deficiency","Education and Guidelines","How can the public support improvements in iron deficiency?","The public can support the healthcare system by donating blood regularly, dispelling common donation myths, and encouraging community participation in voluntary blood camps.","iron deficiency,guidelines,blood science,safety","beginner","National Blood Transfusion Council / WHO","https://www.who.int/initiatives/blood-safety","educational"
916,"Iron Deficiency","Education and Guidelines","What happens during emergency scenarios involving iron deficiency?","In emergencies, rapid-response logistics ensure that compatible blood components are mobilized immediately to trauma centers while maintaining strict trace-and-track cold chain standards.","iron deficiency,guidelines,blood science,safety","intermediate","National Blood Transfusion Council / WHO","https://www.who.int/initiatives/blood-safety","educational"
917,"Sickle Cell Disease","Education and Guidelines","How does sickle cell disease affect human health?","Understanding sickle cell disease is fundamental to clinical hematology and public health. It ensures accurate diagnosis of circulatory and metabolic conditions and guides safe transfusion practice.","sickle cell disease,guidelines,blood science,safety","beginner","National Blood Transfusion Council / WHO","https://www.who.int/initiatives/blood-safety","educational"
918,"Sickle Cell Disease","Education and Guidelines","What are the medical guidelines for sickle cell disease?","Medical standards for sickle cell disease are established by regulatory bodies like WHO, national blood councils, and drug controllers to maximize donor safety, safeguard recipient health, and guarantee cold-chain integrity.","sickle cell disease,guidelines,blood science,safety","intermediate","National Blood Transfusion Council / WHO","https://www.who.int/initiatives/blood-safety","educational"
919,"Sickle Cell Disease","Education and Guidelines","Why is sickle cell disease monitored in blood transfusion services?","Blood transfusion centers monitor sickle cell disease to prevent adverse hemolytic and non-hemolytic reactions, reduce infection transmission, and maintain adequate inventory of compatible blood components.","sickle cell disease,guidelines,blood science,safety","intermediate","National Blood Transfusion Council / WHO","https://www.who.int/initiatives/blood-safety","educational"
920,"Sickle Cell Disease","Education and Guidelines","What role does sickle cell disease play in donor screening?","During donor screening, protocols evaluating sickle cell disease help ensure that eligible donors are in good health and that donated units meet all biological quality standards.","sickle cell disease,guidelines,blood science,safety","beginner","National Blood Transfusion Council / WHO","https://www.who.int/initiatives/blood-safety","educational"
921,"Sickle Cell Disease","Education and Guidelines","What are common misconceptions about sickle cell disease?","Common misconceptions about sickle cell disease often arise from lack of awareness. Evidence-based hematology and authorized blood services clarify that modern blood banking protocols are extremely safe and tightly regulated.","sickle cell disease,guidelines,blood science,safety","beginner","National Blood Transfusion Council / WHO","https://www.who.int/initiatives/blood-safety","educational"
922,"Sickle Cell Disease","Education and Guidelines","What is the physiological significance of sickle cell disease?","In human physiology, sickle cell disease contributes directly to circulatory homeostasis, cellular oxygen delivery, immune defense, and vascular equilibrium.","sickle cell disease,guidelines,blood science,safety","intermediate","National Blood Transfusion Council / WHO","https://www.who.int/initiatives/blood-safety","educational"
923,"Sickle Cell Disease","Education and Guidelines","What should patients and donors know regarding sickle cell disease?","Patients and donors should know that sickle cell disease is managed using strict medical protocols, and any personalized health decisions should always be reviewed with qualified healthcare providers.","sickle cell disease,guidelines,blood science,safety","beginner","National Blood Transfusion Council / WHO","https://www.who.int/initiatives/blood-safety","educational"
924,"Sickle Cell Disease","Education and Guidelines","How does scientific research improve sickle cell disease?","Continuous scientific research in sickle cell disease enhances pathogen inactivation, nucleic acid testing sensitivity, component preservation, and automated apheresis technologies worldwide.","sickle cell disease,guidelines,blood science,safety","intermediate","National Blood Transfusion Council / WHO","https://www.who.int/initiatives/blood-safety","educational"
925,"Sickle Cell Disease","Education and Guidelines","What diagnostic laboratory tests evaluate sickle cell disease?","Diagnostic evaluations include complete blood counts (CBC), automated serological assays, molecular nucleic acid testing (NAT), and microfluidic crossmatching.","sickle cell disease,guidelines,blood science,safety","intermediate","National Blood Transfusion Council / WHO","https://www.who.int/initiatives/blood-safety","educational"
926,"Sickle Cell Disease","Education and Guidelines","What is the historical evolution of sickle cell disease?","From early direct transfusions to modern component therapy, leukoreduction, and computerized inventory networks, the understanding of sickle cell disease has made transfusion medicine exceptionally safe.","sickle cell disease,guidelines,blood science,safety","intermediate","National Blood Transfusion Council / WHO","https://www.who.int/initiatives/blood-safety","educational"
927,"Sickle Cell Disease","Education and Guidelines","How do international standards regulate sickle cell disease?","International bodies such as the WHO, AABB, and ISBT set harmonized standards for sickle cell disease covering donor qualification, component preservation, and hemovigilance reporting.","sickle cell disease,guidelines,blood science,safety","advanced","National Blood Transfusion Council / WHO","https://www.who.int/initiatives/blood-safety","educational"
928,"Sickle Cell Disease","Education and Guidelines","What are the key safety precautions concerning sickle cell disease?","Key precautions include strict sterile single-use equipment, rigorous donor eligibility assessments, temperature-controlled cold chains, and multi-tier blood testing before release.","sickle cell disease,guidelines,blood science,safety","beginner","National Blood Transfusion Council / WHO","https://www.who.int/initiatives/blood-safety","educational"
929,"Sickle Cell Disease","Education and Guidelines","How can the public support improvements in sickle cell disease?","The public can support the healthcare system by donating blood regularly, dispelling common donation myths, and encouraging community participation in voluntary blood camps.","sickle cell disease,guidelines,blood science,safety","beginner","National Blood Transfusion Council / WHO","https://www.who.int/initiatives/blood-safety","educational"
930,"Sickle Cell Disease","Education and Guidelines","What happens during emergency scenarios involving sickle cell disease?","In emergencies, rapid-response logistics ensure that compatible blood components are mobilized immediately to trauma centers while maintaining strict trace-and-track cold chain standards.","sickle cell disease,guidelines,blood science,safety","intermediate","National Blood Transfusion Council / WHO","https://www.who.int/initiatives/blood-safety","educational"
931,"Thalassemia","Education and Guidelines","How does thalassemia affect human health?","Understanding thalassemia is fundamental to clinical hematology and public health. It ensures accurate diagnosis of circulatory and metabolic conditions and guides safe transfusion practice.","thalassemia,guidelines,blood science,safety","beginner","National Blood Transfusion Council / WHO","https://www.who.int/initiatives/blood-safety","educational"
932,"Thalassemia","Education and Guidelines","What are the medical guidelines for thalassemia?","Medical standards for thalassemia are established by regulatory bodies like WHO, national blood councils, and drug controllers to maximize donor safety, safeguard recipient health, and guarantee cold-chain integrity.","thalassemia,guidelines,blood science,safety","intermediate","National Blood Transfusion Council / WHO","https://www.who.int/initiatives/blood-safety","educational"
933,"Thalassemia","Education and Guidelines","Why is thalassemia monitored in blood transfusion services?","Blood transfusion centers monitor thalassemia to prevent adverse hemolytic and non-hemolytic reactions, reduce infection transmission, and maintain adequate inventory of compatible blood components.","thalassemia,guidelines,blood science,safety","intermediate","National Blood Transfusion Council / WHO","https://www.who.int/initiatives/blood-safety","educational"
934,"Thalassemia","Education and Guidelines","What role does thalassemia play in donor screening?","During donor screening, protocols evaluating thalassemia help ensure that eligible donors are in good health and that donated units meet all biological quality standards.","thalassemia,guidelines,blood science,safety","beginner","National Blood Transfusion Council / WHO","https://www.who.int/initiatives/blood-safety","educational"
935,"Thalassemia","Education and Guidelines","What are common misconceptions about thalassemia?","Common misconceptions about thalassemia often arise from lack of awareness. Evidence-based hematology and authorized blood services clarify that modern blood banking protocols are extremely safe and tightly regulated.","thalassemia,guidelines,blood science,safety","beginner","National Blood Transfusion Council / WHO","https://www.who.int/initiatives/blood-safety","educational"
936,"Thalassemia","Education and Guidelines","What is the physiological significance of thalassemia?","In human physiology, thalassemia contributes directly to circulatory homeostasis, cellular oxygen delivery, immune defense, and vascular equilibrium.","thalassemia,guidelines,blood science,safety","intermediate","National Blood Transfusion Council / WHO","https://www.who.int/initiatives/blood-safety","educational"
937,"Thalassemia","Education and Guidelines","What should patients and donors know regarding thalassemia?","Patients and donors should know that thalassemia is managed using strict medical protocols, and any personalized health decisions should always be reviewed with qualified healthcare providers.","thalassemia,guidelines,blood science,safety","beginner","National Blood Transfusion Council / WHO","https://www.who.int/initiatives/blood-safety","educational"
938,"Thalassemia","Education and Guidelines","How does scientific research improve thalassemia?","Continuous scientific research in thalassemia enhances pathogen inactivation, nucleic acid testing sensitivity, component preservation, and automated apheresis technologies worldwide.","thalassemia,guidelines,blood science,safety","intermediate","National Blood Transfusion Council / WHO","https://www.who.int/initiatives/blood-safety","educational"
939,"Thalassemia","Education and Guidelines","What diagnostic laboratory tests evaluate thalassemia?","Diagnostic evaluations include complete blood counts (CBC), automated serological assays, molecular nucleic acid testing (NAT), and microfluidic crossmatching.","thalassemia,guidelines,blood science,safety","intermediate","National Blood Transfusion Council / WHO","https://www.who.int/initiatives/blood-safety","educational"
940,"Thalassemia","Education and Guidelines","What is the historical evolution of thalassemia?","From early direct transfusions to modern component therapy, leukoreduction, and computerized inventory networks, the understanding of thalassemia has made transfusion medicine exceptionally safe.","thalassemia,guidelines,blood science,safety","intermediate","National Blood Transfusion Council / WHO","https://www.who.int/initiatives/blood-safety","educational"
941,"Thalassemia","Education and Guidelines","How do international standards regulate thalassemia?","International bodies such as the WHO, AABB, and ISBT set harmonized standards for thalassemia covering donor qualification, component preservation, and hemovigilance reporting.","thalassemia,guidelines,blood science,safety","advanced","National Blood Transfusion Council / WHO","https://www.who.int/initiatives/blood-safety","educational"
942,"Thalassemia","Education and Guidelines","What are the key safety precautions concerning thalassemia?","Key precautions include strict sterile single-use equipment, rigorous donor eligibility assessments, temperature-controlled cold chains, and multi-tier blood testing before release.","thalassemia,guidelines,blood science,safety","beginner","National Blood Transfusion Council / WHO","https://www.who.int/initiatives/blood-safety","educational"
943,"Thalassemia","Education and Guidelines","How can the public support improvements in thalassemia?","The public can support the healthcare system by donating blood regularly, dispelling common donation myths, and encouraging community participation in voluntary blood camps.","thalassemia,guidelines,blood science,safety","beginner","National Blood Transfusion Council / WHO","https://www.who.int/initiatives/blood-safety","educational"
944,"Thalassemia","Education and Guidelines","What happens during emergency scenarios involving thalassemia?","In emergencies, rapid-response logistics ensure that compatible blood components are mobilized immediately to trauma centers while maintaining strict trace-and-track cold chain standards.","thalassemia,guidelines,blood science,safety","intermediate","National Blood Transfusion Council / WHO","https://www.who.int/initiatives/blood-safety","educational"
945,"Hemophilia","Education and Guidelines","How does hemophilia affect human health?","Understanding hemophilia is fundamental to clinical hematology and public health. It ensures accurate diagnosis of circulatory and metabolic conditions and guides safe transfusion practice.","hemophilia,guidelines,blood science,safety","beginner","National Blood Transfusion Council / WHO","https://www.who.int/initiatives/blood-safety","educational"
946,"Hemophilia","Education and Guidelines","What are the medical guidelines for hemophilia?","Medical standards for hemophilia are established by regulatory bodies like WHO, national blood councils, and drug controllers to maximize donor safety, safeguard recipient health, and guarantee cold-chain integrity.","hemophilia,guidelines,blood science,safety","intermediate","National Blood Transfusion Council / WHO","https://www.who.int/initiatives/blood-safety","educational"
947,"Hemophilia","Education and Guidelines","Why is hemophilia monitored in blood transfusion services?","Blood transfusion centers monitor hemophilia to prevent adverse hemolytic and non-hemolytic reactions, reduce infection transmission, and maintain adequate inventory of compatible blood components.","hemophilia,guidelines,blood science,safety","intermediate","National Blood Transfusion Council / WHO","https://www.who.int/initiatives/blood-safety","educational"
948,"Hemophilia","Education and Guidelines","What role does hemophilia play in donor screening?","During donor screening, protocols evaluating hemophilia help ensure that eligible donors are in good health and that donated units meet all biological quality standards.","hemophilia,guidelines,blood science,safety","beginner","National Blood Transfusion Council / WHO","https://www.who.int/initiatives/blood-safety","educational"
949,"Hemophilia","Education and Guidelines","What are common misconceptions about hemophilia?","Common misconceptions about hemophilia often arise from lack of awareness. Evidence-based hematology and authorized blood services clarify that modern blood banking protocols are extremely safe and tightly regulated.","hemophilia,guidelines,blood science,safety","beginner","National Blood Transfusion Council / WHO","https://www.who.int/initiatives/blood-safety","educational"
950,"Hemophilia","Education and Guidelines","What is the physiological significance of hemophilia?","In human physiology, hemophilia contributes directly to circulatory homeostasis, cellular oxygen delivery, immune defense, and vascular equilibrium.","hemophilia,guidelines,blood science,safety","intermediate","National Blood Transfusion Council / WHO","https://www.who.int/initiatives/blood-safety","educational"
951,"Hemophilia","Education and Guidelines","What should patients and donors know regarding hemophilia?","Patients and donors should know that hemophilia is managed using strict medical protocols, and any personalized health decisions should always be reviewed with qualified healthcare providers.","hemophilia,guidelines,blood science,safety","beginner","National Blood Transfusion Council / WHO","https://www.who.int/initiatives/blood-safety","educational"
952,"Hemophilia","Education and Guidelines","How does scientific research improve hemophilia?","Continuous scientific research in hemophilia enhances pathogen inactivation, nucleic acid testing sensitivity, component preservation, and automated apheresis technologies worldwide.","hemophilia,guidelines,blood science,safety","intermediate","National Blood Transfusion Council / WHO","https://www.who.int/initiatives/blood-safety","educational"
953,"Hemophilia","Education and Guidelines","What diagnostic laboratory tests evaluate hemophilia?","Diagnostic evaluations include complete blood counts (CBC), automated serological assays, molecular nucleic acid testing (NAT), and microfluidic crossmatching.","hemophilia,guidelines,blood science,safety","intermediate","National Blood Transfusion Council / WHO","https://www.who.int/initiatives/blood-safety","educational"
954,"Hemophilia","Education and Guidelines","What is the historical evolution of hemophilia?","From early direct transfusions to modern component therapy, leukoreduction, and computerized inventory networks, the understanding of hemophilia has made transfusion medicine exceptionally safe.","hemophilia,guidelines,blood science,safety","intermediate","National Blood Transfusion Council / WHO","https://www.who.int/initiatives/blood-safety","educational"
955,"Hemophilia","Education and Guidelines","How do international standards regulate hemophilia?","International bodies such as the WHO, AABB, and ISBT set harmonized standards for hemophilia covering donor qualification, component preservation, and hemovigilance reporting.","hemophilia,guidelines,blood science,safety","advanced","National Blood Transfusion Council / WHO","https://www.who.int/initiatives/blood-safety","educational"
956,"Hemophilia","Education and Guidelines","What are the key safety precautions concerning hemophilia?","Key precautions include strict sterile single-use equipment, rigorous donor eligibility assessments, temperature-controlled cold chains, and multi-tier blood testing before release.","hemophilia,guidelines,blood science,safety","beginner","National Blood Transfusion Council / WHO","https://www.who.int/initiatives/blood-safety","educational"
957,"Hemophilia","Education and Guidelines","How can the public support improvements in hemophilia?","The public can support the healthcare system by donating blood regularly, dispelling common donation myths, and encouraging community participation in voluntary blood camps.","hemophilia,guidelines,blood science,safety","beginner","National Blood Transfusion Council / WHO","https://www.who.int/initiatives/blood-safety","educational"
958,"Hemophilia","Education and Guidelines","What happens during emergency scenarios involving hemophilia?","In emergencies, rapid-response logistics ensure that compatible blood components are mobilized immediately to trauma centers while maintaining strict trace-and-track cold chain standards.","hemophilia,guidelines,blood science,safety","intermediate","National Blood Transfusion Council / WHO","https://www.who.int/initiatives/blood-safety","educational"
959,"Leukemia","Education and Guidelines","How does leukemia affect human health?","Understanding leukemia is fundamental to clinical hematology and public health. It ensures accurate diagnosis of circulatory and metabolic conditions and guides safe transfusion practice.","leukemia,guidelines,blood science,safety","beginner","National Blood Transfusion Council / WHO","https://www.who.int/initiatives/blood-safety","educational"
960,"Leukemia","Education and Guidelines","What are the medical guidelines for leukemia?","Medical standards for leukemia are established by regulatory bodies like WHO, national blood councils, and drug controllers to maximize donor safety, safeguard recipient health, and guarantee cold-chain integrity.","leukemia,guidelines,blood science,safety","intermediate","National Blood Transfusion Council / WHO","https://www.who.int/initiatives/blood-safety","educational"
961,"Leukemia","Education and Guidelines","Why is leukemia monitored in blood transfusion services?","Blood transfusion centers monitor leukemia to prevent adverse hemolytic and non-hemolytic reactions, reduce infection transmission, and maintain adequate inventory of compatible blood components.","leukemia,guidelines,blood science,safety","intermediate","National Blood Transfusion Council / WHO","https://www.who.int/initiatives/blood-safety","educational"
962,"Leukemia","Education and Guidelines","What role does leukemia play in donor screening?","During donor screening, protocols evaluating leukemia help ensure that eligible donors are in good health and that donated units meet all biological quality standards.","leukemia,guidelines,blood science,safety","beginner","National Blood Transfusion Council / WHO","https://www.who.int/initiatives/blood-safety","educational"
963,"Leukemia","Education and Guidelines","What are common misconceptions about leukemia?","Common misconceptions about leukemia often arise from lack of awareness. Evidence-based hematology and authorized blood services clarify that modern blood banking protocols are extremely safe and tightly regulated.","leukemia,guidelines,blood science,safety","beginner","National Blood Transfusion Council / WHO","https://www.who.int/initiatives/blood-safety","educational"
964,"Leukemia","Education and Guidelines","What is the physiological significance of leukemia?","In human physiology, leukemia contributes directly to circulatory homeostasis, cellular oxygen delivery, immune defense, and vascular equilibrium.","leukemia,guidelines,blood science,safety","intermediate","National Blood Transfusion Council / WHO","https://www.who.int/initiatives/blood-safety","educational"
965,"Leukemia","Education and Guidelines","What should patients and donors know regarding leukemia?","Patients and donors should know that leukemia is managed using strict medical protocols, and any personalized health decisions should always be reviewed with qualified healthcare providers.","leukemia,guidelines,blood science,safety","beginner","National Blood Transfusion Council / WHO","https://www.who.int/initiatives/blood-safety","educational"
966,"Leukemia","Education and Guidelines","How does scientific research improve leukemia?","Continuous scientific research in leukemia enhances pathogen inactivation, nucleic acid testing sensitivity, component preservation, and automated apheresis technologies worldwide.","leukemia,guidelines,blood science,safety","intermediate","National Blood Transfusion Council / WHO","https://www.who.int/initiatives/blood-safety","educational"
967,"Leukemia","Education and Guidelines","What diagnostic laboratory tests evaluate leukemia?","Diagnostic evaluations include complete blood counts (CBC), automated serological assays, molecular nucleic acid testing (NAT), and microfluidic crossmatching.","leukemia,guidelines,blood science,safety","intermediate","National Blood Transfusion Council / WHO","https://www.who.int/initiatives/blood-safety","educational"
968,"Leukemia","Education and Guidelines","What is the historical evolution of leukemia?","From early direct transfusions to modern component therapy, leukoreduction, and computerized inventory networks, the understanding of leukemia has made transfusion medicine exceptionally safe.","leukemia,guidelines,blood science,safety","intermediate","National Blood Transfusion Council / WHO","https://www.who.int/initiatives/blood-safety","educational"
969,"Leukemia","Education and Guidelines","How do international standards regulate leukemia?","International bodies such as the WHO, AABB, and ISBT set harmonized standards for leukemia covering donor qualification, component preservation, and hemovigilance reporting.","leukemia,guidelines,blood science,safety","advanced","National Blood Transfusion Council / WHO","https://www.who.int/initiatives/blood-safety","educational"
970,"Leukemia","Education and Guidelines","What are the key safety precautions concerning leukemia?","Key precautions include strict sterile single-use equipment, rigorous donor eligibility assessments, temperature-controlled cold chains, and multi-tier blood testing before release.","leukemia,guidelines,blood science,safety","beginner","National Blood Transfusion Council / WHO","https://www.who.int/initiatives/blood-safety","educational"
971,"Leukemia","Education and Guidelines","How can the public support improvements in leukemia?","The public can support the healthcare system by donating blood regularly, dispelling common donation myths, and encouraging community participation in voluntary blood camps.","leukemia,guidelines,blood science,safety","beginner","National Blood Transfusion Council / WHO","https://www.who.int/initiatives/blood-safety","educational"
972,"Leukemia","Education and Guidelines","What happens during emergency scenarios involving leukemia?","In emergencies, rapid-response logistics ensure that compatible blood components are mobilized immediately to trauma centers while maintaining strict trace-and-track cold chain standards.","leukemia,guidelines,blood science,safety","intermediate","National Blood Transfusion Council / WHO","https://www.who.int/initiatives/blood-safety","educational"
973,"Blood Clotting","Education and Guidelines","How does blood clotting affect human health?","Understanding blood clotting is fundamental to clinical hematology and public health. It ensures accurate diagnosis of circulatory and metabolic conditions and guides safe transfusion practice.","blood clotting,guidelines,blood science,safety","beginner","National Blood Transfusion Council / WHO","https://www.who.int/initiatives/blood-safety","educational"
974,"Blood Clotting","Education and Guidelines","What are the medical guidelines for blood clotting?","Medical standards for blood clotting are established by regulatory bodies like WHO, national blood councils, and drug controllers to maximize donor safety, safeguard recipient health, and guarantee cold-chain integrity.","blood clotting,guidelines,blood science,safety","intermediate","National Blood Transfusion Council / WHO","https://www.who.int/initiatives/blood-safety","educational"
975,"Blood Clotting","Education and Guidelines","Why is blood clotting monitored in blood transfusion services?","Blood transfusion centers monitor blood clotting to prevent adverse hemolytic and non-hemolytic reactions, reduce infection transmission, and maintain adequate inventory of compatible blood components.","blood clotting,guidelines,blood science,safety","intermediate","National Blood Transfusion Council / WHO","https://www.who.int/initiatives/blood-safety","educational"
976,"Blood Clotting","Education and Guidelines","What role does blood clotting play in donor screening?","During donor screening, protocols evaluating blood clotting help ensure that eligible donors are in good health and that donated units meet all biological quality standards.","blood clotting,guidelines,blood science,safety","beginner","National Blood Transfusion Council / WHO","https://www.who.int/initiatives/blood-safety","educational"
977,"Blood Clotting","Education and Guidelines","What are common misconceptions about blood clotting?","Common misconceptions about blood clotting often arise from lack of awareness. Evidence-based hematology and authorized blood services clarify that modern blood banking protocols are extremely safe and tightly regulated.","blood clotting,guidelines,blood science,safety","beginner","National Blood Transfusion Council / WHO","https://www.who.int/initiatives/blood-safety","educational"
978,"Blood Clotting","Education and Guidelines","What is the physiological significance of blood clotting?","In human physiology, blood clotting contributes directly to circulatory homeostasis, cellular oxygen delivery, immune defense, and vascular equilibrium.","blood clotting,guidelines,blood science,safety","intermediate","National Blood Transfusion Council / WHO","https://www.who.int/initiatives/blood-safety","educational"
979,"Blood Clotting","Education and Guidelines","What should patients and donors know regarding blood clotting?","Patients and donors should know that blood clotting is managed using strict medical protocols, and any personalized health decisions should always be reviewed with qualified healthcare providers.","blood clotting,guidelines,blood science,safety","beginner","National Blood Transfusion Council / WHO","https://www.who.int/initiatives/blood-safety","educational"
980,"Blood Clotting","Education and Guidelines","How does scientific research improve blood clotting?","Continuous scientific research in blood clotting enhances pathogen inactivation, nucleic acid testing sensitivity, component preservation, and automated apheresis technologies worldwide.","blood clotting,guidelines,blood science,safety","intermediate","National Blood Transfusion Council / WHO","https://www.who.int/initiatives/blood-safety","educational"
981,"Blood Clotting","Education and Guidelines","What diagnostic laboratory tests evaluate blood clotting?","Diagnostic evaluations include complete blood counts (CBC), automated serological assays, molecular nucleic acid testing (NAT), and microfluidic crossmatching.","blood clotting,guidelines,blood science,safety","intermediate","National Blood Transfusion Council / WHO","https://www.who.int/initiatives/blood-safety","educational"
982,"Blood Clotting","Education and Guidelines","What is the historical evolution of blood clotting?","From early direct transfusions to modern component therapy, leukoreduction, and computerized inventory networks, the understanding of blood clotting has made transfusion medicine exceptionally safe.","blood clotting,guidelines,blood science,safety","intermediate","National Blood Transfusion Council / WHO","https://www.who.int/initiatives/blood-safety","educational"
983,"Blood Clotting","Education and Guidelines","How do international standards regulate blood clotting?","International bodies such as the WHO, AABB, and ISBT set harmonized standards for blood clotting covering donor qualification, component preservation, and hemovigilance reporting.","blood clotting,guidelines,blood science,safety","advanced","National Blood Transfusion Council / WHO","https://www.who.int/initiatives/blood-safety","educational"
984,"Blood Clotting","Education and Guidelines","What are the key safety precautions concerning blood clotting?","Key precautions include strict sterile single-use equipment, rigorous donor eligibility assessments, temperature-controlled cold chains, and multi-tier blood testing before release.","blood clotting,guidelines,blood science,safety","beginner","National Blood Transfusion Council / WHO","https://www.who.int/initiatives/blood-safety","educational"
985,"Blood Clotting","Education and Guidelines","How can the public support improvements in blood clotting?","The public can support the healthcare system by donating blood regularly, dispelling common donation myths, and encouraging community participation in voluntary blood camps.","blood clotting,guidelines,blood science,safety","beginner","National Blood Transfusion Council / WHO","https://www.who.int/initiatives/blood-safety","educational"
986,"Blood Clotting","Education and Guidelines","What happens during emergency scenarios involving blood clotting?","In emergencies, rapid-response logistics ensure that compatible blood components are mobilized immediately to trauma centers while maintaining strict trace-and-track cold chain standards.","blood clotting,guidelines,blood science,safety","intermediate","National Blood Transfusion Council / WHO","https://www.who.int/initiatives/blood-safety","educational"
987,"Antibodies","Education and Guidelines","How does antibodies affect human health?","Understanding antibodies is fundamental to clinical hematology and public health. It ensures accurate diagnosis of circulatory and metabolic conditions and guides safe transfusion practice.","antibodies,guidelines,blood science,safety","beginner","National Blood Transfusion Council / WHO","https://www.who.int/initiatives/blood-safety","educational"
988,"Antibodies","Education and Guidelines","What are the medical guidelines for antibodies?","Medical standards for antibodies are established by regulatory bodies like WHO, national blood councils, and drug controllers to maximize donor safety, safeguard recipient health, and guarantee cold-chain integrity.","antibodies,guidelines,blood science,safety","intermediate","National Blood Transfusion Council / WHO","https://www.who.int/initiatives/blood-safety","educational"
989,"Antibodies","Education and Guidelines","Why is antibodies monitored in blood transfusion services?","Blood transfusion centers monitor antibodies to prevent adverse hemolytic and non-hemolytic reactions, reduce infection transmission, and maintain adequate inventory of compatible blood components.","antibodies,guidelines,blood science,safety","intermediate","National Blood Transfusion Council / WHO","https://www.who.int/initiatives/blood-safety","educational"
990,"Antibodies","Education and Guidelines","What role does antibodies play in donor screening?","During donor screening, protocols evaluating antibodies help ensure that eligible donors are in good health and that donated units meet all biological quality standards.","antibodies,guidelines,blood science,safety","beginner","National Blood Transfusion Council / WHO","https://www.who.int/initiatives/blood-safety","educational"
991,"Antibodies","Education and Guidelines","What are common misconceptions about antibodies?","Common misconceptions about antibodies often arise from lack of awareness. Evidence-based hematology and authorized blood services clarify that modern blood banking protocols are extremely safe and tightly regulated.","antibodies,guidelines,blood science,safety","beginner","National Blood Transfusion Council / WHO","https://www.who.int/initiatives/blood-safety","educational"
992,"Antibodies","Education and Guidelines","What is the physiological significance of antibodies?","In human physiology, antibodies contributes directly to circulatory homeostasis, cellular oxygen delivery, immune defense, and vascular equilibrium.","antibodies,guidelines,blood science,safety","intermediate","National Blood Transfusion Council / WHO","https://www.who.int/initiatives/blood-safety","educational"
993,"Antibodies","Education and Guidelines","What should patients and donors know regarding antibodies?","Patients and donors should know that antibodies is managed using strict medical protocols, and any personalized health decisions should always be reviewed with qualified healthcare providers.","antibodies,guidelines,blood science,safety","beginner","National Blood Transfusion Council / WHO","https://www.who.int/initiatives/blood-safety","educational"
994,"Antibodies","Education and Guidelines","How does scientific research improve antibodies?","Continuous scientific research in antibodies enhances pathogen inactivation, nucleic acid testing sensitivity, component preservation, and automated apheresis technologies worldwide.","antibodies,guidelines,blood science,safety","intermediate","National Blood Transfusion Council / WHO","https://www.who.int/initiatives/blood-safety","educational"
995,"Antibodies","Education and Guidelines","What diagnostic laboratory tests evaluate antibodies?","Diagnostic evaluations include complete blood counts (CBC), automated serological assays, molecular nucleic acid testing (NAT), and microfluidic crossmatching.","antibodies,guidelines,blood science,safety","intermediate","National Blood Transfusion Council / WHO","https://www.who.int/initiatives/blood-safety","educational"
996,"Antibodies","Education and Guidelines","What is the historical evolution of antibodies?","From early direct transfusions to modern component therapy, leukoreduction, and computerized inventory networks, the understanding of antibodies has made transfusion medicine exceptionally safe.","antibodies,guidelines,blood science,safety","intermediate","National Blood Transfusion Council / WHO","https://www.who.int/initiatives/blood-safety","educational"
997,"Antibodies","Education and Guidelines","How do international standards regulate antibodies?","International bodies such as the WHO, AABB, and ISBT set harmonized standards for antibodies covering donor qualification, component preservation, and hemovigilance reporting.","antibodies,guidelines,blood science,safety","advanced","National Blood Transfusion Council / WHO","https://www.who.int/initiatives/blood-safety","educational"
998,"Antibodies","Education and Guidelines","What are the key safety precautions concerning antibodies?","Key precautions include strict sterile single-use equipment, rigorous donor eligibility assessments, temperature-controlled cold chains, and multi-tier blood testing before release.","antibodies,guidelines,blood science,safety","beginner","National Blood Transfusion Council / WHO","https://www.who.int/initiatives/blood-safety","educational"
999,"Antibodies","Education and Guidelines","How can the public support improvements in antibodies?","The public can support the healthcare system by donating blood regularly, dispelling common donation myths, and encouraging community participation in voluntary blood camps.","antibodies,guidelines,blood science,safety","beginner","National Blood Transfusion Council / WHO","https://www.who.int/initiatives/blood-safety","educational"
1000,"Antibodies","Education and Guidelines","What happens during emergency scenarios involving antibodies?","In emergencies, rapid-response logistics ensure that compatible blood components are mobilized immediately to trauma centers while maintaining strict trace-and-track cold chain standards.","antibodies,guidelines,blood science,safety","intermediate","National Blood Transfusion Council / WHO","https://www.who.int/initiatives/blood-safety","educational"
1001,"Antigens","Education and Guidelines","How does antigens affect human health?","Understanding antigens is fundamental to clinical hematology and public health. It ensures accurate diagnosis of circulatory and metabolic conditions and guides safe transfusion practice.","antigens,guidelines,blood science,safety","beginner","National Blood Transfusion Council / WHO","https://www.who.int/initiatives/blood-safety","educational"
1002,"Antigens","Education and Guidelines","What are the medical guidelines for antigens?","Medical standards for antigens are established by regulatory bodies like WHO, national blood councils, and drug controllers to maximize donor safety, safeguard recipient health, and guarantee cold-chain integrity.","antigens,guidelines,blood science,safety","intermediate","National Blood Transfusion Council / WHO","https://www.who.int/initiatives/blood-safety","educational"
1003,"Antigens","Education and Guidelines","Why is antigens monitored in blood transfusion services?","Blood transfusion centers monitor antigens to prevent adverse hemolytic and non-hemolytic reactions, reduce infection transmission, and maintain adequate inventory of compatible blood components.","antigens,guidelines,blood science,safety","intermediate","National Blood Transfusion Council / WHO","https://www.who.int/initiatives/blood-safety","educational"
1004,"Antigens","Education and Guidelines","What role does antigens play in donor screening?","During donor screening, protocols evaluating antigens help ensure that eligible donors are in good health and that donated units meet all biological quality standards.","antigens,guidelines,blood science,safety","beginner","National Blood Transfusion Council / WHO","https://www.who.int/initiatives/blood-safety","educational"
1005,"Antigens","Education and Guidelines","What are common misconceptions about antigens?","Common misconceptions about antigens often arise from lack of awareness. Evidence-based hematology and authorized blood services clarify that modern blood banking protocols are extremely safe and tightly regulated.","antigens,guidelines,blood science,safety","beginner","National Blood Transfusion Council / WHO","https://www.who.int/initiatives/blood-safety","educational"
1006,"Antigens","Education and Guidelines","What is the physiological significance of antigens?","In human physiology, antigens contributes directly to circulatory homeostasis, cellular oxygen delivery, immune defense, and vascular equilibrium.","antigens,guidelines,blood science,safety","intermediate","National Blood Transfusion Council / WHO","https://www.who.int/initiatives/blood-safety","educational"
1007,"Antigens","Education and Guidelines","What should patients and donors know regarding antigens?","Patients and donors should know that antigens is managed using strict medical protocols, and any personalized health decisions should always be reviewed with qualified healthcare providers.","antigens,guidelines,blood science,safety","beginner","National Blood Transfusion Council / WHO","https://www.who.int/initiatives/blood-safety","educational"
1008,"Antigens","Education and Guidelines","How does scientific research improve antigens?","Continuous scientific research in antigens enhances pathogen inactivation, nucleic acid testing sensitivity, component preservation, and automated apheresis technologies worldwide.","antigens,guidelines,blood science,safety","intermediate","National Blood Transfusion Council / WHO","https://www.who.int/initiatives/blood-safety","educational"
1009,"Antigens","Education and Guidelines","What diagnostic laboratory tests evaluate antigens?","Diagnostic evaluations include complete blood counts (CBC), automated serological assays, molecular nucleic acid testing (NAT), and microfluidic crossmatching.","antigens,guidelines,blood science,safety","intermediate","National Blood Transfusion Council / WHO","https://www.who.int/initiatives/blood-safety","educational"
1010,"Antigens","Education and Guidelines","What is the historical evolution of antigens?","From early direct transfusions to modern component therapy, leukoreduction, and computerized inventory networks, the understanding of antigens has made transfusion medicine exceptionally safe.","antigens,guidelines,blood science,safety","intermediate","National Blood Transfusion Council / WHO","https://www.who.int/initiatives/blood-safety","educational"
1011,"Antigens","Education and Guidelines","How do international standards regulate antigens?","International bodies such as the WHO, AABB, and ISBT set harmonized standards for antigens covering donor qualification, component preservation, and hemovigilance reporting.","antigens,guidelines,blood science,safety","advanced","National Blood Transfusion Council / WHO","https://www.who.int/initiatives/blood-safety","educational"
1012,"Antigens","Education and Guidelines","What are the key safety precautions concerning antigens?","Key precautions include strict sterile single-use equipment, rigorous donor eligibility assessments, temperature-controlled cold chains, and multi-tier blood testing before release.","antigens,guidelines,blood science,safety","beginner","National Blood Transfusion Council / WHO","https://www.who.int/initiatives/blood-safety","educational"
1013,"Antigens","Education and Guidelines","How can the public support improvements in antigens?","The public can support the healthcare system by donating blood regularly, dispelling common donation myths, and encouraging community participation in voluntary blood camps.","antigens,guidelines,blood science,safety","beginner","National Blood Transfusion Council / WHO","https://www.who.int/initiatives/blood-safety","educational"
1014,"Antigens","Education and Guidelines","What happens during emergency scenarios involving antigens?","In emergencies, rapid-response logistics ensure that compatible blood components are mobilized immediately to trauma centers while maintaining strict trace-and-track cold chain standards.","antigens,guidelines,blood science,safety","intermediate","National Blood Transfusion Council / WHO","https://www.who.int/initiatives/blood-safety","educational"
1015,"Immune System and Blood","Education and Guidelines","How does immune system and blood affect human health?","Understanding immune system and blood is fundamental to clinical hematology and public health. It ensures accurate diagnosis of circulatory and metabolic conditions and guides safe transfusion practice.","immune system and blood,guidelines,blood science,safety","beginner","National Blood Transfusion Council / WHO","https://www.who.int/initiatives/blood-safety","educational"
1016,"Immune System and Blood","Education and Guidelines","What are the medical guidelines for immune system and blood?","Medical standards for immune system and blood are established by regulatory bodies like WHO, national blood councils, and drug controllers to maximize donor safety, safeguard recipient health, and guarantee cold-chain integrity.","immune system and blood,guidelines,blood science,safety","intermediate","National Blood Transfusion Council / WHO","https://www.who.int/initiatives/blood-safety","educational"
1017,"Immune System and Blood","Education and Guidelines","Why is immune system and blood monitored in blood transfusion services?","Blood transfusion centers monitor immune system and blood to prevent adverse hemolytic and non-hemolytic reactions, reduce infection transmission, and maintain adequate inventory of compatible blood components.","immune system and blood,guidelines,blood science,safety","intermediate","National Blood Transfusion Council / WHO","https://www.who.int/initiatives/blood-safety","educational"
1018,"Immune System and Blood","Education and Guidelines","What role does immune system and blood play in donor screening?","During donor screening, protocols evaluating immune system and blood help ensure that eligible donors are in good health and that donated units meet all biological quality standards.","immune system and blood,guidelines,blood science,safety","beginner","National Blood Transfusion Council / WHO","https://www.who.int/initiatives/blood-safety","educational"
1019,"Immune System and Blood","Education and Guidelines","What are common misconceptions about immune system and blood?","Common misconceptions about immune system and blood often arise from lack of awareness. Evidence-based hematology and authorized blood services clarify that modern blood banking protocols are extremely safe and tightly regulated.","immune system and blood,guidelines,blood science,safety","beginner","National Blood Transfusion Council / WHO","https://www.who.int/initiatives/blood-safety","educational"
1020,"Immune System and Blood","Education and Guidelines","What is the physiological significance of immune system and blood?","In human physiology, immune system and blood contributes directly to circulatory homeostasis, cellular oxygen delivery, immune defense, and vascular equilibrium.","immune system and blood,guidelines,blood science,safety","intermediate","National Blood Transfusion Council / WHO","https://www.who.int/initiatives/blood-safety","educational"
1021,"Immune System and Blood","Education and Guidelines","What should patients and donors know regarding immune system and blood?","Patients and donors should know that immune system and blood is managed using strict medical protocols, and any personalized health decisions should always be reviewed with qualified healthcare providers.","immune system and blood,guidelines,blood science,safety","beginner","National Blood Transfusion Council / WHO","https://www.who.int/initiatives/blood-safety","educational"
1022,"Immune System and Blood","Education and Guidelines","How does scientific research improve immune system and blood?","Continuous scientific research in immune system and blood enhances pathogen inactivation, nucleic acid testing sensitivity, component preservation, and automated apheresis technologies worldwide.","immune system and blood,guidelines,blood science,safety","intermediate","National Blood Transfusion Council / WHO","https://www.who.int/initiatives/blood-safety","educational"
1023,"Immune System and Blood","Education and Guidelines","What diagnostic laboratory tests evaluate immune system and blood?","Diagnostic evaluations include complete blood counts (CBC), automated serological assays, molecular nucleic acid testing (NAT), and microfluidic crossmatching.","immune system and blood,guidelines,blood science,safety","intermediate","National Blood Transfusion Council / WHO","https://www.who.int/initiatives/blood-safety","educational"
1024,"Immune System and Blood","Education and Guidelines","What is the historical evolution of immune system and blood?","From early direct transfusions to modern component therapy, leukoreduction, and computerized inventory networks, the understanding of immune system and blood has made transfusion medicine exceptionally safe.","immune system and blood,guidelines,blood science,safety","intermediate","National Blood Transfusion Council / WHO","https://www.who.int/initiatives/blood-safety","educational"
1025,"Immune System and Blood","Education and Guidelines","How do international standards regulate immune system and blood?","International bodies such as the WHO, AABB, and ISBT set harmonized standards for immune system and blood covering donor qualification, component preservation, and hemovigilance reporting.","immune system and blood,guidelines,blood science,safety","advanced","National Blood Transfusion Council / WHO","https://www.who.int/initiatives/blood-safety","educational"
1026,"Immune System and Blood","Education and Guidelines","What are the key safety precautions concerning immune system and blood?","Key precautions include strict sterile single-use equipment, rigorous donor eligibility assessments, temperature-controlled cold chains, and multi-tier blood testing before release.","immune system and blood,guidelines,blood science,safety","beginner","National Blood Transfusion Council / WHO","https://www.who.int/initiatives/blood-safety","educational"
1027,"Immune System and Blood","Education and Guidelines","How can the public support improvements in immune system and blood?","The public can support the healthcare system by donating blood regularly, dispelling common donation myths, and encouraging community participation in voluntary blood camps.","immune system and blood,guidelines,blood science,safety","beginner","National Blood Transfusion Council / WHO","https://www.who.int/initiatives/blood-safety","educational"
1028,"Immune System and Blood","Education and Guidelines","What happens during emergency scenarios involving immune system and blood?","In emergencies, rapid-response logistics ensure that compatible blood components are mobilized immediately to trauma centers while maintaining strict trace-and-track cold chain standards.","immune system and blood,guidelines,blood science,safety","intermediate","National Blood Transfusion Council / WHO","https://www.who.int/initiatives/blood-safety","educational"
1029,"Blood Circulation","Education and Guidelines","How does blood circulation affect human health?","Understanding blood circulation is fundamental to clinical hematology and public health. It ensures accurate diagnosis of circulatory and metabolic conditions and guides safe transfusion practice.","blood circulation,guidelines,blood science,safety","beginner","National Blood Transfusion Council / WHO","https://www.who.int/initiatives/blood-safety","educational"
1030,"Blood Circulation","Education and Guidelines","What are the medical guidelines for blood circulation?","Medical standards for blood circulation are established by regulatory bodies like WHO, national blood councils, and drug controllers to maximize donor safety, safeguard recipient health, and guarantee cold-chain integrity.","blood circulation,guidelines,blood science,safety","intermediate","National Blood Transfusion Council / WHO","https://www.who.int/initiatives/blood-safety","educational"
1031,"Blood Circulation","Education and Guidelines","Why is blood circulation monitored in blood transfusion services?","Blood transfusion centers monitor blood circulation to prevent adverse hemolytic and non-hemolytic reactions, reduce infection transmission, and maintain adequate inventory of compatible blood components.","blood circulation,guidelines,blood science,safety","intermediate","National Blood Transfusion Council / WHO","https://www.who.int/initiatives/blood-safety","educational"
1032,"Blood Circulation","Education and Guidelines","What role does blood circulation play in donor screening?","During donor screening, protocols evaluating blood circulation help ensure that eligible donors are in good health and that donated units meet all biological quality standards.","blood circulation,guidelines,blood science,safety","beginner","National Blood Transfusion Council / WHO","https://www.who.int/initiatives/blood-safety","educational"
1033,"Blood Circulation","Education and Guidelines","What are common misconceptions about blood circulation?","Common misconceptions about blood circulation often arise from lack of awareness. Evidence-based hematology and authorized blood services clarify that modern blood banking protocols are extremely safe and tightly regulated.","blood circulation,guidelines,blood science,safety","beginner","National Blood Transfusion Council / WHO","https://www.who.int/initiatives/blood-safety","educational"
1034,"Blood Circulation","Education and Guidelines","What is the physiological significance of blood circulation?","In human physiology, blood circulation contributes directly to circulatory homeostasis, cellular oxygen delivery, immune defense, and vascular equilibrium.","blood circulation,guidelines,blood science,safety","intermediate","National Blood Transfusion Council / WHO","https://www.who.int/initiatives/blood-safety","educational"
1035,"Blood Circulation","Education and Guidelines","What should patients and donors know regarding blood circulation?","Patients and donors should know that blood circulation is managed using strict medical protocols, and any personalized health decisions should always be reviewed with qualified healthcare providers.","blood circulation,guidelines,blood science,safety","beginner","National Blood Transfusion Council / WHO","https://www.who.int/initiatives/blood-safety","educational"
1036,"Blood Circulation","Education and Guidelines","How does scientific research improve blood circulation?","Continuous scientific research in blood circulation enhances pathogen inactivation, nucleic acid testing sensitivity, component preservation, and automated apheresis technologies worldwide.","blood circulation,guidelines,blood science,safety","intermediate","National Blood Transfusion Council / WHO","https://www.who.int/initiatives/blood-safety","educational"
1037,"Blood Circulation","Education and Guidelines","What diagnostic laboratory tests evaluate blood circulation?","Diagnostic evaluations include complete blood counts (CBC), automated serological assays, molecular nucleic acid testing (NAT), and microfluidic crossmatching.","blood circulation,guidelines,blood science,safety","intermediate","National Blood Transfusion Council / WHO","https://www.who.int/initiatives/blood-safety","educational"
1038,"Blood Circulation","Education and Guidelines","What is the historical evolution of blood circulation?","From early direct transfusions to modern component therapy, leukoreduction, and computerized inventory networks, the understanding of blood circulation has made transfusion medicine exceptionally safe.","blood circulation,guidelines,blood science,safety","intermediate","National Blood Transfusion Council / WHO","https://www.who.int/initiatives/blood-safety","educational"
1039,"Blood Circulation","Education and Guidelines","How do international standards regulate blood circulation?","International bodies such as the WHO, AABB, and ISBT set harmonized standards for blood circulation covering donor qualification, component preservation, and hemovigilance reporting.","blood circulation,guidelines,blood science,safety","advanced","National Blood Transfusion Council / WHO","https://www.who.int/initiatives/blood-safety","educational"
1040,"Blood Circulation","Education and Guidelines","What are the key safety precautions concerning blood circulation?","Key precautions include strict sterile single-use equipment, rigorous donor eligibility assessments, temperature-controlled cold chains, and multi-tier blood testing before release.","blood circulation,guidelines,blood science,safety","beginner","National Blood Transfusion Council / WHO","https://www.who.int/initiatives/blood-safety","educational"
1041,"Blood Circulation","Education and Guidelines","How can the public support improvements in blood circulation?","The public can support the healthcare system by donating blood regularly, dispelling common donation myths, and encouraging community participation in voluntary blood camps.","blood circulation,guidelines,blood science,safety","beginner","National Blood Transfusion Council / WHO","https://www.who.int/initiatives/blood-safety","educational"
1042,"Blood Circulation","Education and Guidelines","What happens during emergency scenarios involving blood circulation?","In emergencies, rapid-response logistics ensure that compatible blood components are mobilized immediately to trauma centers while maintaining strict trace-and-track cold chain standards.","blood circulation,guidelines,blood science,safety","intermediate","National Blood Transfusion Council / WHO","https://www.who.int/initiatives/blood-safety","educational"
1043,"Heart and Blood Circulation","Education and Guidelines","How does heart and blood circulation affect human health?","Understanding heart and blood circulation is fundamental to clinical hematology and public health. It ensures accurate diagnosis of circulatory and metabolic conditions and guides safe transfusion practice.","heart and blood circulation,guidelines,blood science,safety","beginner","National Blood Transfusion Council / WHO","https://www.who.int/initiatives/blood-safety","educational"
1044,"Heart and Blood Circulation","Education and Guidelines","What are the medical guidelines for heart and blood circulation?","Medical standards for heart and blood circulation are established by regulatory bodies like WHO, national blood councils, and drug controllers to maximize donor safety, safeguard recipient health, and guarantee cold-chain integrity.","heart and blood circulation,guidelines,blood science,safety","intermediate","National Blood Transfusion Council / WHO","https://www.who.int/initiatives/blood-safety","educational"
1045,"Heart and Blood Circulation","Education and Guidelines","Why is heart and blood circulation monitored in blood transfusion services?","Blood transfusion centers monitor heart and blood circulation to prevent adverse hemolytic and non-hemolytic reactions, reduce infection transmission, and maintain adequate inventory of compatible blood components.","heart and blood circulation,guidelines,blood science,safety","intermediate","National Blood Transfusion Council / WHO","https://www.who.int/initiatives/blood-safety","educational"
1046,"Heart and Blood Circulation","Education and Guidelines","What role does heart and blood circulation play in donor screening?","During donor screening, protocols evaluating heart and blood circulation help ensure that eligible donors are in good health and that donated units meet all biological quality standards.","heart and blood circulation,guidelines,blood science,safety","beginner","National Blood Transfusion Council / WHO","https://www.who.int/initiatives/blood-safety","educational"
1047,"Heart and Blood Circulation","Education and Guidelines","What are common misconceptions about heart and blood circulation?","Common misconceptions about heart and blood circulation often arise from lack of awareness. Evidence-based hematology and authorized blood services clarify that modern blood banking protocols are extremely safe and tightly regulated.","heart and blood circulation,guidelines,blood science,safety","beginner","National Blood Transfusion Council / WHO","https://www.who.int/initiatives/blood-safety","educational"
1048,"Heart and Blood Circulation","Education and Guidelines","What is the physiological significance of heart and blood circulation?","In human physiology, heart and blood circulation contributes directly to circulatory homeostasis, cellular oxygen delivery, immune defense, and vascular equilibrium.","heart and blood circulation,guidelines,blood science,safety","intermediate","National Blood Transfusion Council / WHO","https://www.who.int/initiatives/blood-safety","educational"
1049,"Heart and Blood Circulation","Education and Guidelines","What should patients and donors know regarding heart and blood circulation?","Patients and donors should know that heart and blood circulation is managed using strict medical protocols, and any personalized health decisions should always be reviewed with qualified healthcare providers.","heart and blood circulation,guidelines,blood science,safety","beginner","National Blood Transfusion Council / WHO","https://www.who.int/initiatives/blood-safety","educational"
1050,"Heart and Blood Circulation","Education and Guidelines","How does scientific research improve heart and blood circulation?","Continuous scientific research in heart and blood circulation enhances pathogen inactivation, nucleic acid testing sensitivity, component preservation, and automated apheresis technologies worldwide.","heart and blood circulation,guidelines,blood science,safety","intermediate","National Blood Transfusion Council / WHO","https://www.who.int/initiatives/blood-safety","educational"
1051,"Heart and Blood Circulation","Education and Guidelines","What diagnostic laboratory tests evaluate heart and blood circulation?","Diagnostic evaluations include complete blood counts (CBC), automated serological assays, molecular nucleic acid testing (NAT), and microfluidic crossmatching.","heart and blood circulation,guidelines,blood science,safety","intermediate","National Blood Transfusion Council / WHO","https://www.who.int/initiatives/blood-safety","educational"
1052,"Heart and Blood Circulation","Education and Guidelines","What is the historical evolution of heart and blood circulation?","From early direct transfusions to modern component therapy, leukoreduction, and computerized inventory networks, the understanding of heart and blood circulation has made transfusion medicine exceptionally safe.","heart and blood circulation,guidelines,blood science,safety","intermediate","National Blood Transfusion Council / WHO","https://www.who.int/initiatives/blood-safety","educational"
1053,"Heart and Blood Circulation","Education and Guidelines","How do international standards regulate heart and blood circulation?","International bodies such as the WHO, AABB, and ISBT set harmonized standards for heart and blood circulation covering donor qualification, component preservation, and hemovigilance reporting.","heart and blood circulation,guidelines,blood science,safety","advanced","National Blood Transfusion Council / WHO","https://www.who.int/initiatives/blood-safety","educational"
1054,"Heart and Blood Circulation","Education and Guidelines","What are the key safety precautions concerning heart and blood circulation?","Key precautions include strict sterile single-use equipment, rigorous donor eligibility assessments, temperature-controlled cold chains, and multi-tier blood testing before release.","heart and blood circulation,guidelines,blood science,safety","beginner","National Blood Transfusion Council / WHO","https://www.who.int/initiatives/blood-safety","educational"
1055,"Heart and Blood Circulation","Education and Guidelines","How can the public support improvements in heart and blood circulation?","The public can support the healthcare system by donating blood regularly, dispelling common donation myths, and encouraging community participation in voluntary blood camps.","heart and blood circulation,guidelines,blood science,safety","beginner","National Blood Transfusion Council / WHO","https://www.who.int/initiatives/blood-safety","educational"
1056,"Heart and Blood Circulation","Education and Guidelines","What happens during emergency scenarios involving heart and blood circulation?","In emergencies, rapid-response logistics ensure that compatible blood components are mobilized immediately to trauma centers while maintaining strict trace-and-track cold chain standards.","heart and blood circulation,guidelines,blood science,safety","intermediate","National Blood Transfusion Council / WHO","https://www.who.int/initiatives/blood-safety","educational"
1057,"Blood Pressure","Education and Guidelines","How does blood pressure affect human health?","Understanding blood pressure is fundamental to clinical hematology and public health. It ensures accurate diagnosis of circulatory and metabolic conditions and guides safe transfusion practice.","blood pressure,guidelines,blood science,safety","beginner","National Blood Transfusion Council / WHO","https://www.who.int/initiatives/blood-safety","educational"
1058,"Blood Pressure","Education and Guidelines","What are the medical guidelines for blood pressure?","Medical standards for blood pressure are established by regulatory bodies like WHO, national blood councils, and drug controllers to maximize donor safety, safeguard recipient health, and guarantee cold-chain integrity.","blood pressure,guidelines,blood science,safety","intermediate","National Blood Transfusion Council / WHO","https://www.who.int/initiatives/blood-safety","educational"
1059,"Blood Pressure","Education and Guidelines","Why is blood pressure monitored in blood transfusion services?","Blood transfusion centers monitor blood pressure to prevent adverse hemolytic and non-hemolytic reactions, reduce infection transmission, and maintain adequate inventory of compatible blood components.","blood pressure,guidelines,blood science,safety","intermediate","National Blood Transfusion Council / WHO","https://www.who.int/initiatives/blood-safety","educational"
1060,"Blood Pressure","Education and Guidelines","What role does blood pressure play in donor screening?","During donor screening, protocols evaluating blood pressure help ensure that eligible donors are in good health and that donated units meet all biological quality standards.","blood pressure,guidelines,blood science,safety","beginner","National Blood Transfusion Council / WHO","https://www.who.int/initiatives/blood-safety","educational"
1061,"Blood Pressure","Education and Guidelines","What are common misconceptions about blood pressure?","Common misconceptions about blood pressure often arise from lack of awareness. Evidence-based hematology and authorized blood services clarify that modern blood banking protocols are extremely safe and tightly regulated.","blood pressure,guidelines,blood science,safety","beginner","National Blood Transfusion Council / WHO","https://www.who.int/initiatives/blood-safety","educational"
1062,"Blood Pressure","Education and Guidelines","What is the physiological significance of blood pressure?","In human physiology, blood pressure contributes directly to circulatory homeostasis, cellular oxygen delivery, immune defense, and vascular equilibrium.","blood pressure,guidelines,blood science,safety","intermediate","National Blood Transfusion Council / WHO","https://www.who.int/initiatives/blood-safety","educational"
1063,"Blood Pressure","Education and Guidelines","What should patients and donors know regarding blood pressure?","Patients and donors should know that blood pressure is managed using strict medical protocols, and any personalized health decisions should always be reviewed with qualified healthcare providers.","blood pressure,guidelines,blood science,safety","beginner","National Blood Transfusion Council / WHO","https://www.who.int/initiatives/blood-safety","educational"
1064,"Blood Pressure","Education and Guidelines","How does scientific research improve blood pressure?","Continuous scientific research in blood pressure enhances pathogen inactivation, nucleic acid testing sensitivity, component preservation, and automated apheresis technologies worldwide.","blood pressure,guidelines,blood science,safety","intermediate","National Blood Transfusion Council / WHO","https://www.who.int/initiatives/blood-safety","educational"
1065,"Blood Pressure","Education and Guidelines","What diagnostic laboratory tests evaluate blood pressure?","Diagnostic evaluations include complete blood counts (CBC), automated serological assays, molecular nucleic acid testing (NAT), and microfluidic crossmatching.","blood pressure,guidelines,blood science,safety","intermediate","National Blood Transfusion Council / WHO","https://www.who.int/initiatives/blood-safety","educational"
1066,"Blood Pressure","Education and Guidelines","What is the historical evolution of blood pressure?","From early direct transfusions to modern component therapy, leukoreduction, and computerized inventory networks, the understanding of blood pressure has made transfusion medicine exceptionally safe.","blood pressure,guidelines,blood science,safety","intermediate","National Blood Transfusion Council / WHO","https://www.who.int/initiatives/blood-safety","educational"
1067,"Blood Pressure","Education and Guidelines","How do international standards regulate blood pressure?","International bodies such as the WHO, AABB, and ISBT set harmonized standards for blood pressure covering donor qualification, component preservation, and hemovigilance reporting.","blood pressure,guidelines,blood science,safety","advanced","National Blood Transfusion Council / WHO","https://www.who.int/initiatives/blood-safety","educational"
1068,"Blood Pressure","Education and Guidelines","What are the key safety precautions concerning blood pressure?","Key precautions include strict sterile single-use equipment, rigorous donor eligibility assessments, temperature-controlled cold chains, and multi-tier blood testing before release.","blood pressure,guidelines,blood science,safety","beginner","National Blood Transfusion Council / WHO","https://www.who.int/initiatives/blood-safety","educational"
1069,"Blood Pressure","Education and Guidelines","How can the public support improvements in blood pressure?","The public can support the healthcare system by donating blood regularly, dispelling common donation myths, and encouraging community participation in voluntary blood camps.","blood pressure,guidelines,blood science,safety","beginner","National Blood Transfusion Council / WHO","https://www.who.int/initiatives/blood-safety","educational"
1070,"Blood Pressure","Education and Guidelines","What happens during emergency scenarios involving blood pressure?","In emergencies, rapid-response logistics ensure that compatible blood components are mobilized immediately to trauma centers while maintaining strict trace-and-track cold chain standards.","blood pressure,guidelines,blood science,safety","intermediate","National Blood Transfusion Council / WHO","https://www.who.int/initiatives/blood-safety","educational"
1071,"General Blood Health Education","Education and Guidelines","How does general blood health education affect human health?","Understanding general blood health education is fundamental to clinical hematology and public health. It ensures accurate diagnosis of circulatory and metabolic conditions and guides safe transfusion practice.","general blood health education,guidelines,blood science,safety","beginner","National Blood Transfusion Council / WHO","https://www.who.int/initiatives/blood-safety","educational"
1072,"General Blood Health Education","Education and Guidelines","What are the medical guidelines for general blood health education?","Medical standards for general blood health education are established by regulatory bodies like WHO, national blood councils, and drug controllers to maximize donor safety, safeguard recipient health, and guarantee cold-chain integrity.","general blood health education,guidelines,blood science,safety","intermediate","National Blood Transfusion Council / WHO","https://www.who.int/initiatives/blood-safety","educational"
1073,"General Blood Health Education","Education and Guidelines","Why is general blood health education monitored in blood transfusion services?","Blood transfusion centers monitor general blood health education to prevent adverse hemolytic and non-hemolytic reactions, reduce infection transmission, and maintain adequate inventory of compatible blood components.","general blood health education,guidelines,blood science,safety","intermediate","National Blood Transfusion Council / WHO","https://www.who.int/initiatives/blood-safety","educational"
1074,"General Blood Health Education","Education and Guidelines","What role does general blood health education play in donor screening?","During donor screening, protocols evaluating general blood health education help ensure that eligible donors are in good health and that donated units meet all biological quality standards.","general blood health education,guidelines,blood science,safety","beginner","National Blood Transfusion Council / WHO","https://www.who.int/initiatives/blood-safety","educational"
1075,"General Blood Health Education","Education and Guidelines","What are common misconceptions about general blood health education?","Common misconceptions about general blood health education often arise from lack of awareness. Evidence-based hematology and authorized blood services clarify that modern blood banking protocols are extremely safe and tightly regulated.","general blood health education,guidelines,blood science,safety","beginner","National Blood Transfusion Council / WHO","https://www.who.int/initiatives/blood-safety","educational"
1076,"General Blood Health Education","Education and Guidelines","What is the physiological significance of general blood health education?","In human physiology, general blood health education contributes directly to circulatory homeostasis, cellular oxygen delivery, immune defense, and vascular equilibrium.","general blood health education,guidelines,blood science,safety","intermediate","National Blood Transfusion Council / WHO","https://www.who.int/initiatives/blood-safety","educational"
1077,"General Blood Health Education","Education and Guidelines","What should patients and donors know regarding general blood health education?","Patients and donors should know that general blood health education is managed using strict medical protocols, and any personalized health decisions should always be reviewed with qualified healthcare providers.","general blood health education,guidelines,blood science,safety","beginner","National Blood Transfusion Council / WHO","https://www.who.int/initiatives/blood-safety","educational"
1078,"General Blood Health Education","Education and Guidelines","How does scientific research improve general blood health education?","Continuous scientific research in general blood health education enhances pathogen inactivation, nucleic acid testing sensitivity, component preservation, and automated apheresis technologies worldwide.","general blood health education,guidelines,blood science,safety","intermediate","National Blood Transfusion Council / WHO","https://www.who.int/initiatives/blood-safety","educational"
1079,"General Blood Health Education","Education and Guidelines","What diagnostic laboratory tests evaluate general blood health education?","Diagnostic evaluations include complete blood counts (CBC), automated serological assays, molecular nucleic acid testing (NAT), and microfluidic crossmatching.","general blood health education,guidelines,blood science,safety","intermediate","National Blood Transfusion Council / WHO","https://www.who.int/initiatives/blood-safety","educational"
1080,"General Blood Health Education","Education and Guidelines","What is the historical evolution of general blood health education?","From early direct transfusions to modern component therapy, leukoreduction, and computerized inventory networks, the understanding of general blood health education has made transfusion medicine exceptionally safe.","general blood health education,guidelines,blood science,safety","intermediate","National Blood Transfusion Council / WHO","https://www.who.int/initiatives/blood-safety","educational"
1081,"General Blood Health Education","Education and Guidelines","How do international standards regulate general blood health education?","International bodies such as the WHO, AABB, and ISBT set harmonized standards for general blood health education covering donor qualification, component preservation, and hemovigilance reporting.","general blood health education,guidelines,blood science,safety","advanced","National Blood Transfusion Council / WHO","https://www.who.int/initiatives/blood-safety","educational"
1082,"General Blood Health Education","Education and Guidelines","What are the key safety precautions concerning general blood health education?","Key precautions include strict sterile single-use equipment, rigorous donor eligibility assessments, temperature-controlled cold chains, and multi-tier blood testing before release.","general blood health education,guidelines,blood science,safety","beginner","National Blood Transfusion Council / WHO","https://www.who.int/initiatives/blood-safety","educational"
1083,"General Blood Health Education","Education and Guidelines","How can the public support improvements in general blood health education?","The public can support the healthcare system by donating blood regularly, dispelling common donation myths, and encouraging community participation in voluntary blood camps.","general blood health education,guidelines,blood science,safety","beginner","National Blood Transfusion Council / WHO","https://www.who.int/initiatives/blood-safety","educational"
1084,"General Blood Health Education","Education and Guidelines","What happens during emergency scenarios involving general blood health education?","In emergencies, rapid-response logistics ensure that compatible blood components are mobilized immediately to trauma centers while maintaining strict trace-and-track cold chain standards.","general blood health education,guidelines,blood science,safety","intermediate","National Blood Transfusion Council / WHO","https://www.who.int/initiatives/blood-safety","educational"
1085,"Emergency Blood Awareness","Education and Guidelines","How does emergency blood awareness affect human health?","Understanding emergency blood awareness is fundamental to clinical hematology and public health. It ensures accurate diagnosis of circulatory and metabolic conditions and guides safe transfusion practice.","emergency blood awareness,guidelines,blood science,safety","beginner","National Blood Transfusion Council / WHO","https://www.who.int/initiatives/blood-safety","educational"
1086,"Emergency Blood Awareness","Education and Guidelines","What are the medical guidelines for emergency blood awareness?","Medical standards for emergency blood awareness are established by regulatory bodies like WHO, national blood councils, and drug controllers to maximize donor safety, safeguard recipient health, and guarantee cold-chain integrity.","emergency blood awareness,guidelines,blood science,safety","intermediate","National Blood Transfusion Council / WHO","https://www.who.int/initiatives/blood-safety","educational"
1087,"Emergency Blood Awareness","Education and Guidelines","Why is emergency blood awareness monitored in blood transfusion services?","Blood transfusion centers monitor emergency blood awareness to prevent adverse hemolytic and non-hemolytic reactions, reduce infection transmission, and maintain adequate inventory of compatible blood components.","emergency blood awareness,guidelines,blood science,safety","intermediate","National Blood Transfusion Council / WHO","https://www.who.int/initiatives/blood-safety","educational"
1088,"Emergency Blood Awareness","Education and Guidelines","What role does emergency blood awareness play in donor screening?","During donor screening, protocols evaluating emergency blood awareness help ensure that eligible donors are in good health and that donated units meet all biological quality standards.","emergency blood awareness,guidelines,blood science,safety","beginner","National Blood Transfusion Council / WHO","https://www.who.int/initiatives/blood-safety","educational"
1089,"Emergency Blood Awareness","Education and Guidelines","What are common misconceptions about emergency blood awareness?","Common misconceptions about emergency blood awareness often arise from lack of awareness. Evidence-based hematology and authorized blood services clarify that modern blood banking protocols are extremely safe and tightly regulated.","emergency blood awareness,guidelines,blood science,safety","beginner","National Blood Transfusion Council / WHO","https://www.who.int/initiatives/blood-safety","educational"
1090,"Emergency Blood Awareness","Education and Guidelines","What is the physiological significance of emergency blood awareness?","In human physiology, emergency blood awareness contributes directly to circulatory homeostasis, cellular oxygen delivery, immune defense, and vascular equilibrium.","emergency blood awareness,guidelines,blood science,safety","intermediate","National Blood Transfusion Council / WHO","https://www.who.int/initiatives/blood-safety","educational"
1091,"Emergency Blood Awareness","Education and Guidelines","What should patients and donors know regarding emergency blood awareness?","Patients and donors should know that emergency blood awareness is managed using strict medical protocols, and any personalized health decisions should always be reviewed with qualified healthcare providers.","emergency blood awareness,guidelines,blood science,safety","beginner","National Blood Transfusion Council / WHO","https://www.who.int/initiatives/blood-safety","educational"
1092,"Emergency Blood Awareness","Education and Guidelines","How does scientific research improve emergency blood awareness?","Continuous scientific research in emergency blood awareness enhances pathogen inactivation, nucleic acid testing sensitivity, component preservation, and automated apheresis technologies worldwide.","emergency blood awareness,guidelines,blood science,safety","intermediate","National Blood Transfusion Council / WHO","https://www.who.int/initiatives/blood-safety","educational"
1093,"Emergency Blood Awareness","Education and Guidelines","What diagnostic laboratory tests evaluate emergency blood awareness?","Diagnostic evaluations include complete blood counts (CBC), automated serological assays, molecular nucleic acid testing (NAT), and microfluidic crossmatching.","emergency blood awareness,guidelines,blood science,safety","intermediate","National Blood Transfusion Council / WHO","https://www.who.int/initiatives/blood-safety","educational"
1094,"Emergency Blood Awareness","Education and Guidelines","What is the historical evolution of emergency blood awareness?","From early direct transfusions to modern component therapy, leukoreduction, and computerized inventory networks, the understanding of emergency blood awareness has made transfusion medicine exceptionally safe.","emergency blood awareness,guidelines,blood science,safety","intermediate","National Blood Transfusion Council / WHO","https://www.who.int/initiatives/blood-safety","educational"
1095,"Emergency Blood Awareness","Education and Guidelines","How do international standards regulate emergency blood awareness?","International bodies such as the WHO, AABB, and ISBT set harmonized standards for emergency blood awareness covering donor qualification, component preservation, and hemovigilance reporting.","emergency blood awareness,guidelines,blood science,safety","advanced","National Blood Transfusion Council / WHO","https://www.who.int/initiatives/blood-safety","educational"
1096,"Emergency Blood Awareness","Education and Guidelines","What are the key safety precautions concerning emergency blood awareness?","Key precautions include strict sterile single-use equipment, rigorous donor eligibility assessments, temperature-controlled cold chains, and multi-tier blood testing before release.","emergency blood awareness,guidelines,blood science,safety","beginner","National Blood Transfusion Council / WHO","https://www.who.int/initiatives/blood-safety","educational"
1097,"Emergency Blood Awareness","Education and Guidelines","How can the public support improvements in emergency blood awareness?","The public can support the healthcare system by donating blood regularly, dispelling common donation myths, and encouraging community participation in voluntary blood camps.","emergency blood awareness,guidelines,blood science,safety","beginner","National Blood Transfusion Council / WHO","https://www.who.int/initiatives/blood-safety","educational"
1098,"Emergency Blood Awareness","Education and Guidelines","What happens during emergency scenarios involving emergency blood awareness?","In emergencies, rapid-response logistics ensure that compatible blood components are mobilized immediately to trauma centers while maintaining strict trace-and-track cold chain standards.","emergency blood awareness,guidelines,blood science,safety","intermediate","National Blood Transfusion Council / WHO","https://www.who.int/initiatives/blood-safety","educational"
1099,"Blood Donor Safety","Education and Guidelines","How does blood donor safety affect human health?","Understanding blood donor safety is fundamental to clinical hematology and public health. It ensures accurate diagnosis of circulatory and metabolic conditions and guides safe transfusion practice.","blood donor safety,guidelines,blood science,safety","beginner","National Blood Transfusion Council / WHO","https://www.who.int/initiatives/blood-safety","educational"
1100,"Blood Donor Safety","Education and Guidelines","What are the medical guidelines for blood donor safety?","Medical standards for blood donor safety are established by regulatory bodies like WHO, national blood councils, and drug controllers to maximize donor safety, safeguard recipient health, and guarantee cold-chain integrity.","blood donor safety,guidelines,blood science,safety","intermediate","National Blood Transfusion Council / WHO","https://www.who.int/initiatives/blood-safety","educational"
1101,"Blood Donor Safety","Education and Guidelines","Why is blood donor safety monitored in blood transfusion services?","Blood transfusion centers monitor blood donor safety to prevent adverse hemolytic and non-hemolytic reactions, reduce infection transmission, and maintain adequate inventory of compatible blood components.","blood donor safety,guidelines,blood science,safety","intermediate","National Blood Transfusion Council / WHO","https://www.who.int/initiatives/blood-safety","educational"
1102,"Blood Donor Safety","Education and Guidelines","What role does blood donor safety play in donor screening?","During donor screening, protocols evaluating blood donor safety help ensure that eligible donors are in good health and that donated units meet all biological quality standards.","blood donor safety,guidelines,blood science,safety","beginner","National Blood Transfusion Council / WHO","https://www.who.int/initiatives/blood-safety","educational"
1103,"Blood Donor Safety","Education and Guidelines","What are common misconceptions about blood donor safety?","Common misconceptions about blood donor safety often arise from lack of awareness. Evidence-based hematology and authorized blood services clarify that modern blood banking protocols are extremely safe and tightly regulated.","blood donor safety,guidelines,blood science,safety","beginner","National Blood Transfusion Council / WHO","https://www.who.int/initiatives/blood-safety","educational"
1104,"Blood Donor Safety","Education and Guidelines","What is the physiological significance of blood donor safety?","In human physiology, blood donor safety contributes directly to circulatory homeostasis, cellular oxygen delivery, immune defense, and vascular equilibrium.","blood donor safety,guidelines,blood science,safety","intermediate","National Blood Transfusion Council / WHO","https://www.who.int/initiatives/blood-safety","educational"
1105,"Blood Donor Safety","Education and Guidelines","What should patients and donors know regarding blood donor safety?","Patients and donors should know that blood donor safety is managed using strict medical protocols, and any personalized health decisions should always be reviewed with qualified healthcare providers.","blood donor safety,guidelines,blood science,safety","beginner","National Blood Transfusion Council / WHO","https://www.who.int/initiatives/blood-safety","educational"
1106,"Blood Donor Safety","Education and Guidelines","How does scientific research improve blood donor safety?","Continuous scientific research in blood donor safety enhances pathogen inactivation, nucleic acid testing sensitivity, component preservation, and automated apheresis technologies worldwide.","blood donor safety,guidelines,blood science,safety","intermediate","National Blood Transfusion Council / WHO","https://www.who.int/initiatives/blood-safety","educational"
1107,"Blood Donor Safety","Education and Guidelines","What diagnostic laboratory tests evaluate blood donor safety?","Diagnostic evaluations include complete blood counts (CBC), automated serological assays, molecular nucleic acid testing (NAT), and microfluidic crossmatching.","blood donor safety,guidelines,blood science,safety","intermediate","National Blood Transfusion Council / WHO","https://www.who.int/initiatives/blood-safety","educational"
1108,"Blood Donor Safety","Education and Guidelines","What is the historical evolution of blood donor safety?","From early direct transfusions to modern component therapy, leukoreduction, and computerized inventory networks, the understanding of blood donor safety has made transfusion medicine exceptionally safe.","blood donor safety,guidelines,blood science,safety","intermediate","National Blood Transfusion Council / WHO","https://www.who.int/initiatives/blood-safety","educational"
1109,"Blood Donor Safety","Education and Guidelines","How do international standards regulate blood donor safety?","International bodies such as the WHO, AABB, and ISBT set harmonized standards for blood donor safety covering donor qualification, component preservation, and hemovigilance reporting.","blood donor safety,guidelines,blood science,safety","advanced","National Blood Transfusion Council / WHO","https://www.who.int/initiatives/blood-safety","educational"
1110,"Blood Donor Safety","Education and Guidelines","What are the key safety precautions concerning blood donor safety?","Key precautions include strict sterile single-use equipment, rigorous donor eligibility assessments, temperature-controlled cold chains, and multi-tier blood testing before release.","blood donor safety,guidelines,blood science,safety","beginner","National Blood Transfusion Council / WHO","https://www.who.int/initiatives/blood-safety","educational"
1111,"Blood Donor Safety","Education and Guidelines","How can the public support improvements in blood donor safety?","The public can support the healthcare system by donating blood regularly, dispelling common donation myths, and encouraging community participation in voluntary blood camps.","blood donor safety,guidelines,blood science,safety","beginner","National Blood Transfusion Council / WHO","https://www.who.int/initiatives/blood-safety","educational"
1112,"Blood Donor Safety","Education and Guidelines","What happens during emergency scenarios involving blood donor safety?","In emergencies, rapid-response logistics ensure that compatible blood components are mobilized immediately to trauma centers while maintaining strict trace-and-track cold chain standards.","blood donor safety,guidelines,blood science,safety","intermediate","National Blood Transfusion Council / WHO","https://www.who.int/initiatives/blood-safety","educational"
1113,"Hospital Blood Management","Education and Guidelines","How does hospital blood management affect human health?","Understanding hospital blood management is fundamental to clinical hematology and public health. It ensures accurate diagnosis of circulatory and metabolic conditions and guides safe transfusion practice.","hospital blood management,guidelines,blood science,safety","beginner","National Blood Transfusion Council / WHO","https://www.who.int/initiatives/blood-safety","educational"
1114,"Hospital Blood Management","Education and Guidelines","What are the medical guidelines for hospital blood management?","Medical standards for hospital blood management are established by regulatory bodies like WHO, national blood councils, and drug controllers to maximize donor safety, safeguard recipient health, and guarantee cold-chain integrity.","hospital blood management,guidelines,blood science,safety","intermediate","National Blood Transfusion Council / WHO","https://www.who.int/initiatives/blood-safety","educational"
1115,"Hospital Blood Management","Education and Guidelines","Why is hospital blood management monitored in blood transfusion services?","Blood transfusion centers monitor hospital blood management to prevent adverse hemolytic and non-hemolytic reactions, reduce infection transmission, and maintain adequate inventory of compatible blood components.","hospital blood management,guidelines,blood science,safety","intermediate","National Blood Transfusion Council / WHO","https://www.who.int/initiatives/blood-safety","educational"
1116,"Hospital Blood Management","Education and Guidelines","What role does hospital blood management play in donor screening?","During donor screening, protocols evaluating hospital blood management help ensure that eligible donors are in good health and that donated units meet all biological quality standards.","hospital blood management,guidelines,blood science,safety","beginner","National Blood Transfusion Council / WHO","https://www.who.int/initiatives/blood-safety","educational"
1117,"Hospital Blood Management","Education and Guidelines","What are common misconceptions about hospital blood management?","Common misconceptions about hospital blood management often arise from lack of awareness. Evidence-based hematology and authorized blood services clarify that modern blood banking protocols are extremely safe and tightly regulated.","hospital blood management,guidelines,blood science,safety","beginner","National Blood Transfusion Council / WHO","https://www.who.int/initiatives/blood-safety","educational"
1118,"Hospital Blood Management","Education and Guidelines","What is the physiological significance of hospital blood management?","In human physiology, hospital blood management contributes directly to circulatory homeostasis, cellular oxygen delivery, immune defense, and vascular equilibrium.","hospital blood management,guidelines,blood science,safety","intermediate","National Blood Transfusion Council / WHO","https://www.who.int/initiatives/blood-safety","educational"
1119,"Hospital Blood Management","Education and Guidelines","What should patients and donors know regarding hospital blood management?","Patients and donors should know that hospital blood management is managed using strict medical protocols, and any personalized health decisions should always be reviewed with qualified healthcare providers.","hospital blood management,guidelines,blood science,safety","beginner","National Blood Transfusion Council / WHO","https://www.who.int/initiatives/blood-safety","educational"
1120,"Hospital Blood Management","Education and Guidelines","How does scientific research improve hospital blood management?","Continuous scientific research in hospital blood management enhances pathogen inactivation, nucleic acid testing sensitivity, component preservation, and automated apheresis technologies worldwide.","hospital blood management,guidelines,blood science,safety","intermediate","National Blood Transfusion Council / WHO","https://www.who.int/initiatives/blood-safety","educational"
1121,"Hospital Blood Management","Education and Guidelines","What diagnostic laboratory tests evaluate hospital blood management?","Diagnostic evaluations include complete blood counts (CBC), automated serological assays, molecular nucleic acid testing (NAT), and microfluidic crossmatching.","hospital blood management,guidelines,blood science,safety","intermediate","National Blood Transfusion Council / WHO","https://www.who.int/initiatives/blood-safety","educational"
1122,"Hospital Blood Management","Education and Guidelines","What is the historical evolution of hospital blood management?","From early direct transfusions to modern component therapy, leukoreduction, and computerized inventory networks, the understanding of hospital blood management has made transfusion medicine exceptionally safe.","hospital blood management,guidelines,blood science,safety","intermediate","National Blood Transfusion Council / WHO","https://www.who.int/initiatives/blood-safety","educational"
1123,"Hospital Blood Management","Education and Guidelines","How do international standards regulate hospital blood management?","International bodies such as the WHO, AABB, and ISBT set harmonized standards for hospital blood management covering donor qualification, component preservation, and hemovigilance reporting.","hospital blood management,guidelines,blood science,safety","advanced","National Blood Transfusion Council / WHO","https://www.who.int/initiatives/blood-safety","educational"
1124,"Hospital Blood Management","Education and Guidelines","What are the key safety precautions concerning hospital blood management?","Key precautions include strict sterile single-use equipment, rigorous donor eligibility assessments, temperature-controlled cold chains, and multi-tier blood testing before release.","hospital blood management,guidelines,blood science,safety","beginner","National Blood Transfusion Council / WHO","https://www.who.int/initiatives/blood-safety","educational"
1125,"Hospital Blood Management","Education and Guidelines","How can the public support improvements in hospital blood management?","The public can support the healthcare system by donating blood regularly, dispelling common donation myths, and encouraging community participation in voluntary blood camps.","hospital blood management,guidelines,blood science,safety","beginner","National Blood Transfusion Council / WHO","https://www.who.int/initiatives/blood-safety","educational"
1126,"Hospital Blood Management","Education and Guidelines","What happens during emergency scenarios involving hospital blood management?","In emergencies, rapid-response logistics ensure that compatible blood components are mobilized immediately to trauma centers while maintaining strict trace-and-track cold chain standards.","hospital blood management,guidelines,blood science,safety","intermediate","National Blood Transfusion Council / WHO","https://www.who.int/initiatives/blood-safety","educational"
1127,"Blood Conservation","Education and Guidelines","How does blood conservation affect human health?","Understanding blood conservation is fundamental to clinical hematology and public health. It ensures accurate diagnosis of circulatory and metabolic conditions and guides safe transfusion practice.","blood conservation,guidelines,blood science,safety","beginner","National Blood Transfusion Council / WHO","https://www.who.int/initiatives/blood-safety","educational"
1128,"Blood Conservation","Education and Guidelines","What are the medical guidelines for blood conservation?","Medical standards for blood conservation are established by regulatory bodies like WHO, national blood councils, and drug controllers to maximize donor safety, safeguard recipient health, and guarantee cold-chain integrity.","blood conservation,guidelines,blood science,safety","intermediate","National Blood Transfusion Council / WHO","https://www.who.int/initiatives/blood-safety","educational"
1129,"Blood Conservation","Education and Guidelines","Why is blood conservation monitored in blood transfusion services?","Blood transfusion centers monitor blood conservation to prevent adverse hemolytic and non-hemolytic reactions, reduce infection transmission, and maintain adequate inventory of compatible blood components.","blood conservation,guidelines,blood science,safety","intermediate","National Blood Transfusion Council / WHO","https://www.who.int/initiatives/blood-safety","educational"
1130,"Blood Conservation","Education and Guidelines","What role does blood conservation play in donor screening?","During donor screening, protocols evaluating blood conservation help ensure that eligible donors are in good health and that donated units meet all biological quality standards.","blood conservation,guidelines,blood science,safety","beginner","National Blood Transfusion Council / WHO","https://www.who.int/initiatives/blood-safety","educational"
1131,"Blood Conservation","Education and Guidelines","What are common misconceptions about blood conservation?","Common misconceptions about blood conservation often arise from lack of awareness. Evidence-based hematology and authorized blood services clarify that modern blood banking protocols are extremely safe and tightly regulated.","blood conservation,guidelines,blood science,safety","beginner","National Blood Transfusion Council / WHO","https://www.who.int/initiatives/blood-safety","educational"
1132,"Blood Conservation","Education and Guidelines","What is the physiological significance of blood conservation?","In human physiology, blood conservation contributes directly to circulatory homeostasis, cellular oxygen delivery, immune defense, and vascular equilibrium.","blood conservation,guidelines,blood science,safety","intermediate","National Blood Transfusion Council / WHO","https://www.who.int/initiatives/blood-safety","educational"
1133,"Blood Conservation","Education and Guidelines","What should patients and donors know regarding blood conservation?","Patients and donors should know that blood conservation is managed using strict medical protocols, and any personalized health decisions should always be reviewed with qualified healthcare providers.","blood conservation,guidelines,blood science,safety","beginner","National Blood Transfusion Council / WHO","https://www.who.int/initiatives/blood-safety","educational"
1134,"Blood Conservation","Education and Guidelines","How does scientific research improve blood conservation?","Continuous scientific research in blood conservation enhances pathogen inactivation, nucleic acid testing sensitivity, component preservation, and automated apheresis technologies worldwide.","blood conservation,guidelines,blood science,safety","intermediate","National Blood Transfusion Council / WHO","https://www.who.int/initiatives/blood-safety","educational"
1135,"Blood Conservation","Education and Guidelines","What diagnostic laboratory tests evaluate blood conservation?","Diagnostic evaluations include complete blood counts (CBC), automated serological assays, molecular nucleic acid testing (NAT), and microfluidic crossmatching.","blood conservation,guidelines,blood science,safety","intermediate","National Blood Transfusion Council / WHO","https://www.who.int/initiatives/blood-safety","educational"
1136,"Blood Conservation","Education and Guidelines","What is the historical evolution of blood conservation?","From early direct transfusions to modern component therapy, leukoreduction, and computerized inventory networks, the understanding of blood conservation has made transfusion medicine exceptionally safe.","blood conservation,guidelines,blood science,safety","intermediate","National Blood Transfusion Council / WHO","https://www.who.int/initiatives/blood-safety","educational"
1137,"Blood Conservation","Education and Guidelines","How do international standards regulate blood conservation?","International bodies such as the WHO, AABB, and ISBT set harmonized standards for blood conservation covering donor qualification, component preservation, and hemovigilance reporting.","blood conservation,guidelines,blood science,safety","advanced","National Blood Transfusion Council / WHO","https://www.who.int/initiatives/blood-safety","educational"
1138,"Blood Conservation","Education and Guidelines","What are the key safety precautions concerning blood conservation?","Key precautions include strict sterile single-use equipment, rigorous donor eligibility assessments, temperature-controlled cold chains, and multi-tier blood testing before release.","blood conservation,guidelines,blood science,safety","beginner","National Blood Transfusion Council / WHO","https://www.who.int/initiatives/blood-safety","educational"
1139,"Blood Conservation","Education and Guidelines","How can the public support improvements in blood conservation?","The public can support the healthcare system by donating blood regularly, dispelling common donation myths, and encouraging community participation in voluntary blood camps.","blood conservation,guidelines,blood science,safety","beginner","National Blood Transfusion Council / WHO","https://www.who.int/initiatives/blood-safety","educational"
1140,"Blood Conservation","Education and Guidelines","What happens during emergency scenarios involving blood conservation?","In emergencies, rapid-response logistics ensure that compatible blood components are mobilized immediately to trauma centers while maintaining strict trace-and-track cold chain standards.","blood conservation,guidelines,blood science,safety","intermediate","National Blood Transfusion Council / WHO","https://www.who.int/initiatives/blood-safety","educational"
1141,"Blood Component Utilization","Education and Guidelines","How does blood component utilization affect human health?","Understanding blood component utilization is fundamental to clinical hematology and public health. It ensures accurate diagnosis of circulatory and metabolic conditions and guides safe transfusion practice.","blood component utilization,guidelines,blood science,safety","beginner","National Blood Transfusion Council / WHO","https://www.who.int/initiatives/blood-safety","educational"
1142,"Blood Component Utilization","Education and Guidelines","What are the medical guidelines for blood component utilization?","Medical standards for blood component utilization are established by regulatory bodies like WHO, national blood councils, and drug controllers to maximize donor safety, safeguard recipient health, and guarantee cold-chain integrity.","blood component utilization,guidelines,blood science,safety","intermediate","National Blood Transfusion Council / WHO","https://www.who.int/initiatives/blood-safety","educational"
1143,"Blood Component Utilization","Education and Guidelines","Why is blood component utilization monitored in blood transfusion services?","Blood transfusion centers monitor blood component utilization to prevent adverse hemolytic and non-hemolytic reactions, reduce infection transmission, and maintain adequate inventory of compatible blood components.","blood component utilization,guidelines,blood science,safety","intermediate","National Blood Transfusion Council / WHO","https://www.who.int/initiatives/blood-safety","educational"
1144,"Blood Component Utilization","Education and Guidelines","What role does blood component utilization play in donor screening?","During donor screening, protocols evaluating blood component utilization help ensure that eligible donors are in good health and that donated units meet all biological quality standards.","blood component utilization,guidelines,blood science,safety","beginner","National Blood Transfusion Council / WHO","https://www.who.int/initiatives/blood-safety","educational"
1145,"Blood Component Utilization","Education and Guidelines","What are common misconceptions about blood component utilization?","Common misconceptions about blood component utilization often arise from lack of awareness. Evidence-based hematology and authorized blood services clarify that modern blood banking protocols are extremely safe and tightly regulated.","blood component utilization,guidelines,blood science,safety","beginner","National Blood Transfusion Council / WHO","https://www.who.int/initiatives/blood-safety","educational"
1146,"Blood Component Utilization","Education and Guidelines","What is the physiological significance of blood component utilization?","In human physiology, blood component utilization contributes directly to circulatory homeostasis, cellular oxygen delivery, immune defense, and vascular equilibrium.","blood component utilization,guidelines,blood science,safety","intermediate","National Blood Transfusion Council / WHO","https://www.who.int/initiatives/blood-safety","educational"
1147,"Blood Component Utilization","Education and Guidelines","What should patients and donors know regarding blood component utilization?","Patients and donors should know that blood component utilization is managed using strict medical protocols, and any personalized health decisions should always be reviewed with qualified healthcare providers.","blood component utilization,guidelines,blood science,safety","beginner","National Blood Transfusion Council / WHO","https://www.who.int/initiatives/blood-safety","educational"
1148,"Blood Component Utilization","Education and Guidelines","How does scientific research improve blood component utilization?","Continuous scientific research in blood component utilization enhances pathogen inactivation, nucleic acid testing sensitivity, component preservation, and automated apheresis technologies worldwide.","blood component utilization,guidelines,blood science,safety","intermediate","National Blood Transfusion Council / WHO","https://www.who.int/initiatives/blood-safety","educational"
1149,"Blood Component Utilization","Education and Guidelines","What diagnostic laboratory tests evaluate blood component utilization?","Diagnostic evaluations include complete blood counts (CBC), automated serological assays, molecular nucleic acid testing (NAT), and microfluidic crossmatching.","blood component utilization,guidelines,blood science,safety","intermediate","National Blood Transfusion Council / WHO","https://www.who.int/initiatives/blood-safety","educational"
1150,"Blood Component Utilization","Education and Guidelines","What is the historical evolution of blood component utilization?","From early direct transfusions to modern component therapy, leukoreduction, and computerized inventory networks, the understanding of blood component utilization has made transfusion medicine exceptionally safe.","blood component utilization,guidelines,blood science,safety","intermediate","National Blood Transfusion Council / WHO","https://www.who.int/initiatives/blood-safety","educational"
1151,"Blood Component Utilization","Education and Guidelines","How do international standards regulate blood component utilization?","International bodies such as the WHO, AABB, and ISBT set harmonized standards for blood component utilization covering donor qualification, component preservation, and hemovigilance reporting.","blood component utilization,guidelines,blood science,safety","advanced","National Blood Transfusion Council / WHO","https://www.who.int/initiatives/blood-safety","educational"
1152,"Blood Component Utilization","Education and Guidelines","What are the key safety precautions concerning blood component utilization?","Key precautions include strict sterile single-use equipment, rigorous donor eligibility assessments, temperature-controlled cold chains, and multi-tier blood testing before release.","blood component utilization,guidelines,blood science,safety","beginner","National Blood Transfusion Council / WHO","https://www.who.int/initiatives/blood-safety","educational"
1153,"Blood Component Utilization","Education and Guidelines","How can the public support improvements in blood component utilization?","The public can support the healthcare system by donating blood regularly, dispelling common donation myths, and encouraging community participation in voluntary blood camps.","blood component utilization,guidelines,blood science,safety","beginner","National Blood Transfusion Council / WHO","https://www.who.int/initiatives/blood-safety","educational"
1154,"Blood Component Utilization","Education and Guidelines","What happens during emergency scenarios involving blood component utilization?","In emergencies, rapid-response logistics ensure that compatible blood components are mobilized immediately to trauma centers while maintaining strict trace-and-track cold chain standards.","blood component utilization,guidelines,blood science,safety","intermediate","National Blood Transfusion Council / WHO","https://www.who.int/initiatives/blood-safety","educational"
1155,"Blood Donation FAQ","Education and Guidelines","How does blood donation faq affect human health?","Understanding blood donation faq is fundamental to clinical hematology and public health. It ensures accurate diagnosis of circulatory and metabolic conditions and guides safe transfusion practice.","blood donation faq,guidelines,blood science,safety","beginner","National Blood Transfusion Council / WHO","https://www.who.int/initiatives/blood-safety","educational"
1156,"Blood Donation FAQ","Education and Guidelines","What are the medical guidelines for blood donation faq?","Medical standards for blood donation faq are established by regulatory bodies like WHO, national blood councils, and drug controllers to maximize donor safety, safeguard recipient health, and guarantee cold-chain integrity.","blood donation faq,guidelines,blood science,safety","intermediate","National Blood Transfusion Council / WHO","https://www.who.int/initiatives/blood-safety","educational"
1157,"Blood Donation FAQ","Education and Guidelines","Why is blood donation faq monitored in blood transfusion services?","Blood transfusion centers monitor blood donation faq to prevent adverse hemolytic and non-hemolytic reactions, reduce infection transmission, and maintain adequate inventory of compatible blood components.","blood donation faq,guidelines,blood science,safety","intermediate","National Blood Transfusion Council / WHO","https://www.who.int/initiatives/blood-safety","educational"
1158,"Blood Donation FAQ","Education and Guidelines","What role does blood donation faq play in donor screening?","During donor screening, protocols evaluating blood donation faq help ensure that eligible donors are in good health and that donated units meet all biological quality standards.","blood donation faq,guidelines,blood science,safety","beginner","National Blood Transfusion Council / WHO","https://www.who.int/initiatives/blood-safety","educational"
1159,"Blood Donation FAQ","Education and Guidelines","What are common misconceptions about blood donation faq?","Common misconceptions about blood donation faq often arise from lack of awareness. Evidence-based hematology and authorized blood services clarify that modern blood banking protocols are extremely safe and tightly regulated.","blood donation faq,guidelines,blood science,safety","beginner","National Blood Transfusion Council / WHO","https://www.who.int/initiatives/blood-safety","educational"
1160,"Blood Donation FAQ","Education and Guidelines","What is the physiological significance of blood donation faq?","In human physiology, blood donation faq contributes directly to circulatory homeostasis, cellular oxygen delivery, immune defense, and vascular equilibrium.","blood donation faq,guidelines,blood science,safety","intermediate","National Blood Transfusion Council / WHO","https://www.who.int/initiatives/blood-safety","educational"
1161,"Blood Donation FAQ","Education and Guidelines","What should patients and donors know regarding blood donation faq?","Patients and donors should know that blood donation faq is managed using strict medical protocols, and any personalized health decisions should always be reviewed with qualified healthcare providers.","blood donation faq,guidelines,blood science,safety","beginner","National Blood Transfusion Council / WHO","https://www.who.int/initiatives/blood-safety","educational"
1162,"Blood Donation FAQ","Education and Guidelines","How does scientific research improve blood donation faq?","Continuous scientific research in blood donation faq enhances pathogen inactivation, nucleic acid testing sensitivity, component preservation, and automated apheresis technologies worldwide.","blood donation faq,guidelines,blood science,safety","intermediate","National Blood Transfusion Council / WHO","https://www.who.int/initiatives/blood-safety","educational"
1163,"Blood Donation FAQ","Education and Guidelines","What diagnostic laboratory tests evaluate blood donation faq?","Diagnostic evaluations include complete blood counts (CBC), automated serological assays, molecular nucleic acid testing (NAT), and microfluidic crossmatching.","blood donation faq,guidelines,blood science,safety","intermediate","National Blood Transfusion Council / WHO","https://www.who.int/initiatives/blood-safety","educational"
1164,"Blood Donation FAQ","Education and Guidelines","What is the historical evolution of blood donation faq?","From early direct transfusions to modern component therapy, leukoreduction, and computerized inventory networks, the understanding of blood donation faq has made transfusion medicine exceptionally safe.","blood donation faq,guidelines,blood science,safety","intermediate","National Blood Transfusion Council / WHO","https://www.who.int/initiatives/blood-safety","educational"
1165,"Blood Donation FAQ","Education and Guidelines","How do international standards regulate blood donation faq?","International bodies such as the WHO, AABB, and ISBT set harmonized standards for blood donation faq covering donor qualification, component preservation, and hemovigilance reporting.","blood donation faq,guidelines,blood science,safety","advanced","National Blood Transfusion Council / WHO","https://www.who.int/initiatives/blood-safety","educational"
1166,"Blood Donation FAQ","Education and Guidelines","What are the key safety precautions concerning blood donation faq?","Key precautions include strict sterile single-use equipment, rigorous donor eligibility assessments, temperature-controlled cold chains, and multi-tier blood testing before release.","blood donation faq,guidelines,blood science,safety","beginner","National Blood Transfusion Council / WHO","https://www.who.int/initiatives/blood-safety","educational"
1167,"Blood Donation FAQ","Education and Guidelines","How can the public support improvements in blood donation faq?","The public can support the healthcare system by donating blood regularly, dispelling common donation myths, and encouraging community participation in voluntary blood camps.","blood donation faq,guidelines,blood science,safety","beginner","National Blood Transfusion Council / WHO","https://www.who.int/initiatives/blood-safety","educational"
1168,"Blood Donation FAQ","Education and Guidelines","What happens during emergency scenarios involving blood donation faq?","In emergencies, rapid-response logistics ensure that compatible blood components are mobilized immediately to trauma centers while maintaining strict trace-and-track cold chain standards.","blood donation faq,guidelines,blood science,safety","intermediate","National Blood Transfusion Council / WHO","https://www.who.int/initiatives/blood-safety","educational"
1169,"General Public Questions","Education and Guidelines","How does general public questions affect human health?","Understanding general public questions is fundamental to clinical hematology and public health. It ensures accurate diagnosis of circulatory and metabolic conditions and guides safe transfusion practice.","general public questions,guidelines,blood science,safety","beginner","National Blood Transfusion Council / WHO","https://www.who.int/initiatives/blood-safety","educational"
1170,"General Public Questions","Education and Guidelines","What are the medical guidelines for general public questions?","Medical standards for general public questions are established by regulatory bodies like WHO, national blood councils, and drug controllers to maximize donor safety, safeguard recipient health, and guarantee cold-chain integrity.","general public questions,guidelines,blood science,safety","intermediate","National Blood Transfusion Council / WHO","https://www.who.int/initiatives/blood-safety","educational"
1171,"General Public Questions","Education and Guidelines","Why is general public questions monitored in blood transfusion services?","Blood transfusion centers monitor general public questions to prevent adverse hemolytic and non-hemolytic reactions, reduce infection transmission, and maintain adequate inventory of compatible blood components.","general public questions,guidelines,blood science,safety","intermediate","National Blood Transfusion Council / WHO","https://www.who.int/initiatives/blood-safety","educational"
1172,"General Public Questions","Education and Guidelines","What role does general public questions play in donor screening?","During donor screening, protocols evaluating general public questions help ensure that eligible donors are in good health and that donated units meet all biological quality standards.","general public questions,guidelines,blood science,safety","beginner","National Blood Transfusion Council / WHO","https://www.who.int/initiatives/blood-safety","educational"
1173,"General Public Questions","Education and Guidelines","What are common misconceptions about general public questions?","Common misconceptions about general public questions often arise from lack of awareness. Evidence-based hematology and authorized blood services clarify that modern blood banking protocols are extremely safe and tightly regulated.","general public questions,guidelines,blood science,safety","beginner","National Blood Transfusion Council / WHO","https://www.who.int/initiatives/blood-safety","educational"
1174,"General Public Questions","Education and Guidelines","What is the physiological significance of general public questions?","In human physiology, general public questions contributes directly to circulatory homeostasis, cellular oxygen delivery, immune defense, and vascular equilibrium.","general public questions,guidelines,blood science,safety","intermediate","National Blood Transfusion Council / WHO","https://www.who.int/initiatives/blood-safety","educational"
1175,"General Public Questions","Education and Guidelines","What should patients and donors know regarding general public questions?","Patients and donors should know that general public questions is managed using strict medical protocols, and any personalized health decisions should always be reviewed with qualified healthcare providers.","general public questions,guidelines,blood science,safety","beginner","National Blood Transfusion Council / WHO","https://www.who.int/initiatives/blood-safety","educational"
1176,"General Public Questions","Education and Guidelines","How does scientific research improve general public questions?","Continuous scientific research in general public questions enhances pathogen inactivation, nucleic acid testing sensitivity, component preservation, and automated apheresis technologies worldwide.","general public questions,guidelines,blood science,safety","intermediate","National Blood Transfusion Council / WHO","https://www.who.int/initiatives/blood-safety","educational"
1177,"General Public Questions","Education and Guidelines","What diagnostic laboratory tests evaluate general public questions?","Diagnostic evaluations include complete blood counts (CBC), automated serological assays, molecular nucleic acid testing (NAT), and microfluidic crossmatching.","general public questions,guidelines,blood science,safety","intermediate","National Blood Transfusion Council / WHO","https://www.who.int/initiatives/blood-safety","educational"
1178,"General Public Questions","Education and Guidelines","What is the historical evolution of general public questions?","From early direct transfusions to modern component therapy, leukoreduction, and computerized inventory networks, the understanding of general public questions has made transfusion medicine exceptionally safe.","general public questions,guidelines,blood science,safety","intermediate","National Blood Transfusion Council / WHO","https://www.who.int/initiatives/blood-safety","educational"
1179,"General Public Questions","Education and Guidelines","How do international standards regulate general public questions?","International bodies such as the WHO, AABB, and ISBT set harmonized standards for general public questions covering donor qualification, component preservation, and hemovigilance reporting.","general public questions,guidelines,blood science,safety","advanced","National Blood Transfusion Council / WHO","https://www.who.int/initiatives/blood-safety","educational"
1180,"General Public Questions","Education and Guidelines","What are the key safety precautions concerning general public questions?","Key precautions include strict sterile single-use equipment, rigorous donor eligibility assessments, temperature-controlled cold chains, and multi-tier blood testing before release.","general public questions,guidelines,blood science,safety","beginner","National Blood Transfusion Council / WHO","https://www.who.int/initiatives/blood-safety","educational"
1181,"General Public Questions","Education and Guidelines","How can the public support improvements in general public questions?","The public can support the healthcare system by donating blood regularly, dispelling common donation myths, and encouraging community participation in voluntary blood camps.","general public questions,guidelines,blood science,safety","beginner","National Blood Transfusion Council / WHO","https://www.who.int/initiatives/blood-safety","educational"
1182,"General Public Questions","Education and Guidelines","What happens during emergency scenarios involving general public questions?","In emergencies, rapid-response logistics ensure that compatible blood components are mobilized immediately to trauma centers while maintaining strict trace-and-track cold chain standards.","general public questions,guidelines,blood science,safety","intermediate","National Blood Transfusion Council / WHO","https://www.who.int/initiatives/blood-safety","educational"
1183,"Student Questions","Education and Guidelines","How does student questions affect human health?","Understanding student questions is fundamental to clinical hematology and public health. It ensures accurate diagnosis of circulatory and metabolic conditions and guides safe transfusion practice.","student questions,guidelines,blood science,safety","beginner","National Blood Transfusion Council / WHO","https://www.who.int/initiatives/blood-safety","educational"
1184,"Student Questions","Education and Guidelines","What are the medical guidelines for student questions?","Medical standards for student questions are established by regulatory bodies like WHO, national blood councils, and drug controllers to maximize donor safety, safeguard recipient health, and guarantee cold-chain integrity.","student questions,guidelines,blood science,safety","intermediate","National Blood Transfusion Council / WHO","https://www.who.int/initiatives/blood-safety","educational"
1185,"Student Questions","Education and Guidelines","Why is student questions monitored in blood transfusion services?","Blood transfusion centers monitor student questions to prevent adverse hemolytic and non-hemolytic reactions, reduce infection transmission, and maintain adequate inventory of compatible blood components.","student questions,guidelines,blood science,safety","intermediate","National Blood Transfusion Council / WHO","https://www.who.int/initiatives/blood-safety","educational"
1186,"Student Questions","Education and Guidelines","What role does student questions play in donor screening?","During donor screening, protocols evaluating student questions help ensure that eligible donors are in good health and that donated units meet all biological quality standards.","student questions,guidelines,blood science,safety","beginner","National Blood Transfusion Council / WHO","https://www.who.int/initiatives/blood-safety","educational"
1187,"Student Questions","Education and Guidelines","What are common misconceptions about student questions?","Common misconceptions about student questions often arise from lack of awareness. Evidence-based hematology and authorized blood services clarify that modern blood banking protocols are extremely safe and tightly regulated.","student questions,guidelines,blood science,safety","beginner","National Blood Transfusion Council / WHO","https://www.who.int/initiatives/blood-safety","educational"
1188,"Student Questions","Education and Guidelines","What is the physiological significance of student questions?","In human physiology, student questions contributes directly to circulatory homeostasis, cellular oxygen delivery, immune defense, and vascular equilibrium.","student questions,guidelines,blood science,safety","intermediate","National Blood Transfusion Council / WHO","https://www.who.int/initiatives/blood-safety","educational"
1189,"Student Questions","Education and Guidelines","What should patients and donors know regarding student questions?","Patients and donors should know that student questions is managed using strict medical protocols, and any personalized health decisions should always be reviewed with qualified healthcare providers.","student questions,guidelines,blood science,safety","beginner","National Blood Transfusion Council / WHO","https://www.who.int/initiatives/blood-safety","educational"
1190,"Student Questions","Education and Guidelines","How does scientific research improve student questions?","Continuous scientific research in student questions enhances pathogen inactivation, nucleic acid testing sensitivity, component preservation, and automated apheresis technologies worldwide.","student questions,guidelines,blood science,safety","intermediate","National Blood Transfusion Council / WHO","https://www.who.int/initiatives/blood-safety","educational"
1191,"Student Questions","Education and Guidelines","What diagnostic laboratory tests evaluate student questions?","Diagnostic evaluations include complete blood counts (CBC), automated serological assays, molecular nucleic acid testing (NAT), and microfluidic crossmatching.","student questions,guidelines,blood science,safety","intermediate","National Blood Transfusion Council / WHO","https://www.who.int/initiatives/blood-safety","educational"
1192,"Student Questions","Education and Guidelines","What is the historical evolution of student questions?","From early direct transfusions to modern component therapy, leukoreduction, and computerized inventory networks, the understanding of student questions has made transfusion medicine exceptionally safe.","student questions,guidelines,blood science,safety","intermediate","National Blood Transfusion Council / WHO","https://www.who.int/initiatives/blood-safety","educational"
1193,"Student Questions","Education and Guidelines","How do international standards regulate student questions?","International bodies such as the WHO, AABB, and ISBT set harmonized standards for student questions covering donor qualification, component preservation, and hemovigilance reporting.","student questions,guidelines,blood science,safety","advanced","National Blood Transfusion Council / WHO","https://www.who.int/initiatives/blood-safety","educational"
1194,"Student Questions","Education and Guidelines","What are the key safety precautions concerning student questions?","Key precautions include strict sterile single-use equipment, rigorous donor eligibility assessments, temperature-controlled cold chains, and multi-tier blood testing before release.","student questions,guidelines,blood science,safety","beginner","National Blood Transfusion Council / WHO","https://www.who.int/initiatives/blood-safety","educational"
1195,"Student Questions","Education and Guidelines","How can the public support improvements in student questions?","The public can support the healthcare system by donating blood regularly, dispelling common donation myths, and encouraging community participation in voluntary blood camps.","student questions,guidelines,blood science,safety","beginner","National Blood Transfusion Council / WHO","https://www.who.int/initiatives/blood-safety","educational"
1196,"Student Questions","Education and Guidelines","What happens during emergency scenarios involving student questions?","In emergencies, rapid-response logistics ensure that compatible blood components are mobilized immediately to trauma centers while maintaining strict trace-and-track cold chain standards.","student questions,guidelines,blood science,safety","intermediate","National Blood Transfusion Council / WHO","https://www.who.int/initiatives/blood-safety","educational"
1197,"Common Misconceptions","Education and Guidelines","How does common misconceptions affect human health?","Understanding common misconceptions is fundamental to clinical hematology and public health. It ensures accurate diagnosis of circulatory and metabolic conditions and guides safe transfusion practice.","common misconceptions,guidelines,blood science,safety","beginner","National Blood Transfusion Council / WHO","https://www.who.int/initiatives/blood-safety","educational"
1198,"Common Misconceptions","Education and Guidelines","What are the medical guidelines for common misconceptions?","Medical standards for common misconceptions are established by regulatory bodies like WHO, national blood councils, and drug controllers to maximize donor safety, safeguard recipient health, and guarantee cold-chain integrity.","common misconceptions,guidelines,blood science,safety","intermediate","National Blood Transfusion Council / WHO","https://www.who.int/initiatives/blood-safety","educational"
1199,"Common Misconceptions","Education and Guidelines","Why is common misconceptions monitored in blood transfusion services?","Blood transfusion centers monitor common misconceptions to prevent adverse hemolytic and non-hemolytic reactions, reduce infection transmission, and maintain adequate inventory of compatible blood components.","common misconceptions,guidelines,blood science,safety","intermediate","National Blood Transfusion Council / WHO","https://www.who.int/initiatives/blood-safety","educational"
1200,"Common Misconceptions","Education and Guidelines","What role does common misconceptions play in donor screening?","During donor screening, protocols evaluating common misconceptions help ensure that eligible donors are in good health and that donated units meet all biological quality standards.","common misconceptions,guidelines,blood science,safety","beginner","National Blood Transfusion Council / WHO","https://www.who.int/initiatives/blood-safety","educational"
1201,"Common Misconceptions","Education and Guidelines","What are common misconceptions about common misconceptions?","Common misconceptions about common misconceptions often arise from lack of awareness. Evidence-based hematology and authorized blood services clarify that modern blood banking protocols are extremely safe and tightly regulated.","common misconceptions,guidelines,blood science,safety","beginner","National Blood Transfusion Council / WHO","https://www.who.int/initiatives/blood-safety","educational"
1202,"Common Misconceptions","Education and Guidelines","What is the physiological significance of common misconceptions?","In human physiology, common misconceptions contributes directly to circulatory homeostasis, cellular oxygen delivery, immune defense, and vascular equilibrium.","common misconceptions,guidelines,blood science,safety","intermediate","National Blood Transfusion Council / WHO","https://www.who.int/initiatives/blood-safety","educational"
1203,"Common Misconceptions","Education and Guidelines","What should patients and donors know regarding common misconceptions?","Patients and donors should know that common misconceptions is managed using strict medical protocols, and any personalized health decisions should always be reviewed with qualified healthcare providers.","common misconceptions,guidelines,blood science,safety","beginner","National Blood Transfusion Council / WHO","https://www.who.int/initiatives/blood-safety","educational"
1204,"Common Misconceptions","Education and Guidelines","How does scientific research improve common misconceptions?","Continuous scientific research in common misconceptions enhances pathogen inactivation, nucleic acid testing sensitivity, component preservation, and automated apheresis technologies worldwide.","common misconceptions,guidelines,blood science,safety","intermediate","National Blood Transfusion Council / WHO","https://www.who.int/initiatives/blood-safety","educational"
1205,"Common Misconceptions","Education and Guidelines","What diagnostic laboratory tests evaluate common misconceptions?","Diagnostic evaluations include complete blood counts (CBC), automated serological assays, molecular nucleic acid testing (NAT), and microfluidic crossmatching.","common misconceptions,guidelines,blood science,safety","intermediate","National Blood Transfusion Council / WHO","https://www.who.int/initiatives/blood-safety","educational"
1206,"Common Misconceptions","Education and Guidelines","What is the historical evolution of common misconceptions?","From early direct transfusions to modern component therapy, leukoreduction, and computerized inventory networks, the understanding of common misconceptions has made transfusion medicine exceptionally safe.","common misconceptions,guidelines,blood science,safety","intermediate","National Blood Transfusion Council / WHO","https://www.who.int/initiatives/blood-safety","educational"
1207,"Common Misconceptions","Education and Guidelines","How do international standards regulate common misconceptions?","International bodies such as the WHO, AABB, and ISBT set harmonized standards for common misconceptions covering donor qualification, component preservation, and hemovigilance reporting.","common misconceptions,guidelines,blood science,safety","advanced","National Blood Transfusion Council / WHO","https://www.who.int/initiatives/blood-safety","educational"
1208,"Common Misconceptions","Education and Guidelines","What are the key safety precautions concerning common misconceptions?","Key precautions include strict sterile single-use equipment, rigorous donor eligibility assessments, temperature-controlled cold chains, and multi-tier blood testing before release.","common misconceptions,guidelines,blood science,safety","beginner","National Blood Transfusion Council / WHO","https://www.who.int/initiatives/blood-safety","educational"
1209,"Common Misconceptions","Education and Guidelines","How can the public support improvements in common misconceptions?","The public can support the healthcare system by donating blood regularly, dispelling common donation myths, and encouraging community participation in voluntary blood camps.","common misconceptions,guidelines,blood science,safety","beginner","National Blood Transfusion Council / WHO","https://www.who.int/initiatives/blood-safety","educational"
1210,"Common Misconceptions","Education and Guidelines","What happens during emergency scenarios involving common misconceptions?","In emergencies, rapid-response logistics ensure that compatible blood components are mobilized immediately to trauma centers while maintaining strict trace-and-track cold chain standards.","common misconceptions,guidelines,blood science,safety","intermediate","National Blood Transfusion Council / WHO","https://www.who.int/initiatives/blood-safety","educational"